path,object_id,sha256,local_path
CUsersmitchAppDataLocalTempgame_signals_body.json,d8b17fc7585cbcaa221491bfa45929379c72a0b0,fbdf5484aee3f61c2c81640b616ccc27d0189344d65fe10a65e925752576717a,CUsersmitchAppDataLocalTempgame_signals_body.json
HANDOFF-motorica-copy-phase-2026-05-13.md,223444fe5fda28f75587132f673a219121a43d54,030f2b88d873a8166cc047b37ea6f3ddfe8052049ba0326dc95bb08926cad073,HANDOFF-motorica-copy-phase-2026-05-13.md
HANDOFF-motorica-copy-phase-2026-05-13b.md,044a1f8391862b2f3a94617ffe5eb6bbf1b9df40,1dcddb4ebdb6e4c3903c187ed735eb0a7c63d1e5f4928f535b8fe6fce2f98e75,HANDOFF-motorica-copy-phase-2026-05-13b.md
HANDOFF-motorica-dashboard-2026-05-12.md,2fcd86c6a72f0005d42b172c76f35345fe57e457,fffcb954b279b05b303fcdc464996dd46f436acc1f58151e17144a9256d163c3,HANDOFF-motorica-dashboard-2026-05-12.md
HANDOFF-motorica-dashboard-copy-2026-05-13.md,60b8da165bf0ca64b8667215e814507467b4aaa9,f31ac243aec375b5b681168658b9732c738ebae967e9a210cbd0075426972566,HANDOFF-motorica-dashboard-copy-2026-05-13.md
HANDOFF-motorica-domain-fix-2026-05-12.md,904a55c53898441812c98fb893ec54e77f1316d0,470aa9ebd0951f6038ba2ca190d730c35f1564dfd7f1e23cff8da048a706d0aa,HANDOFF-motorica-domain-fix-2026-05-12.md
HANDOFF-motorica-e1-subject-lines-2026-05-14.md,915a4b2e03d00cadbc922815c432447a1e4d2425,6be1532da25c8905346e6265138a0e624545ca21f5c915ebc27f6b8829cbbdd2,HANDOFF-motorica-e1-subject-lines-2026-05-14.md
HANDOFF-motorica-e2-rerun-2026-05-13.md,e5d3901bed7ea96531949f825c78db10a679ab49,1707c06d81687a81f0285222a02742337b4350bf83dbba4a6da59170124329ed,HANDOFF-motorica-e2-rerun-2026-05-13.md
HANDOFF-motorica-signal-expansion-2026-05-13.md,8c1462bbc15ea66b8a0ec95416e08b84ca32a39c,08e8e329af828390c3e46ac5d898e9e1a76879bc2ae951d8c13322571e977558,HANDOFF-motorica-signal-expansion-2026-05-13.md
MOTORICA-CAMPAIGN.md,7e9710dd612e306e4253ff7114170b889cbbc6c3,8b18f2bbeff3c6b8ed7d5f7cad6b5641b3a7574173dfd194940826478eb9eeb5,MOTORICA-CAMPAIGN.md
baselines/ac-pre-run-20260517T1335.json,28f648c0f5386a15cccc8c212c3690e02b05a9ec,77d76c4d19567e21a88e0e6de54201306d2596f66ff5f3acb35e6934b9bc9670,baselines/ac-pre-run-20260517T1335.json
baselines/ac-pre-run-20260517T1336.json,26c535e9d2b01f39faf11870c9fa08f1c7083e13,993fd00c87a54fb6d738a2290d866ccb1655dbe03b9c3a603631486694c36ed2,baselines/ac-pre-run-20260517T1336.json
baselines/ac-pre-run-20260517T1338.json,21badee936222748f88c891d08582c8607ede543,efb744652036746636106d6c5963ed2e22f3d1bec85083eec6dae74be9a77ed8,baselines/ac-pre-run-20260517T1338.json
baselines/ac-pre-run-20260517T1748.json,7b3a1ba6dc13f87ce1d4a412bf21414d3fef2217,bb3c80b7a47b095577de4ab910210a4caf3b36fdfde6eb73cd1cf68f1ef03955,baselines/ac-pre-run-20260517T1748.json
baselines/ac-pre-run-20260517T1758.json,9f9dbb79eb61b0285d4dba4082513cae733ff94f,21456a950be986d478dc86cf82d3df5b88fea1baac9699afa684c11263e7e4a9,baselines/ac-pre-run-20260517T1758.json
baselines/ac-pre-run-20260517T1806.json,78d31a30a1638b7f19e5e553f7575cca5c0d370a,42cbd6dc56738c56631ef7d9e45edd7d21553efcf331a895570cdb7fe80c9b91,baselines/ac-pre-run-20260517T1806.json
classifiers/saas-b2b/data/_fresh_holdout_sample.csv,df2dc29953ecc9726db69b729fab4c85c7ac0927,23924613390c3540ef43e668f46b516851f27e04ac755fbd6cb2cd91bc958135,classifiers/saas-b2b/data/_fresh_holdout_sample.csv
classifiers/saas-b2b/data/audit_live_fetches.json,36110b54ec2768fbd2b9e5c9cad0ee1d982464ca,85136381589248acfe10279ff68a98f17fe244cc1762dfc6f82a1fe7d3a42f96,classifiers/saas-b2b/data/audit_live_fetches.json
classifiers/saas-b2b/data/cache_policy_a.jsonl,44e917cce744c72c69b9b9c1adcfde83b825ac78,9bdfa5e5e80efe7625e9fe8737dab4e9aa0adf750f861369def54e7b162b2e7d,classifiers/saas-b2b/data/cache_policy_a.jsonl
classifiers/saas-b2b/data/cache_policy_b.jsonl,87739ccc550ecbd585e162f955aafd29325eb7d7,ca5b0a636265b3ddc38ea60e5649876fbbe0b1d97ab2e9a85b35478b93bd57a1,classifiers/saas-b2b/data/cache_policy_b.jsonl
classifiers/saas-b2b/data/firecrawl_spend.json,57e568c367df154090aee3d0dacb788ce606b5d9,4b54b113904ea77c14fb933d7d6db8278537e134ebabc8044ef749533689f2bb,classifiers/saas-b2b/data/firecrawl_spend.json
classifiers/saas-b2b/data/fresh_holdout_100.jsonl,e4b2824e94c14638a6ad601741496d57b52fb285,435d0339c276b8825f91e434ab6e943413642751243571c267c1e1bbf45f6fb7,classifiers/saas-b2b/data/fresh_holdout_100.jsonl
classifiers/saas-b2b/data/fresh_holdout_100_labeled.jsonl,2f373c202bcb9245bb956c367d3deb29eb824736,3f05757e57e89e86cdbd473cf184b6dd1478fc8905fa13782f636856944cbd52,classifiers/saas-b2b/data/fresh_holdout_100_labeled.jsonl
classifiers/saas-b2b/data/gt_seed.jsonl,d717ede96f162fde20e67094823503894c731376,b107c3c07e549a6f7aa158580a0b48c300bb6942d4c14667d8fdf7482412684f,classifiers/saas-b2b/data/gt_seed.jsonl
classifiers/saas-b2b/data/heydigital_anneal_100.jsonl,33db7dca69a2094332bd52738ccb70789539aa43,6be373afaa07a813b3e084da4232ef5e49c0d34ce5369036ce5d759d5271fd20,classifiers/saas-b2b/data/heydigital_anneal_100.jsonl
classifiers/saas-b2b/data/heydigital_anneal_100_labeled.jsonl,f2f0b5fd8421ef15d1e14e137441578746ee4525,8fd9887485147791586760615b4d748545c6f0254df62e32cef3bfae3410d088,classifiers/saas-b2b/data/heydigital_anneal_100_labeled.jsonl
classifiers/saas-b2b/data/heydigital_holdout_100.jsonl,0413f35429492384f5ff1e9b28202b4efd77cd58,72dca36d7d7a4db1dba5ff0ea1278dd9f8777f0d05c5ec3316d9958d64535b30,classifiers/saas-b2b/data/heydigital_holdout_100.jsonl
classifiers/saas-b2b/data/heydigital_holdout_100_labeled.jsonl,18beaa0ea5e02b0b346805929d18c78f3b7113f2,5dad8372c7f91e291411eeb7fd21c50d0ababa0443d5b85be6f11a4bf52ed2d3,classifiers/saas-b2b/data/heydigital_holdout_100_labeled.jsonl
classifiers/saas-b2b/data/holdout10_120.jsonl,2d52f51ce43687eabc4eef19c29c49606ac4839a,2c257713d5d1eac9329b20bf5c85e3b7189a3facaba900dacb1a35362e74159e,classifiers/saas-b2b/data/holdout10_120.jsonl
classifiers/saas-b2b/data/holdout10_120_labeled.jsonl,d2f185721d4980a1c7f802ebec5dd0482f26575a,499b2ffbdecd940c6abd6acc958761f724834c4ed0a0d3ca238ebee68163b432,classifiers/saas-b2b/data/holdout10_120_labeled.jsonl
classifiers/saas-b2b/data/holdout10_misses.jsonl,637b209c3061e2089926fffdf50c6fc942a2340f,f0887725bc0e612329b7ba82057a840f9a6d0621eed87ea7004b3c445177f59f,classifiers/saas-b2b/data/holdout10_misses.jsonl
classifiers/saas-b2b/data/holdout11_120.jsonl,68187715213d3ca0b3ede9a80c1d48518757d51a,423b0035e0d5cd892dcc5d8509294af55db9cfa7c452828db61d009555ec3ecc,classifiers/saas-b2b/data/holdout11_120.jsonl
classifiers/saas-b2b/data/holdout11_120_labeled.jsonl,1be580c256b660204c574640493ff6a3fadb0d7b,55eee55ad25882c471312b32c4e101adc5ab9e5e916315ac702bb55584715d3b,classifiers/saas-b2b/data/holdout11_120_labeled.jsonl
classifiers/saas-b2b/data/holdout11_120_labeled_v3labeled.jsonl,1ad98e3aa3a438ab50d2f7884e5f0975fc490096,fec49b6d889667cc752ace243b81cbc1012086b636a2c16fa57a133aa7a43c99,classifiers/saas-b2b/data/holdout11_120_labeled_v3labeled.jsonl
classifiers/saas-b2b/data/holdout11_120_v3labeled.jsonl,1ad98e3aa3a438ab50d2f7884e5f0975fc490096,fec49b6d889667cc752ace243b81cbc1012086b636a2c16fa57a133aa7a43c99,classifiers/saas-b2b/data/holdout11_120_v3labeled.jsonl
classifiers/saas-b2b/data/holdout11_misses.jsonl,722278dcf70db6149ee5a42d2af26f7347571038,9ca759491168b5610ff63d33536461b3d65690a95be41a2230e5d5e356d2e451,classifiers/saas-b2b/data/holdout11_misses.jsonl
classifiers/saas-b2b/data/holdout12_120.jsonl,2ec9be77b682559857a686629c50770f4ab08b0a,5d3d17ec1e397c5ada36b415b6e8acd122d2977c727a288e40b4f8bad257bfff,classifiers/saas-b2b/data/holdout12_120.jsonl
classifiers/saas-b2b/data/holdout12_120_labeled.jsonl,f7bc06698735a794daceca6fb4cf60a38120f8fe,12a72fc330426e1f697614c3718fac295cb08c67812626ccd8efcbbd40b23707,classifiers/saas-b2b/data/holdout12_120_labeled.jsonl
classifiers/saas-b2b/data/holdout12_misses.jsonl,28ff9a8b9942c07d6daeabbfc58c8f641bbdbe34,c4f77776af9ff6cb70d7a6530612ec6da487d9cc064c65069192f48ee0202e3e,classifiers/saas-b2b/data/holdout12_misses.jsonl
classifiers/saas-b2b/data/holdout13_120.jsonl,99767285edf66cc8dabcfe39d35497370e930aee,f5907109d4acb9493971fe770416f6243f510a3e36062f070b110358566d14e4,classifiers/saas-b2b/data/holdout13_120.jsonl
classifiers/saas-b2b/data/holdout13_120_labeled.jsonl,6bcc75ffad2590de84b3f48f21236c1ca4535440,14caeb76baf1d88dc49fdc10ef24af3e5eda6b63aee714a09b12f9aad460b55d,classifiers/saas-b2b/data/holdout13_120_labeled.jsonl
classifiers/saas-b2b/data/holdout13_misses.jsonl,37f2c25a97523e5725261a8ed40260654c1d43c9,5cf38b1e71f7ab8309014212f0b3caf7ee56e1b55b67914cab35dc7a505ca0e3,classifiers/saas-b2b/data/holdout13_misses.jsonl
classifiers/saas-b2b/data/holdout14_120.jsonl,99ec05620c4779e76c25a53f698809cd2e99099f,13eb3d739cae9ceb4b932d7b29c7380cd1126a79491a72962e9762ccbd26e5ae,classifiers/saas-b2b/data/holdout14_120.jsonl
classifiers/saas-b2b/data/holdout14_120_labeled.jsonl,6da1d71a98734c3020c53c33611f1fdd11ecdc78,5872509700f896d734735d613952b73e43d4798ff54b82aa7aa67e0db623f7e2,classifiers/saas-b2b/data/holdout14_120_labeled.jsonl
classifiers/saas-b2b/data/holdout14_misses.jsonl,36f61f560a34d7546597af212391f7ae52f7b25f,0565cb14087a9ad84f96ffb0dd90c0191c0a7173bde91f4eb1dd1d9f4523612e,classifiers/saas-b2b/data/holdout14_misses.jsonl
classifiers/saas-b2b/data/holdout15_120.jsonl,6adffd0d9bcbc1df4f5bf0230d9d33e6cb83f566,b71333999a6a720f4b75cd23a009698922d429a90f0fd1e0fa5b731e82aa9558,classifiers/saas-b2b/data/holdout15_120.jsonl
classifiers/saas-b2b/data/holdout15_120_labeled.jsonl,24d6a666c1020e2942aa662c45b125600cd94a67,bee1468d5d78a0dc7d14a9b31120648e705bebaefd1b2e480ea18ef4133edd4f,classifiers/saas-b2b/data/holdout15_120_labeled.jsonl
classifiers/saas-b2b/data/holdout15_misses.jsonl,5e144bb8da0b07c267e97597fc6286399e49831f,c4b5b32dd7897b57a6fca3cf0b1680abc8ca591c063ec21a35f148b21d88051e,classifiers/saas-b2b/data/holdout15_misses.jsonl
classifiers/saas-b2b/data/holdout16.jsonl,11fee20f1952a4ba27bd9b9676475affc6ae8761,dd34ad174eb9767ed26c155a2881b0c5a900a90f899e8758ffb756cdf74377d1,classifiers/saas-b2b/data/holdout16.jsonl
classifiers/saas-b2b/data/holdout16_misses.jsonl,895d4d5b57d720902c5f9d1044cda59466c0f2a0,2ebff3338e38b863d3638d3d455c2e0930b519d8034c9d3f3e680bf48becc709,classifiers/saas-b2b/data/holdout16_misses.jsonl
classifiers/saas-b2b/data/holdout3_100.jsonl,eb7861e7ca6f6623b8ef61cca466c8591e9af195,ca7de8661058a2adea8ae5ef8e8eda3ead63231782103457dab671a90dd2f5ea,classifiers/saas-b2b/data/holdout3_100.jsonl
classifiers/saas-b2b/data/holdout3_100_labeled.jsonl,72a20a6e0da7337ebc311439e9d3b4fbcbff9ee0,14296f97dc888824c8cd4e28b35aa9fb6551de319c8ca0583b039c78239dff28,classifiers/saas-b2b/data/holdout3_100_labeled.jsonl
classifiers/saas-b2b/data/holdout4_100.jsonl,b8626ec366252ef124e75009f746c5453cd72390,2c86a184efe9a146ee53107fe92362d989c80753213a5dbe61424935e80b61b6,classifiers/saas-b2b/data/holdout4_100.jsonl
classifiers/saas-b2b/data/holdout4_100_labeled.jsonl,675ac19fa1da4f7d4a1dc54949903eaf0e0cb306,d6c253e38c4006d01160623966f3771a2541e917bd452113fdfbe4cc67349cae,classifiers/saas-b2b/data/holdout4_100_labeled.jsonl
classifiers/saas-b2b/data/holdout5_100.jsonl,9b447bd02faab05325ae06366792653620f8aef3,6efd58ae66d6d3cd3d3865302fc66b921f12da5ccb03cee94a00ad8ae87913a2,classifiers/saas-b2b/data/holdout5_100.jsonl
classifiers/saas-b2b/data/holdout5_100_labeled.jsonl,9622e3e61d3dddd6b4c9e27f562debbbd38fc54a,eb3aa41a6359248a77b327041e3bd8c108a87d67b2cfd330303cc193086d0777,classifiers/saas-b2b/data/holdout5_100_labeled.jsonl
classifiers/saas-b2b/data/holdout6_120.jsonl,84e3fc70225b7f243fd12a9968a967c3df59e01e,b76b600396854f4741ffcbd310d378849b9c5554ed82369c98802581ec5d5aed,classifiers/saas-b2b/data/holdout6_120.jsonl
classifiers/saas-b2b/data/holdout6_120_labeled.jsonl,476b8bf9e1feb0c7545a7e74e160bbce8e604184,57dbe3a2fc073624f5154cd2251c58b11ec3d635c037f4958bf2f741cf3af5ff,classifiers/saas-b2b/data/holdout6_120_labeled.jsonl
classifiers/saas-b2b/data/holdout6_misses.jsonl,035f46d14631ef4bc51c40baa80d53dd6f4edc1c,637a3bc9cd4e60f48cbc194d053388f9ee9fd01986faf7a234cca5b5c046cf13,classifiers/saas-b2b/data/holdout6_misses.jsonl
classifiers/saas-b2b/data/holdout7_120.jsonl,23f272c20b88e3c719eaa1c936c40892e70b733d,33216aabd434d002e4f90efc709e2a8edf47b398dc2e223144a3321fadf506e0,classifiers/saas-b2b/data/holdout7_120.jsonl
classifiers/saas-b2b/data/holdout7_120_labeled.jsonl,d8ac14482ed692e2e330d1babe4bdad95585364c,c764363dfbbb4be49140c502855fc9923593c03f70857df18849480c2f4c3784,classifiers/saas-b2b/data/holdout7_120_labeled.jsonl
classifiers/saas-b2b/data/holdout7_live_fetches.json,ab1e6724128fa557d5bae299ed42f324133afaee,4e69417d440ea5e8825ee6449f4115a0686e9b2287b37befade44b68e4ff905c,classifiers/saas-b2b/data/holdout7_live_fetches.json
classifiers/saas-b2b/data/holdout7_misses.jsonl,3997287c4f4cddc039476124b1ac1cc8c4369a53,d8a0e7b12715f5925d30a35cbcd9be47692aeecf825af604ed5e8279ed5375ff,classifiers/saas-b2b/data/holdout7_misses.jsonl
classifiers/saas-b2b/data/holdout8_120.jsonl,860be00647264d0c2ded4fbf5beceaa882e17b51,4c209ba5d1a7ee04ed7748080bc1f83f3bb047c182c8d3c5436695da88a02ba5,classifiers/saas-b2b/data/holdout8_120.jsonl
classifiers/saas-b2b/data/holdout8_120_labeled.jsonl,5be78496c4aaa525c092094227716ce59379c73e,abd5b4e3cbad9b6f214dd74d1ed1296effe5024b017659a2339be61c9d57d6f1,classifiers/saas-b2b/data/holdout8_120_labeled.jsonl
classifiers/saas-b2b/data/holdout8_misses.jsonl,7c0d6abd58671de609903cceac35a6e4c2cca8a6,ab8dc80179ee250e92c1e7f1bc52c1d8ceeb92b8380fa9bb9b1c99f4557b7e8f,classifiers/saas-b2b/data/holdout8_misses.jsonl
classifiers/saas-b2b/data/holdout9_120.jsonl,d0209e5bd74641af740dcc8e0ed88f65bad784e1,54aafaf83c938f8706990a526d98b4482c3ffc1b490ecddd7009017327ffb71c,classifiers/saas-b2b/data/holdout9_120.jsonl
classifiers/saas-b2b/data/holdout9_120_labeled.jsonl,7f87b387d442cf29f0b6550aa88f570400e4557b,173c4a41656a0afdcc9a71ff19a76ab95a69d3a4c7366c5c39121f87fd0512dd,classifiers/saas-b2b/data/holdout9_120_labeled.jsonl
classifiers/saas-b2b/data/holdout9_misses.jsonl,3e03772bf3d2187c31e3b661b540d7d045ecc7a4,113a68793b7481872e5b94b174a3a847fa0a8ed40a3ba8269bd358b6f7bab563,classifiers/saas-b2b/data/holdout9_misses.jsonl
classifiers/saas-b2b/data/holdout9_misses_p12.jsonl,3bcbf7bd8d033962354691819165010fd1bd1572,9d48bb90eb54ad86536fb580f854df8e92e9f097e5fb92e1e26ab38f165d0b93,classifiers/saas-b2b/data/holdout9_misses_p12.jsonl
classifiers/saas-b2b/data/ourdb_100.jsonl,878b3e86f945f5eb0364439234d4d3392b1be0c3,30ca482885ec6db436e2381cb43587dd61b0e4483e82697fc03ec218a0a4d2ea,classifiers/saas-b2b/data/ourdb_100.jsonl
classifiers/saas-b2b/data/ourdb_100_labeled.jsonl,87ca74b3c02d28da045038304fb302fc7d19f436,0768c3dd87443c688d3b92a514202b99d2fdab244bfb269e3f3ed90ce6ceedf4,classifiers/saas-b2b/data/ourdb_100_labeled.jsonl
classifiers/saas-b2b/data/smoke_test_domains.csv,857bac08d64ad07cde56faa7dcd21b55eaeed823,63a407d3b38e4782fa560e7874076a6d5b8979cd3e02584d111c8da18e5e1c3e,classifiers/saas-b2b/data/smoke_test_domains.csv
classifiers/saas-b2b/data/smoke_test_out.csv,73a3d845ecdcaa2a9197e57cd5e0dd4862b13b59,5363de632d712ac91fe6f24ff6d8c8aa856db58148aebf7021bb02760a7b7233,classifiers/saas-b2b/data/smoke_test_out.csv
classifiers/saas-b2b/data/vote_cache_burned.jsonl,bee02b723229d03d7d758170eef6f1e1c6d7b5fc,0c596d870cec0189811559dd8e5710dbdee7faffba6cf56e51bd2cdaed779381,classifiers/saas-b2b/data/vote_cache_burned.jsonl
classifiers/saas-b2b/data/vote_cache_holdout10_frozen.jsonl,066d8c227eff2a52e63457f32422c48f2c3fe712,a05a68eeb07ba323aa00b5ca108d8c9acab02ad098662e111e12225f14e751ce,classifiers/saas-b2b/data/vote_cache_holdout10_frozen.jsonl
classifiers/saas-b2b/data/vote_cache_holdout11_frozen.jsonl,c464bdc92862ae993ba6fc84c5116094323aaf2f,0d626b8bf9d078d105801ce17ce33a04eea1930b89f47b23b30aaaa2a73b3724,classifiers/saas-b2b/data/vote_cache_holdout11_frozen.jsonl
classifiers/saas-b2b/data/vote_cache_holdout11_v3_calibration.jsonl,c3e5a698cc7bafd554f1b3a7857eeb14d921d268,25a41680256cf1da7a36b48f4b762c11332b9ad8c3d76ee33f2d5581a4717478,classifiers/saas-b2b/data/vote_cache_holdout11_v3_calibration.jsonl
classifiers/saas-b2b/data/vote_cache_holdout12_frozen.jsonl,01a89f6c79ed947762fa8d77b61964e2fc22af28,2c8efc2e78705f94af8faaa2cc0ad1c6675695f7f3f7f2e608d995497c2c97d3,classifiers/saas-b2b/data/vote_cache_holdout12_frozen.jsonl
classifiers/saas-b2b/data/vote_cache_holdout13_frozen.jsonl,44ee7977f323711a7d698682ad9d4775c6979e7b,4d88a5a0bec7b3927fe05424adbb9fb0a99eca53628132cb8089584f6772ef50,classifiers/saas-b2b/data/vote_cache_holdout13_frozen.jsonl
classifiers/saas-b2b/data/vote_cache_holdout14_frozen.jsonl,43d929b40b7c4646d4a1629a95dcd85a0ff702b7,96d35f015ed3130085c0e5c28302b8d90c8b927aab83cffbadcf7b4633d646f6,classifiers/saas-b2b/data/vote_cache_holdout14_frozen.jsonl
classifiers/saas-b2b/data/vote_cache_holdout15_frozen.jsonl,f2d0ef3f77c3b433ce1df85546bcc975e47ecde9,4f7f3d03a3160505a5d0e3b82b30be9b61508ad87883b80e87550d08efbac477,classifiers/saas-b2b/data/vote_cache_holdout15_frozen.jsonl
classifiers/saas-b2b/data/vote_cache_holdout16_frozen.jsonl,bf9e8c0a139649e5c464078e22657607569c78af,1ed3cbd0d432ef4609233b3c4983b73393ebaffbea7daad2fb3cc30f0f7aeaa6,classifiers/saas-b2b/data/vote_cache_holdout16_frozen.jsonl
classifiers/saas-b2b/data/vote_cache_holdout7.jsonl,559075241e1c644f4ebf8a7b44041fbb47f322d2,c67c4fb332006b12728f8cb9bd4b4506602c8ed47e8d873689e844a97d4cc80d,classifiers/saas-b2b/data/vote_cache_holdout7.jsonl
classifiers/saas-b2b/data/vote_cache_holdout8_frozen.jsonl,4ef18cd58639963ed93121d98863eb732730d8c0,0f3cc9afb80ed0199aa3bcbc15a0d4eab6f65ca6c8c5afbb0609432bbaf8d89b,classifiers/saas-b2b/data/vote_cache_holdout8_frozen.jsonl
classifiers/saas-b2b/data/vote_cache_holdout8_p12.jsonl,ac3e8fb487fe1a752d0e12cc56e3c310215409dc,1056a8fdb43c2fea70696fff4b84bac93c516b151379403148dad91fa40c904f,classifiers/saas-b2b/data/vote_cache_holdout8_p12.jsonl
classifiers/saas-b2b/data/vote_cache_holdout9_frozen.jsonl,3504e0c949ab866f877940902f4ec27d53b905a1,b4c3337a5ee9088234f3577dedae6880c8a30315339a191c5da2957028d5b215,classifiers/saas-b2b/data/vote_cache_holdout9_frozen.jsonl
classifiers/saas-b2b/data/vote_cache_holdout9_p12.jsonl,85556e436b58cadeac0470ae81d78c4f9af90003,6bbce20e453d8a7e4c178da6534a2241161db4ed90f80e84437da71afea06e24,classifiers/saas-b2b/data/vote_cache_holdout9_p12.jsonl
classifiers/saas-b2b/data/vote_cache_phase10.jsonl,a99b7c05175bcf771a2193b123e0cdacaaad6dc5,9a2150367d114527d97804c30afeec2c490a963c08833971d01801a7e90c518e,classifiers/saas-b2b/data/vote_cache_phase10.jsonl
classifiers/saas-b2b/data/vote_cache_phase15_eval.jsonl,eace5dfe8f8272927a4a40eb4f28eccc6164c201,a1d2d5142504acff33a519b615d5e3aedce1cf53e627371832619a3683cc048a,classifiers/saas-b2b/data/vote_cache_phase15_eval.jsonl
classifiers/saas-b2b/data/vote_cache_phase16_h11.jsonl,025373da123e6b3d5ea1dee5909734222252e22b,b09a18f46d1f18af8e302c804fd747ebe1931c25684712113cd1d856d5408a39,classifiers/saas-b2b/data/vote_cache_phase16_h11.jsonl
classifiers/saas-b2b/data/vote_cache_phase16_h12.jsonl,6a638f13f2566e5a05827f47a712b9a7c820c629,f51eda6826ef5628a100bfa69575f06cbcdba1f2cd9dfabb87fb9567e647ab8a,classifiers/saas-b2b/data/vote_cache_phase16_h12.jsonl
classifiers/saas-b2b/data/vote_cache_phase16_h13.jsonl,eb9d808d29b862e24b05e0e9d7ff89c992dde3d2,ffae23d30182f355b75b25a876804c3bb6a030184c0ec6853797a8ab4a2e3d1b,classifiers/saas-b2b/data/vote_cache_phase16_h13.jsonl
classifiers/saas-b2b/data/vote_cache_phase17_h13.jsonl,763acc575132b2812957c97bad1ae958102fef95,08ac45ba55283268b2abeed27f7504182c30d02407243d47bd22d2e5e98c39e9,classifiers/saas-b2b/data/vote_cache_phase17_h13.jsonl
classifiers/saas-b2b/data/vote_cache_phase17_h14.jsonl,e6ab0b34cbbaab2048ec421ba1c5f0c7aecc306d,cd4ed27e495fecc8cc42468bb41f315e324a408f3bbebac049ee7f1de73c8f3c,classifiers/saas-b2b/data/vote_cache_phase17_h14.jsonl
classifiers/saas-b2b/data/vote_cache_phase9.jsonl,c912d22df58a070fecffe5b05e17f574674a5ae3,b9263fbfaea26dbf48f681001dc87edc92258fd5f7f7fd1a0e6217b97c0f7cb1,classifiers/saas-b2b/data/vote_cache_phase9.jsonl
classifiers/saas-b2b/data/vote_cache_smoke_test_out.jsonl,2ee34f53a1d752d5c022464d72c76a42f853279f,194b9bf7e45e995524dc84d6e0af3089b07284a7e5c66494ac13deae5e6ea7fc,classifiers/saas-b2b/data/vote_cache_smoke_test_out.jsonl
dashboard/motorica-campaign-pipeline.html,f9dd162238af64979487b0705efe5e3cc29b600d,4a08facf48982665ebff02d1ea3fa201b685c3556cb3142eb37f76b7d0fc16c4,dashboard/motorica-campaign-pipeline.html
dashboard/vercel.json,1e05c6366a5524b2caffdc6dd088562d55bb51b1,914be217b7327e1380abe8a1471dbab21c864d320ef53376f2590e022b952740,dashboard/vercel.json
prompts/agent-product-launches/anneal_log.json,4f8f812ee240e831fb2b17990e2cad0ea34a84c9,e06435da35e1e60ecdc28e1a76cc9c9db29c59af1d5306c446d83afdd409c5f5,prompts/agent-product-launches/anneal_log.json
prompts/agent-product-launches/candidates/v001-baseline.json,b778e6713a4f18fd7d726283adc390b2dce78ff8,0053e11446d51ca63b011d1c104dce0fb81581620a4ad2992436fc0e29d85a6b,prompts/agent-product-launches/candidates/v001-baseline.json
prompts/agent-product-launches/candidates/v002.json,d2764987ab1e8997a9f7cef716469532b7ff9a26,c3fa1a8b291b18a02211681f97938d095706571c98d8195d98e963b7801a5123,prompts/agent-product-launches/candidates/v002.json
prompts/agent-product-launches/candidates/v003.json,e4aa259f593fb7c646b7620f0f159252077b0ecb,afef34ff4571216c302fb224537d07320915d40bda81f3da8d916e132767ccd1,prompts/agent-product-launches/candidates/v003.json
prompts/agent-product-launches/candidates/v004.json,1d0d5e560faa0bd693682b3f5c8016117b7f2662,1e4b78d1f39bd1da11517b18d0cb078a6eaf170a8750ad14be5df392315404d3,prompts/agent-product-launches/candidates/v004.json
prompts/agent-product-launches/candidates/v005.json,58656b601d9dc7c48c0e9d529d066fe4f08c50ec,39d42e3a00c63a959bc7597def1cd27b5cdeb1a997103138fe981e697e19b565,prompts/agent-product-launches/candidates/v005.json
prompts/agent-product-launches/candidates/v006.json,1214d9b20b08c6d43f92f612d11c20c033aee550,34e6965271652c046d31eed4108a5d97cf6b7c0bfae7600f6b49bc55c0b55bf4,prompts/agent-product-launches/candidates/v006.json
prompts/agent-product-launches/candidates/v007.json,554b051746721080dced9ab201d8e36aeb793d0d,a69e12194d2b3b7c80c40bf2158b248c014c4dfdfe6fe9ebb2b58a5a47a72f0f,prompts/agent-product-launches/candidates/v007.json
prompts/agent-product-launches/candidates/v008.json,e537f45616b05a4a157397064468538d29d5fc45,d5a2687f7cdaf4bbaf783befc2a5816881f768e5b06c949d6bcd74c6e3f08e52,prompts/agent-product-launches/candidates/v008.json
prompts/agent-product-launches/candidates/v009.json,17db62708d4bf8e7d9b4b81c3e8899fbfbedbdae,ad46af7655a337e2b0534613fbd8b50216e461f4dd0afbd878de8edecb32e4cd,prompts/agent-product-launches/candidates/v009.json
prompts/agent-product-launches/candidates/v010.json,94222fa09367efa1d4360bece4c1151f1c20e64c,558b54fb6d2187da3590b395d53ba12abf34abb7336ac7449937b6fc1dd1813c,prompts/agent-product-launches/candidates/v010.json
prompts/agent-product-launches/candidates/v011.json,7266fa5eafced68125f7f3c67746ecc5a73eec9d,ca346743d4deb0b98c932415ac9ceff3212350fd77e438bb7c39739ca196a8a0,prompts/agent-product-launches/candidates/v011.json
prompts/agent-product-launches/candidates/v012.json,a5b8992cffb92231d821ea7e3aa01cd7378ef2a5,f0300f831677e7d499bee27de39940a79aa9fcb1d422f9c802746b29a082c9ec,prompts/agent-product-launches/candidates/v012.json
prompts/agent-product-launches/candidates/v013.json,c51b533233af92ebf1e3445ce278c80b8f3c03c0,4fd68e03217b7d0d606b98d4381184e7d7d7de917c519751e15c79d6e49d96e7,prompts/agent-product-launches/candidates/v013.json
prompts/agent-product-launches/candidates/v014.json,12b20bb3b8878ffbb17376ebb0b7ec8af74c7939,6a0643f5a23903a1fddc237691e1c91c60bdc41f1ccaf444b0ee7a601281aa9d,prompts/agent-product-launches/candidates/v014.json
prompts/agent-product-launches/candidates/v015.json,301a0371cb7115c1cabdc27753e293ec4dfaebd8,8e081a312ac9cdb06eaacb9eb9b8e831c0c912e0e836ffb480bf19035a32bdbe,prompts/agent-product-launches/candidates/v015.json
prompts/agent-product-launches/candidates/v016.json,9f2db23c95b54fe61e14d47b926873f8ae8afb05,695ba7ac5f4974b6ad4afff7a4221a29406adf437c7fbf1a8380c6dc63c3a218,prompts/agent-product-launches/candidates/v016.json
prompts/agent-product-launches/candidates/v017.json,4c8c877eec6c652886d4bae1b01e51ba7bc75609,aa3f8582a516bec267906884237f67c43727e9116dc292b9364c0f1d8b9b82af,prompts/agent-product-launches/candidates/v017.json
prompts/agent-product-launches/candidates/v018.json,26463ee94a3cb005705e56c4f9863843330c3eb5,0ff831de794275e7d092e6093fd7cb354b249d93c9a55e442411320e701a252a,prompts/agent-product-launches/candidates/v018.json
prompts/agent-product-launches/candidates/v019.json,9bfb49c4a9affb40827b2c6d3a4114dbc9499d05,5115072a5cac898887e598dc22b5ada27bac19807068c27ded57d5b4f139ce7a,prompts/agent-product-launches/candidates/v019.json
prompts/agent-product-launches/candidates/v020.json,6373c37d9795051855f527f064669a1024df4705,c31d1394c06a67fa04257414331c8885aa70886f0549c26f6c28b6eded2ca4ac,prompts/agent-product-launches/candidates/v020.json
prompts/agent-product-launches/candidates/v021.json,c0bab996642039439d002740d5964c9f70494b35,f6fb248b78db5119bea564d346be97e201e7b140c7a12f0718905d0a59a28fd4,prompts/agent-product-launches/candidates/v021.json
prompts/agent-product-launches/candidates/v022.json,f444eeb1be2a5ab9e2fed6efb31cf9f8e2738406,5c6541f3a096ad84ca754a264f2ed0c7f9deedfa219770dc0e7804944cd251e2,prompts/agent-product-launches/candidates/v022.json
prompts/agent-product-launches/candidates/v023.json,34947bf61793020106a2c76c06aabb2914a856e3,382165e1f1abac062522a2d51a08bae52c85340df642a7bb6f68aa5be22ab8f0,prompts/agent-product-launches/candidates/v023.json
prompts/agent-product-launches/candidates/v024.json,e59af894825c146b2d6ec92ecbe100ca7d097ea8,52b7dd7c913a08b375d3dd6ff502980a995f4d03ea31743a898e6f42b927ff5c,prompts/agent-product-launches/candidates/v024.json
prompts/agent-product-launches/metadata.json,52dc3ffe4d16c7cea42b44e10f9a038ce97adfac,cda3183c43a42817d3f6818a1fba12922806ba148cbb37a5634dcd88262a6952,prompts/agent-product-launches/metadata.json
prompts/agent-product-launches/runs/foundation-pvp_1000heads.com_2026-05-13.json,52c301b6b1270a746c98042354b2ed40d9cb09e5,195abb923977fd3dd752d5396d6d5447c37a8a5fd4515d19236beb97235a85f2,prompts/agent-product-launches/runs/foundation-pvp_1000heads.com_2026-05-13.json
prompts/agent-product-launches/runs/foundation-pvp_100devs.org_2026-05-13.json,2fd770d8903a64e4f9638e78c08ce54a1ff2bead,84f6830d4771ef477bcb8517a370182777b2e40f78de3c33b01d8b8d929bc926,prompts/agent-product-launches/runs/foundation-pvp_100devs.org_2026-05-13.json
prompts/agent-product-launches/runs/foundation-pvp_10up.com_2026-05-13.json,c72cfd4433185d37360a40d03187097fce0572d9,e83b3c5a5ef7607904844ed1f6449b8571c7cd8096a78c2bc7206251dd2ec264,prompts/agent-product-launches/runs/foundation-pvp_10up.com_2026-05-13.json
prompts/agent-product-launches/runs/foundation-pvp_1e.com_2026-05-13.json,d37bef024fea287b18e2b23882984d49d53e84d6,c0e08ae949cf09826ed5347f5ab3d01b0098e75d170c5a28e15cb3ce7a2ac657,prompts/agent-product-launches/runs/foundation-pvp_1e.com_2026-05-13.json
prompts/agent-product-launches/runs/foundation-pvp_1eq.com_2026-05-13.json,d2f171e434e0c702393fd41a5361fa40468930d1,27dee9b383ad568c8292ddfbe78a050e11e80d14fab983c2429e8a4110b56aa4,prompts/agent-product-launches/runs/foundation-pvp_1eq.com_2026-05-13.json
prompts/agent-product-launches/runs/foundation-pvp_1finity.com_2026-05-13.json,f8211c9a7b4b784bc5a340f77a6f119dd7dd4213,7f1514355d2bc47fd6102da037b38764f7e9df6bd558b318f3db76bc035e0960,prompts/agent-product-launches/runs/foundation-pvp_1finity.com_2026-05-13.json
prompts/agent-product-launches/runs/foundation-pvp_1rivet.com_2026-05-13.json,2fee51885b32a272ff167071ef1a508536e85783,495a978556db1f15625599d12b2f88f51a870cfac9096d5918aebd1395a66af7,prompts/agent-product-launches/runs/foundation-pvp_1rivet.com_2026-05-13.json
prompts/agent-product-launches/runs/foundation-pvp_1spatial.com_2026-05-13.json,c4cbfe05a07fe6d995dbd6dc690bf2ad348f5674,dfb0bbbb6260f6d040274ace44331a1ff20190d9125b610a6050064197359196,prompts/agent-product-launches/runs/foundation-pvp_1spatial.com_2026-05-13.json
prompts/agent-product-launches/runs/foundation-pvp_1worldsync.com_2026-05-13.json,d1f9d4af4967056f20003760600826f1e5f20a25,e732624b60c6012d476d83e077a27e31c2d81083f0ab33ba496c67381a91a332,prompts/agent-product-launches/runs/foundation-pvp_1worldsync.com_2026-05-13.json
prompts/agent-product-launches/runs/foundation-pvp_2n.com_2026-05-13.json,f217c7883275901e245b1848cfc0ab4b6392834d,9ebbcf48043d39e2bd4978d6f40380070da64e8fff863417a1ff3ba1e3894a25,prompts/agent-product-launches/runs/foundation-pvp_2n.com_2026-05-13.json
prompts/agent-product-launches/runs/foundation-pvp_3disystems.com_2026-05-13.json,b9d898bbb2fae109e988a5993b19bb5e34a61582,889cc656821b34560bf384e075da83930d995b2edce9d88b974c30b400e30afe,prompts/agent-product-launches/runs/foundation-pvp_3disystems.com_2026-05-13.json
prompts/agent-product-launches/runs/foundation-pvp_3pillarglobal.com_2026-05-13.json,7cbf7d8a25a1e3337afa527106b88a1417dc6e35,b19ce0245f1f5153cd857b32a34a1567e3479585a2bd207e8c36304247b179f5,prompts/agent-product-launches/runs/foundation-pvp_3pillarglobal.com_2026-05-13.json
prompts/agent-product-launches/runs/foundation-pvp_3playmedia.com_2026-05-13.json,d77531341e89efbae7969a6b2f2d5860670428a9,15e41c41d587d9bd4b6d4cd0c9715ec7915707cdc07921eac63273d001e21b48,prompts/agent-product-launches/runs/foundation-pvp_3playmedia.com_2026-05-13.json
prompts/agent-product-launches/runs/foundation-pvp_47billion.com_2026-05-13.json,2f8f84df1d696118c46d3cbdae8684cb5636a9c5,c46472ced5a1e79574e32b87146dee04f26a2a019831003d80bf56e828833393,prompts/agent-product-launches/runs/foundation-pvp_47billion.com_2026-05-13.json
prompts/agent-product-launches/runs/foundation-pvp_77soft.com_2026-05-13.json,dc5405c17b7803ff3001bc1116abedb70ace6501,da699f21c5fd06ac6c119726d4f636756968b6bb33f541c60b5aaa9c43e9e341,prompts/agent-product-launches/runs/foundation-pvp_77soft.com_2026-05-13.json
prompts/agent-product-launches/runs/foundation-pvp_8020.net_2026-05-13.json,399dadca79c31a9b946ff79bdbcb9c565924cde6,113b2b5619241b76bdcf53267dfa45e89b8465d59d749a74c29141b18394aad7,prompts/agent-product-launches/runs/foundation-pvp_8020.net_2026-05-13.json
prompts/agent-product-launches/runs/foundation-pvp_8451.com_2026-05-13.json,9290424380c86388285e1610c8e8788ad921a447,41fd990c8be92c50b2d0a673093dec13f0058532ca412ac7367d5c9d85fd4677,prompts/agent-product-launches/runs/foundation-pvp_8451.com_2026-05-13.json
prompts/agent-product-launches/runs/foundation-pvp_91app.com_2026-05-13.json,e7ca483e99eb35fab7ef60655c16f898cd6e0be1,373511924cba0371d8c96b5f60544023b16bf82c9116034a5efed523328110c1,prompts/agent-product-launches/runs/foundation-pvp_91app.com_2026-05-13.json
prompts/agent-product-launches/runs/foundation-pvp_a-dec.com_2026-05-13.json,7007fa933cac3ad8fc89372f09e96b1f314e8b9d,cd89bd0ec2b5c1e2e9fba651be7a439fe7de4f6d652ef87554124c80b211557e,prompts/agent-product-launches/runs/foundation-pvp_a-dec.com_2026-05-13.json
prompts/agent-product-launches/runs/foundation-pvp_a1qa.com_2026-05-13.json,01e46e2d867e78792df8ea097fb2450ca0bea4a2,528c0cd63933c395af6a3d1afa2e7221392fbf992aeea3a96d20998faeab5f5c,prompts/agent-product-launches/runs/foundation-pvp_a1qa.com_2026-05-13.json
prompts/agent-product-launches/runs/foundation-pvp_a3logics.com_2026-05-13.json,bb7460f1477d0bbe64d226580a4c03cfd86df41a,f89b41241cb5f72a76ccbeb7e0bee93e04f7457de9d5a1966e7c5e5e57827a87,prompts/agent-product-launches/runs/foundation-pvp_a3logics.com_2026-05-13.json
prompts/agent-product-launches/runs/foundation-pvp_a5corp.com_2026-05-13.json,2db1258f57dcdedb5b44ab27fbaf96c565c3a7d5,d42f111c5394ea34eab353901703980f2c742d885728679341541c5c595cff20,prompts/agent-product-launches/runs/foundation-pvp_a5corp.com_2026-05-13.json
prompts/agent-product-launches/runs/foundation-pvp_aacn.org_2026-05-13.json,6c4026d6c8b270719890e9481f69088ac96f97dc,4ba27217194c7e81b2f5e99c3d0386e68458c0fd5db68032d39e9d07de9fc9be,prompts/agent-product-launches/runs/foundation-pvp_aacn.org_2026-05-13.json
prompts/agent-product-launches/runs/foundation-pvp_aamlive.com_2026-05-13.json,164027745fa53b1a53cb0b898cf0955665d0959c,eb25e69b17a4502bec3481d95ce2c1066e79c402c6b36f9bdc638e86130f6afa,prompts/agent-product-launches/runs/foundation-pvp_aamlive.com_2026-05-13.json
prompts/agent-product-launches/runs/foundation-pvp_aaos.org_2026-05-13.json,b6e35c6c52c2facd137e71b083078e7e9e02115b,5811c5d661b54b4e26971a9d591162610392c502e44534f0ff861eedecc54123,prompts/agent-product-launches/runs/foundation-pvp_aaos.org_2026-05-13.json
prompts/agent-product-launches/runs/foundation-pvp_aapc.com_2026-05-13.json,bf935d4886f0a2104fe5d375e954895f7a494f3c,0c6d54c1a397a2d930e57f68534c1fcb1328b102fe91df5dcd50d7ac539b7a43,prompts/agent-product-launches/runs/foundation-pvp_aapc.com_2026-05-13.json
prompts/agent-product-launches/runs/foundation-pvp_abacusnext.com_2026-05-13.json,51e8d2d12fa9f23411d240b586e5e8576589b1f4,3fadd1ea814c213a05d4b776acbdd3b1644c9f73e33b45c9145c149aa259dd23,prompts/agent-product-launches/runs/foundation-pvp_abacusnext.com_2026-05-13.json
prompts/agent-product-launches/runs/foundation-pvp_abdynamics.com_2026-05-13.json,fc22af1c63bf0b1b9145f9abd84755b1e0ab16ba,11b3b964b1acf3007f50d736f1d39da9636a3706ee2e9253a2af2464ee2071fd,prompts/agent-product-launches/runs/foundation-pvp_abdynamics.com_2026-05-13.json
prompts/agent-product-launches/runs/foundation-pvp_abilis-solutions.com_2026-05-13.json,6c4f153b3763fb25d5171078815510089a44feb7,50ea0ff16aee759db6ed059d833a58c747035c304bbfd0977cea0cbbbf000526,prompts/agent-product-launches/runs/foundation-pvp_abilis-solutions.com_2026-05-13.json
prompts/agent-product-launches/runs/foundation-pvp_abjayon.com_2026-05-13.json,5ebfc909e24d99993c59a7c268a69cb92df3ed81,c3a978f62c4a9c7d5c25c2b7b4865c3092ef72e196b5d56a5e9b700a0b1ffb54,prompts/agent-product-launches/runs/foundation-pvp_abjayon.com_2026-05-13.json
prompts/agent-product-launches/runs/foundation-pvp_abs-group.com_2026-05-13.json,023854dd85e96d0884f4f95da729a095ea1018a9,4b4da505239fb3c3f8063f2400187131695f4d86b440cf871705e1d4bbfe1791,prompts/agent-product-launches/runs/foundation-pvp_abs-group.com_2026-05-13.json
prompts/agent-product-launches/runs/foundation-pvp_abstraktmg.com_2026-05-13.json,af107a15cd58e8648f270b7219e36f150ad38165,d175a312d9491a020d54b42c962b73bb0d0dc6bd2396d6a97f98183f0450e058,prompts/agent-product-launches/runs/foundation-pvp_abstraktmg.com_2026-05-13.json
prompts/agent-product-launches/runs/foundation-pvp_ac3.com.au_2026-05-13.json,dfff2abc30a921acda2a9d73bcf33bd163f1a561,3dc8aaeb4b6e804feb446e8b194d58cd05f0da8bc7734c1186d738baa42907fa,prompts/agent-product-launches/runs/foundation-pvp_ac3.com.au_2026-05-13.json
prompts/agent-product-launches/runs/foundation-pvp_acadia.io_2026-05-13.json,427e4b267b3eb279491bae577f38287cdc4338ca,6fdf7c2062933f160f30100fc5ea9f63728c903e0779b3f9ad9f58c1e79635ec,prompts/agent-product-launches/runs/foundation-pvp_acadia.io_2026-05-13.json
prompts/agent-product-launches/runs/foundation-pvp_accelalpha.com_2026-05-13.json,b925666251b42a8755ef55efb04e44c659241de4,2600d75a301b6e061e4ed3a13f3e7382d923adea7a701c2927c3d82ad68c1cd5,prompts/agent-product-launches/runs/foundation-pvp_accelalpha.com_2026-05-13.json
prompts/agent-product-launches/runs/foundation-pvp_acceligize.com_2026-05-13.json,d1f02ccf052fcb4210239c8f69fb6d3a1118bf95,2e2a386263fe3771402105a6ccbeaac51fd7f2e449e83b21572a939eb93d341f,prompts/agent-product-launches/runs/foundation-pvp_acceligize.com_2026-05-13.json
prompts/agent-product-launches/runs/foundation-pvp_accelirate.com_2026-05-13.json,d80986161445ae5aa0d72a1f8ea967335f395d95,e9d6c2c957b799c6b595105dfb82468775481764b3d7a66c1da16fe32b754913,prompts/agent-product-launches/runs/foundation-pvp_accelirate.com_2026-05-13.json
prompts/agent-product-launches/runs/foundation-pvp_accesscorp.com_2026-05-13.json,0f8099ef9e5fb0104da8a03e57cc56842afb43b1,3d0a89ec93385c1b90e6646a401d5615f31f53eb232e0ca3ba12fd2b2a6a4b05,prompts/agent-product-launches/runs/foundation-pvp_accesscorp.com_2026-05-13.json
prompts/agent-product-launches/runs/foundation-pvp_accesso.com_2026-05-13.json,11d0473c4e7a96f464a446bb670588a2d736877c,1568e775cbff72575a1e03301ff05c5c5db40c70513dcd934bef9a954a53fe25,prompts/agent-product-launches/runs/foundation-pvp_accesso.com_2026-05-13.json
prompts/agent-product-launches/runs/foundation-pvp_accesssoftek.com_2026-05-13.json,8a7c7da1a7dc8700475cb6953b5af0da075e37d4,8b3f95e64867c747740aaac35d5480bab21a521da2435148e863ffa09ea1f022,prompts/agent-product-launches/runs/foundation-pvp_accesssoftek.com_2026-05-13.json
prompts/agent-product-launches/runs/foundation-pvp_acciusa.com_2026-05-13.json,3de68ea669fd98a82ad7c334cb08ef8a8da64ac8,ca6ad71ab8a5d77fa9a1b1c20dfb959de21ab37f787c37f6cc39af9aeb74dddf,prompts/agent-product-launches/runs/foundation-pvp_acciusa.com_2026-05-13.json
prompts/agent-product-launches/runs/foundation-pvp_acclara.com_2026-05-13.json,e10a35d2a518f30ea80bb175a9777be4c0908a45,4488a3abace97ba58dd4eb666c9308209655b97df6e740901ea865f2d666397a,prompts/agent-product-launches/runs/foundation-pvp_acclara.com_2026-05-13.json
prompts/agent-product-launches/runs/foundation-pvp_accountcontrol.com_2026-05-13.json,af375902729531c7ec2e025ded0bdb5d2714081b,9a049f10ce06fe12d52aeed7eca9837f198b055455ff02dac31974d6e60e41e6,prompts/agent-product-launches/runs/foundation-pvp_accountcontrol.com_2026-05-13.json
prompts/agent-product-launches/runs/foundation-pvp_accuityhealthcare.com_2026-05-13.json,d4383be3af479e43ea2861075cf095176bb47382,182aec0ac9917ce96716abee5415104e76b4e305cb8dfaad350bdf0d59d69d9c,prompts/agent-product-launches/runs/foundation-pvp_accuityhealthcare.com_2026-05-13.json
prompts/agent-product-launches/runs/foundation-pvp_accurate.com_2026-05-13.json,2938f80e7a9d553ab51501d6d0d11c2b22f0b36c,f7ac621969c5f255a1411698b94056f5e5f2e936a6c88f1909e84af0437f1259,prompts/agent-product-launches/runs/foundation-pvp_accurate.com_2026-05-13.json
prompts/agent-product-launches/runs/foundation-pvp_accurategroup.com_2026-05-13.json,a418a776b7c013135d257bdbfb0d9897ec02c0ce,048642738c0d7da4ffc75f169716efbcdf8731ceecc463dc71a6e78bc0756bff,prompts/agent-product-launches/runs/foundation-pvp_accurategroup.com_2026-05-13.json
prompts/agent-product-launches/runs/foundation-pvp_accuserve.com_2026-05-13.json,6c39666a7a332eef4e3305e74b22629ff4517910,d61f70957ff0c9aa0dc5d3305b187fe55b9b7fedc88164ab9466628dfc6c066c,prompts/agent-product-launches/runs/foundation-pvp_accuserve.com_2026-05-13.json
prompts/agent-product-launches/runs/foundation-pvp_aceinfoway.com_2026-05-13.json,bae77dc8f08f21aea4632b76269a8d6f2959558a,58c3b92314e8bb302f0ca600963613a8eca50c5c5d0d51ea63119ae0f4ac50f1,prompts/agent-product-launches/runs/foundation-pvp_aceinfoway.com_2026-05-13.json
prompts/agent-product-launches/runs/foundation-pvp_aceparking.com_2026-05-13.json,ad2f253f49ef26c15ba568b5d91c906b66051856,5804641000c290c76b38641b42ff0725960ea8c4372ba5b90995183984146b80,prompts/agent-product-launches/runs/foundation-pvp_aceparking.com_2026-05-13.json
prompts/agent-product-launches/runs/foundation-pvp_acresecurity.com_2026-05-13.json,1f9ec248f7e7351e0f3face89354d2808e5c2b75,889244fa6bb4dc7ba39dec654d33386bd43c6845bfb036dc2dc2072cb45c6d2a,prompts/agent-product-launches/runs/foundation-pvp_acresecurity.com_2026-05-13.json
prompts/agent-product-launches/runs/foundation-pvp_acrtinc.com_2026-05-13.json,c00466e19abfc7d613415ed0912f69a39be1eff0,010680477a179727949af296e94c18aa690427bcbb755cc3d475bf7ae96cc970,prompts/agent-product-launches/runs/foundation-pvp_acrtinc.com_2026-05-13.json
prompts/agent-product-launches/runs/foundation-pvp_acscm.com_2026-05-13.json,3292ac2a0fc8c092eb993583b9b1c2bb4caef450,b661853b83c3326553ca43f291d58bee59165011530f889d98d301325a308122,prompts/agent-product-launches/runs/foundation-pvp_acscm.com_2026-05-13.json
prompts/agent-product-launches/runs/foundation-pvp_actiontarget.com_2026-05-13.json,aab3c314136fe8861c40559470e058bc49621b26,5739ded0ec27cde3046d44201d57f25abcd63803f7390987abe3c884b385a820,prompts/agent-product-launches/runs/foundation-pvp_actiontarget.com_2026-05-13.json
prompts/agent-product-launches/runs/foundation-pvp_active.com_2026-05-13.json,4d3c6d97719c29da035d7876b0551ccb7a9f9b93,eec8e98f6877bbc41d02fc7bcfb367f57521d666e5cd92ebb357f0d464b1f845,prompts/agent-product-launches/runs/foundation-pvp_active.com_2026-05-13.json
prompts/agent-product-launches/runs/foundation-pvp_activenetwork.com_2026-05-13.json,267ef6566988db76d18ff51c344bff6f8cca6802,ebed877a5cfb20ce9e63b02e1f9c281db26dede62ed1c2ea2083b6e2d1799249,prompts/agent-product-launches/runs/foundation-pvp_activenetwork.com_2026-05-13.json
prompts/agent-product-launches/runs/foundation-pvp_activpayroll.com_2026-05-13.json,23f4095996b62b8e56626f8636cb4cbeb691520c,050a95337406689cbfcbdd3bd71e03f659ae59ae1580109629a57e4bf740ed41,prompts/agent-product-launches/runs/foundation-pvp_activpayroll.com_2026-05-13.json
prompts/agent-product-launches/runs/foundation-pvp_acturis.com_2026-05-13.json,39e1e6e78fdb17d8b8ef6755768f831717d2f3fd,fb4fea7ea09b8b47c8e841601f00596e53b3f45a6b6202f228df9c23be6245cb,prompts/agent-product-launches/runs/foundation-pvp_acturis.com_2026-05-13.json
prompts/agent-product-launches/runs/foundation-pvp_acxiom.com_2026-05-13.json,1dd440a2cdbc14fb73f8d1825a3d1bb5d9835b96,80d312f5cfb80b89a955d625a7fdb2b3a024a0b7bb44c5933845b1329624e758,prompts/agent-product-launches/runs/foundation-pvp_acxiom.com_2026-05-13.json
prompts/agent-product-launches/runs/foundation-pvp_adacom.com_2026-05-13.json,32fe1ebcf83fb74c4be4459525f62e0449d1e282,6e9fe597f387303a8486f32fdb3ac25bae9c29248ee513653f80b01e5db872b3,prompts/agent-product-launches/runs/foundation-pvp_adacom.com_2026-05-13.json
prompts/agent-product-launches/runs/foundation-pvp_adaresec.com_2026-05-13.json,455701419a658dc5787b43e83ec8b28a183a98de,822cc7ed872242e8c0d7e9eb480d966a6884b1b0ea1f3855a97bf5596b29a2a6,prompts/agent-product-launches/runs/foundation-pvp_adaresec.com_2026-05-13.json
prompts/agent-product-launches/runs/foundation-pvp_adcombo.com_2026-05-13.json,adbd96dd9f15ff6001a42f4e679c91a97571fdfe,c6e48f523714b3dd47d45140fe5d4d683dbee4ea5ce096e912a58a092571b6ec,prompts/agent-product-launches/runs/foundation-pvp_adcombo.com_2026-05-13.json
prompts/agent-product-launches/runs/foundation-pvp_adga.ca_2026-05-13.json,c5024a7e1e46be0162f23c7c54dd3d69acdb868b,50970916e9f5b1e230d8f56234cfa7970439ef17f85b4b40450f9e7e2c378f65,prompts/agent-product-launches/runs/foundation-pvp_adga.ca_2026-05-13.json
prompts/agent-product-launches/runs/foundation-pvp_adhocteam.us_2026-05-13.json,3d8d3419a0cfddd67c5c24117cc3ac8425ed952b,cef42f4355cfdb03cfa1c9b9524e95de47cfed34c7113ba9453dc9dad226acbe,prompts/agent-product-launches/runs/foundation-pvp_adhocteam.us_2026-05-13.json
prompts/agent-product-launches/runs/foundation-pvp_adistec.com_2026-05-13.json,c8e7058110d61c3399fbe45f91449d9e21683ffc,eeaa33518a5426fc406a8cd7e5c6e20785203ac252c64a300ff604287c42ed01,prompts/agent-product-launches/runs/foundation-pvp_adistec.com_2026-05-13.json
prompts/agent-product-launches/runs/foundation-pvp_admiralmarkets.com_2026-05-13.json,5cb075f38a6f8c742c6957ac71e44a49add11e39,b22aa469f44e1c1d0b6c03da756539b411ef842200607a79257524ba027bf6fc,prompts/agent-product-launches/runs/foundation-pvp_admiralmarkets.com_2026-05-13.json
prompts/agent-product-launches/runs/foundation-pvp_adsenv.com_2026-05-13.json,5a187ee23a35f51e22fd7c73f7b6cf66179c9b73,4a4f3ca03c154b62928780e0a0c43cc1c5208cd908cf13894d019b3baa76d39c,prompts/agent-product-launches/runs/foundation-pvp_adsenv.com_2026-05-13.json
prompts/agent-product-launches/runs/foundation-pvp_adso.com_2026-05-13.json,fcc16a6fe34f6364df47d8283bb8cb942287f308,c74d4e132a5c8529cf2cff6fa1e103b038e5eccccae80281dbf977ab44c3fc87,prompts/agent-product-launches/runs/foundation-pvp_adso.com_2026-05-13.json
prompts/agent-product-launches/runs/foundation-pvp_adstream.com_2026-05-13.json,980568998eb2625f32ff7b6d90745ad19c847484,89dbcab44dad712bb0ef4877001e00c502dd7dcfc093e4f37438e054c05a5cf2,prompts/agent-product-launches/runs/foundation-pvp_adstream.com_2026-05-13.json
prompts/agent-product-launches/runs/foundation-pvp_adswizz.com_2026-05-13.json,4cf82b02281cc4670d17f2e6d16867660b6765b8,d7dda12f2def6efc6999ec3f68d7873b9842af3463432299e173ce03308001e7,prompts/agent-product-launches/runs/foundation-pvp_adswizz.com_2026-05-13.json
prompts/agent-product-launches/runs/foundation-pvp_adtrav.com_2026-05-13.json,594e155763110a17020a8d2975a6f69f4f65955f,d0ed80bff72462a47631a20d2416510a9849b066fa68d344ed9c433f6230678b,prompts/agent-product-launches/runs/foundation-pvp_adtrav.com_2026-05-13.json
prompts/agent-product-launches/runs/foundation-pvp_advancedpricing.com_2026-05-13.json,fc566ae2f1499cd8a85d42b30cbd60f81eb6f044,457f61d8c024c0ab15530082aef0bb49d26dbd5a7b0496790b05c307e0546ffd,prompts/agent-product-launches/runs/foundation-pvp_advancedpricing.com_2026-05-13.json
prompts/agent-product-launches/runs/foundation-pvp_advancedtech.com_2026-05-13.json,393a4fdd625d6f7ab41f21f8af9fc643a1dd8448,04f8d40fa8910709a601e05fbe23d883ab1a2adfbd1c7dfbbe5b46fb7fb82714,prompts/agent-product-launches/runs/foundation-pvp_advancedtech.com_2026-05-13.json
prompts/agent-product-launches/runs/foundation-pvp_advancelocal.com_2026-05-13.json,a706e84ead8010eb11d274e92d148a3547b6ebd6,44c068200d87b33bca9dae7e2a9ec17eaa5cbc068b19df1af237a7c50bc7ca8a,prompts/agent-product-launches/runs/foundation-pvp_advancelocal.com_2026-05-13.json
prompts/agent-product-launches/runs/foundation-pvp_advantive.com_2026-05-13.json,e0c4cc53c4ce2d637cb84a2623fe4eb0de60b23d,23a41bed80f249990f0829bc48a6232212557ef2477cf54b5805eb5dc743861e,prompts/agent-product-launches/runs/foundation-pvp_advantive.com_2026-05-13.json
prompts/agent-product-launches/runs/foundation-pvp_advantmed.com_2026-05-13.json,108db3c86377b07ca9a15eda9b160addccd26ebf,a072f7179a1e2a42c0d59de7f7de9315ecd1df1b20a08b5f9170dd226498beba,prompts/agent-product-launches/runs/foundation-pvp_advantmed.com_2026-05-13.json
prompts/agent-product-launches/runs/foundation-pvp_advatix.com_2026-05-13.json,ee44cdbfc0462f592aaed63f82551b69c60cedd1,f452239fd6404c6ba43db830153f6cbfa7e9ae6f056208f29814a00e35ab74bc,prompts/agent-product-launches/runs/foundation-pvp_advatix.com_2026-05-13.json
prompts/agent-product-launches/runs/foundation-pvp_advenser.com_2026-05-13.json,27f88dbb55842ee2b215c4c8f23f46441a34bd38,da7536eac0d08646c31f214740e7d1bcc208836b073423118c7538634a424ec3,prompts/agent-product-launches/runs/foundation-pvp_advenser.com_2026-05-13.json
prompts/agent-product-launches/runs/foundation-pvp_advizex.com_2026-05-13.json,c796b7a5c79f2973146a5c4093abcaa2d512a4fe,6e4045e309becab6dba6af17c36dc883db2c928cf8cb3115d0365571069ef1e4,prompts/agent-product-launches/runs/foundation-pvp_advizex.com_2026-05-13.json
prompts/agent-product-launches/runs/foundation-pvp_aem.eco_2026-05-13.json,9fec1aacfa8d15d52548fd709d7d943e6ed3f0e8,427f8363dadf542d20cf56542843f6b37ee61ea081893684b74c75a621a65b75,prompts/agent-product-launches/runs/foundation-pvp_aem.eco_2026-05-13.json
prompts/agent-product-launches/runs/foundation-pvp_aerocareusa.com_2026-05-13.json,cb651a247854fdcfebc0a5f9ee8694e9ff4d15cc,4ddc543a0d2c6f6a00c664382b5670391293ada1e4c32f991793edf2339b7882,prompts/agent-product-launches/runs/foundation-pvp_aerocareusa.com_2026-05-13.json
prompts/agent-product-launches/runs/foundation-pvp_affiliated.com_2026-05-13.json,d627326f2f2d241d6fde598d156dffc0170114f7,81dbd1640a6ec7ae62273ec033fd92d2ddb79421e4d0d258b3b836ff07c565ab,prompts/agent-product-launches/runs/foundation-pvp_affiliated.com_2026-05-13.json
prompts/agent-product-launches/runs/foundation-pvp_affineanalytics.com_2026-05-13.json,68b1829b36fce1319d4462a4011cfbdca803306c,3b878395abe9e8c995fc3bbccea30b7a62ed4cad7b1d28ff0efa2696e2a4f35f,prompts/agent-product-launches/runs/foundation-pvp_affineanalytics.com_2026-05-13.json
prompts/agent-product-launches/runs/foundation-pvp_affinity.com_2026-05-13.json,935a2223cd13e9c84ac46f08bdb8a2eafeb9da72,1817fbf856850b2e71390d8025679e5ff85a6c05f8ade8fd4556fc505520cee8,prompts/agent-product-launches/runs/foundation-pvp_affinity.com_2026-05-13.json
prompts/agent-product-launches/runs/foundation-pvp_affinityplus.org_2026-05-13.json,af28a0d4b2e90cf1fd6b538716003af46d160d24,e3c175443291714d4c3c52e8dfc9851cdd92bbff37f741c2a0ab59992f55664f,prompts/agent-product-launches/runs/foundation-pvp_affinityplus.org_2026-05-13.json
prompts/agent-product-launches/runs/foundation-pvp_afirmsolutions.com_2026-05-13.json,17fb21641c27c23da97f5e86f6b483b04801bdea,c94f03df5efa31c53690084647a3994efb5798cc80ee07c511a4b9b32c494fe7,prompts/agent-product-launches/runs/foundation-pvp_afirmsolutions.com_2026-05-13.json
prompts/agent-product-launches/runs/foundation-pvp_afsvision.com_2026-05-13.json,94266b2a6930f5781cf262621c793e2d4fc0cf48,12402d3286134be328bd9a1d19ac485dab32a3ad1b4fbf031c146565bc42be59,prompts/agent-product-launches/runs/foundation-pvp_afsvision.com_2026-05-13.json
prompts/agent-product-launches/runs/foundation-pvp_agatlabs.com_2026-05-13.json,4c3e99610c1daa3dcb6fba4eb4e84f9fb59a1b68,afa61e550b6bee2bdf4f88756efd924e95ad0b6e6a41274e9a302c306cdc29c9,prompts/agent-product-launches/runs/foundation-pvp_agatlabs.com_2026-05-13.json
prompts/agent-product-launches/runs/foundation-pvp_agdata.com_2026-05-13.json,189fe43d05beb82e61c07ec854c6468dc265a478,6f53fafac4a295c281bf91d49f9900418dc9e4562c0931caa400c2efd1a48a9c,prompts/agent-product-launches/runs/foundation-pvp_agdata.com_2026-05-13.json
prompts/agent-product-launches/runs/foundation-pvp_aggne.com_2026-05-13.json,e718ba054a0d6b591e19c58a910da53cd2c6bd08,3936dfbaf8fc2925f3f6468349337ccea40429139cafabdc21c005320ae4df49,prompts/agent-product-launches/runs/foundation-pvp_aggne.com_2026-05-13.json
prompts/agent-product-launches/runs/foundation-pvp_agileinfoways.com_2026-05-13.json,8d37c4e418aaff8ec1dce203219f112a549342f4,b74f1243d83a61361235d188b1f2940ed7008b24e55b0c6560b2aa78c11aded8,prompts/agent-product-launches/runs/foundation-pvp_agileinfoways.com_2026-05-13.json
prompts/agent-product-launches/runs/foundation-pvp_agilisium.com_2026-05-13.json,e2a3cbf93859086a86e80b87dc08e9c44e1e0fc3,00acbb1e6c033f11579459eceda2ec5e58606a6910025893a55d0ef9fc0dd9f3,prompts/agent-product-launches/runs/foundation-pvp_agilisium.com_2026-05-13.json
prompts/agent-product-launches/runs/foundation-pvp_agio.com_2026-05-13.json,99d85682ec32a2853bf68811d3eefbab7225b37c,4bc1e71c74044d1e97779f2526540bb15439d517e6cc9a82e1d2565e7210bb8b,prompts/agent-product-launches/runs/foundation-pvp_agio.com_2026-05-13.json
prompts/agent-product-launches/runs/foundation-pvp_agleader.com_2026-05-13.json,0a0a5a7590d20ffb20bfe5678df2bcfc9d7c7c2c,ec07b88d49d4e42c0ef053a9d6d8f2c3d6c3e7eb3eb8449b2f9392aae5360d6b,prompts/agent-product-launches/runs/foundation-pvp_agleader.com_2026-05-13.json
prompts/agent-product-launches/runs/foundation-pvp_agmonitoring.com_2026-05-13.json,3b61761549712f7cada80dce653e3f8d50912cbb,1254b1c63e28f8e2776759db7200edcd962772bd6fc47652ca6b7db5896c6f39,prompts/agent-product-launches/runs/foundation-pvp_agmonitoring.com_2026-05-13.json
prompts/agent-product-launches/runs/foundation-pvp_aicompanies.com_2026-05-13.json,37afd665985915939bdd29c75048a20733c862f1,0d4df0704a2514cf53ecd4f9f3052ee945bc3ff7c460a7fca0c1760468eb775d,prompts/agent-product-launches/runs/foundation-pvp_aicompanies.com_2026-05-13.json
prompts/agent-product-launches/runs/foundation-pvp_ainsworth.com_2026-05-13.json,7e78c15d17108cf5b8e75168cf77471d971d7ffc,08689278032fbe7a4ad4c5fa0502e2c3d07cf4e6ba2e852608fd293f19ce9dc3,prompts/agent-product-launches/runs/foundation-pvp_ainsworth.com_2026-05-13.json
prompts/agent-product-launches/runs/foundation-pvp_aiphone.com_2026-05-13.json,65e0d4fed40b59d21a307c1d1472b6fe90965614,8db7b102bfc21dd82064e882dd99ec6e012d0905679f942463f644bcfa33c619,prompts/agent-product-launches/runs/foundation-pvp_aiphone.com_2026-05-13.json
prompts/agent-product-launches/runs/foundation-pvp_aipso.com_2026-05-13.json,0fc49aef6a603e766ff5b0b554efd2c3c03b0e60,9a0e0615f65dd56de5b0591e24de3d369e371821297de16a16d537c1d0078e10,prompts/agent-product-launches/runs/foundation-pvp_aipso.com_2026-05-13.json
prompts/agent-product-launches/runs/foundation-pvp_air.io_2026-05-13.json,1ce518d546292c0484406a047fc7d1a0ee5bf37e,444f3bb998d4445de6757ae42695f9d9b82d888f9fad079eed84cd25256af422,prompts/agent-product-launches/runs/foundation-pvp_air.io_2026-05-13.json
prompts/agent-product-launches/runs/foundation-pvp_aires.com_2026-05-13.json,6dd9f270a5a35286b55e5a44b2b6a2481a238060,1355ade50e619f67d1827d5d5a8082e837b7851f6d2620c9de5926457a7d8113,prompts/agent-product-launches/runs/foundation-pvp_aires.com_2026-05-13.json
prompts/agent-product-launches/runs/foundation-pvp_airespring.com_2026-05-13.json,01acd0863618b317e80890083757b24529c73b9a,041f3f97d769f97af8f81e244286032fdaf4c6a3b7ca74e2483c5afa0461cd4d,prompts/agent-product-launches/runs/foundation-pvp_airespring.com_2026-05-13.json
prompts/agent-product-launches/runs/foundation-pvp_airit.co.uk_2026-05-13.json,d2b270fe42f41635dcb2e4abe29f7a6a5bb3cebb,bfde7cb35f5f7f2588c39a348fc370f1fcabc0340123ddfe88db1c31a67c397f,prompts/agent-product-launches/runs/foundation-pvp_airit.co.uk_2026-05-13.json
prompts/agent-product-launches/runs/foundation-pvp_airodigitallabs.com_2026-05-13.json,a883f47ff0c04e2fa339ef02962824bbb4d0af24,558f9d55e6cd93aa5534ac3e43da41495679498b9db5266a448d3c9f005c6150,prompts/agent-product-launches/runs/foundation-pvp_airodigitallabs.com_2026-05-13.json
prompts/agent-product-launches/runs/foundation-pvp_airservicesaustralia.com_2026-05-13.json,1ce8a804a9bee0f47bbbf8ce2d3bea605cd5608c,1f39a7ff61e9c23087409376965b6d58271cbe954e5cb0ce7af52fbd486fe0ba,prompts/agent-product-launches/runs/foundation-pvp_airservicesaustralia.com_2026-05-13.json
prompts/agent-product-launches/runs/foundation-pvp_airtechniques.com_2026-05-13.json,cc7ca9608cb53afe7d747d44edfdfe7b9d217b37,eae5a29d85bf7a3c93e06fd741c8471cd962a188e30f75d70825fbef1c8643aa,prompts/agent-product-launches/runs/foundation-pvp_airtechniques.com_2026-05-13.json
prompts/agent-product-launches/runs/foundation-pvp_ais.com_2026-05-13.json,e284ad19bbec18e59aa088cd430c944db254c58c,27886dc78e48699d6267f57ec7a69c5d500b54220d451e93707307deb8147ee4,prompts/agent-product-launches/runs/foundation-pvp_ais.com_2026-05-13.json
prompts/agent-product-launches/runs/foundation-pvp_aiscorp.com_2026-05-13.json,ba89b33c8a7dfbceb0a567b850ce0629b8f66de9,ceab3bcf57d7519760ed951e565339ad86d4f83eea26c318ec660a4451e37837,prompts/agent-product-launches/runs/foundation-pvp_aiscorp.com_2026-05-13.json
prompts/agent-product-launches/runs/foundation-pvp_aithent.com_2026-05-13.json,99800e38960d7c75ebcf0a304d8679911b9e34ca,6b1f08734f4d5ef41d27820c09704747979e00d39eb79023913e5c715dac025b,prompts/agent-product-launches/runs/foundation-pvp_aithent.com_2026-05-13.json
prompts/agent-product-launches/runs/foundation-pvp_aitworldwide.com_2026-05-13.json,b4c5ea37d4d1b088b8426012ca0d7965e521fd7d,bd5a2156c7f0d9b8221f6c30f52eee40f2c4c80e2a5a775fef337f007dbce750,prompts/agent-product-launches/runs/foundation-pvp_aitworldwide.com_2026-05-13.json
prompts/agent-product-launches/runs/foundation-pvp_ajc.com_2026-05-13.json,eeafba9836fbd470603fdf897a32d0551fb271ca,c03987c08c8e1a700db03c55ed453c11f9b8b53eaa47390072633f2f1f87d294,prompts/agent-product-launches/runs/foundation-pvp_ajc.com_2026-05-13.json
prompts/agent-product-launches/runs/foundation-pvp_akg-america.com_2026-05-13.json,555873391ca26808a1016168f2c924aa716e1fd2,d811581bb9baa152ab1e58a6dbddd5110845f287c17e6015831fcb82ec6acc88,prompts/agent-product-launches/runs/foundation-pvp_akg-america.com_2026-05-13.json
prompts/agent-product-launches/runs/foundation-pvp_akraya.com_2026-05-13.json,15a070af9059cdb43cbd292fc48bc926400b9b75,fc8e2769519dd73e11a0b40322fb0bd49eadcc5585c8a949b45da9b3ce066fcc,prompts/agent-product-launches/runs/foundation-pvp_akraya.com_2026-05-13.json
prompts/agent-product-launches/runs/foundation-pvp_aks-eng.com_2026-05-13.json,cf60ad80ea714779dc2f20c9e835bda427f7fd84,535643d7f7c92327c9fde78a640ffb0cd11c7306d947b9da505a26798ea99ade,prompts/agent-product-launches/runs/foundation-pvp_aks-eng.com_2026-05-13.json
prompts/agent-product-launches/runs/foundation-pvp_aksia.com_2026-05-13.json,099b9a16c0c4ed6f074236dd5bad15e7a67d11ec,36f6f0eafee25a124a0a45b696dcba1bd8bdfd318dde67b750f169d0778b7f5e,prompts/agent-product-launches/runs/foundation-pvp_aksia.com_2026-05-13.json
prompts/agent-product-launches/runs/foundation-pvp_akvelon.com_2026-05-13.json,7d42af00b512d7d9f7d996ae861a425b7c43a300,afbd26607bbb11cba4aba55acc29d9561f5ce4be12de5dc9e9b4746c56527aec,prompts/agent-product-launches/runs/foundation-pvp_akvelon.com_2026-05-13.json
prompts/agent-product-launches/runs/foundation-pvp_alamy.com_2026-05-13.json,9233bbbe04d9b47a9ad588705cf8417ccbdb6ff6,c8ac395da0fafa5126aeed0b2c655992415eee602869e6320d8744f745840f71,prompts/agent-product-launches/runs/foundation-pvp_alamy.com_2026-05-13.json
prompts/agent-product-launches/runs/foundation-pvp_alatrade.com_2026-05-13.json,8339dc4ee187d40e1c7304d0fe8a2ab6cf1022e0,edeb1798bb38364867cbdf75a3d036714571be82ff7c3c4af97142322eb32d91,prompts/agent-product-launches/runs/foundation-pvp_alatrade.com_2026-05-13.json
prompts/agent-product-launches/runs/foundation-pvp_alcortech.com_2026-05-13.json,6aae9486fac76dfa966ed33068b03826edf442fd,cbcd2794d7ca15e42d680ddfb2ca96af3db6c5bbc8622b4e1bee5e596029da96,prompts/agent-product-launches/runs/foundation-pvp_alcortech.com_2026-05-13.json
prompts/agent-product-launches/runs/foundation-pvp_alcumus.com_2026-05-13.json,dc18c94f6fa222904701308cfa2248cf2521bcec,e7e3d559f274aa9c8f3f3030b0fdc604aca1ed16a0e08855c3673e1122e519bf,prompts/agent-product-launches/runs/foundation-pvp_alcumus.com_2026-05-13.json
prompts/agent-product-launches/runs/foundation-pvp_aldridgegroup.com_2026-05-13.json,8096d6bdda033ee17beaf048a08522c19feec4e6,cb23922fadf424d9ba084c66301a8099e492977fbd4ae699a4819ac4dd2bada0,prompts/agent-product-launches/runs/foundation-pvp_aldridgegroup.com_2026-05-13.json
prompts/agent-product-launches/runs/foundation-pvp_alegeus.com_2026-05-13.json,f198d7b616dbb1378c0191b6a07f34f34b9cc22a,869483629e1e725d6903ca49454a61ec14c77b4127188da3f62fafc2db023ccc,prompts/agent-product-launches/runs/foundation-pvp_alegeus.com_2026-05-13.json
prompts/agent-product-launches/runs/foundation-pvp_aleutfederal.com_2026-05-13.json,89ea95366531873a2e2db89c592fef1b2efbf788,b264fb020a479adbd28b52d5b0eea66b3cb3c99298c8b8aac7682bae54addec4,prompts/agent-product-launches/runs/foundation-pvp_aleutfederal.com_2026-05-13.json
prompts/agent-product-launches/runs/foundation-pvp_alignedautomation.com_2026-05-13.json,cdcdc63063e72f8c6c827d81001cf0c2548f6846,5dc5ade12a638baca77e7700288a2783f570ac932dc834cb7052902797624068,prompts/agent-product-launches/runs/foundation-pvp_alignedautomation.com_2026-05-13.json
prompts/agent-product-launches/runs/foundation-pvp_allcatclaims.com_2026-05-13.json,6dabbee927483edcdab9ece77422596d6a7580a6,d051905a78e9d80618904ce9e327719343795adce2fec6147ab129d5f18ff231,prompts/agent-product-launches/runs/foundation-pvp_allcatclaims.com_2026-05-13.json
prompts/agent-product-launches/runs/foundation-pvp_allcovered.com_2026-05-13.json,ac3f4072961e49a85bc2f2d5ca54006e50dd5818,924c84ee6703f0157519f772cea13bf4ca9db880281ecd6d58d7febaf74d6cb4,prompts/agent-product-launches/runs/foundation-pvp_allcovered.com_2026-05-13.json
prompts/agent-product-launches/runs/foundation-pvp_alldata.com_2026-05-13.json,103f288902bb755b7b4e463f6822613017db5e0f,ba275b5dbace6179f4101e3b8db5ff541682c1c6376965285cf3318fd204247d,prompts/agent-product-launches/runs/foundation-pvp_alldata.com_2026-05-13.json
prompts/agent-product-launches/runs/foundation-pvp_allendistribution.com_2026-05-13.json,e415f0aba25b34ce04050497b72239f3e4288bd2,1b523c2351fbb98050b7b8c4fd24241d6178712514b1e5df4b50c5ea7d64976b,prompts/agent-product-launches/runs/foundation-pvp_allendistribution.com_2026-05-13.json
prompts/agent-product-launches/runs/foundation-pvp_allenlund.com_2026-05-13.json,f3539cce34d11c75e8a4283053d5c3a927e7b06c,b1575460eb165c12f809f104b13e6bed2bd1b2ce26445142366461679db43913,prompts/agent-product-launches/runs/foundation-pvp_allenlund.com_2026-05-13.json
prompts/agent-product-launches/runs/foundation-pvp_alliancebanks.com_2026-05-13.json,a69a1ebda9abaaf8fcbacb07db86e276abb22baa,395a3961d12d3533e10ebd7fe9af3e9fe5e5376000b3fe4cea44abec941fe938,prompts/agent-product-launches/runs/foundation-pvp_alliancebanks.com_2026-05-13.json
prompts/agent-product-launches/runs/foundation-pvp_alliancemedical.co.uk_2026-05-13.json,cadb6ec580c86523d4fd424300ace1de758898a6,f1a184574ff2413712823cfe67cd1239e1a0f8a496ef93089c06dcb12ef31591,prompts/agent-product-launches/runs/foundation-pvp_alliancemedical.co.uk_2026-05-13.json
prompts/agent-product-launches/runs/foundation-pvp_alliancetg.com_2026-05-13.json,3d0eb1b3fa7c103ebce8a019a39712759381999b,3d599f90202b17d6a0a798933f87571b155232d9fe8b4d14b16d4f157cf73168,prompts/agent-product-launches/runs/foundation-pvp_alliancetg.com_2026-05-13.json
prompts/agent-product-launches/runs/foundation-pvp_alliedtelesis.com_2026-05-13.json,eec5510e3e7299b9a6d4dac293be9aa94d26ef7b,78904a41274fc44b7360e65a0ce170565d03135f9ce7e17bb771fdfade4fc287,prompts/agent-product-launches/runs/foundation-pvp_alliedtelesis.com_2026-05-13.json
prompts/agent-product-launches/runs/foundation-pvp_alliedtesting.com_2026-05-13.json,04b82fad79eae2e2816aa8543dd23d4504fbc1ea,9b98b11a74dcf90bf5a5e8e01705838a10316c74baf7df3461fbf3b460105f96,prompts/agent-product-launches/runs/foundation-pvp_alliedtesting.com_2026-05-13.json
prompts/agent-product-launches/runs/foundation-pvp_allstarsit.com_2026-05-13.json,6c5e98c84f69f0915d6fe69bec4c330e95372a21,a5b27755d2e8f8378473fed844d283361b59f0bc109d9dbcbf8afc619c4980fc,prompts/agent-product-launches/runs/foundation-pvp_allstarsit.com_2026-05-13.json
prompts/agent-product-launches/runs/foundation-pvp_allyant.com_2026-05-13.json,6157a2bc09347a1b9f70d7312739510edcb5b9a8,e953c4e83182492c69b28c5b79d82569b2875bb9492291fcac1bd3dfbb342495,prompts/agent-product-launches/runs/foundation-pvp_allyant.com_2026-05-13.json
prompts/agent-product-launches/runs/foundation-pvp_allynintl.com_2026-05-13.json,b34e3afba05b58aac70143a0d2af3ae7decf9463,1ee686983bfcba55f00cc6bfc36398535499228172ca8ea5e8e93e5f83dbdc04,prompts/agent-product-launches/runs/foundation-pvp_allynintl.com_2026-05-13.json
prompts/agent-product-launches/runs/foundation-pvp_allywaste.com_2026-05-13.json,90e0fa4908b6bc458e3ca0c656c177e70e436750,55987b3db266d1c736c62d324d8f6331a88e83eb8dc569bdcd37c4406bf2ec71,prompts/agent-product-launches/runs/foundation-pvp_allywaste.com_2026-05-13.json
prompts/agent-product-launches/runs/foundation-pvp_alphacrc.com_2026-05-13.json,a8526778f103bda6472aafabaee822fff0166882,d78db293aa66dc78efc6704531b4c15c32ff6b088c622e949d229565af34a05f,prompts/agent-product-launches/runs/foundation-pvp_alphacrc.com_2026-05-13.json
prompts/agent-product-launches/runs/foundation-pvp_alphagraphics.com_2026-05-13.json,6506d740c48fc2f31ee55e611cfdcbfc10317183,93c660aa59127009a613f5ed9c6052088f352ee3f8d643a46b79cff10bd628d5,prompts/agent-product-launches/runs/foundation-pvp_alphagraphics.com_2026-05-13.json
prompts/agent-product-launches/runs/foundation-pvp_alphagroup.com_2026-05-13.json,c0d12481f253e13db1d7c6bc5ea109461c0cce1d,112be4cdefe50c7aa3ea9ed9c28bd663a72ac6d1c9bc75f097e7588c245aed4d,prompts/agent-product-launches/runs/foundation-pvp_alphagroup.com_2026-05-13.json
prompts/agent-product-launches/runs/foundation-pvp_alphaomegaintegration.com_2026-05-13.json,84db8832e8627dfdb8336a0c1cfe95c2f7990f4e,c094d6fe210f99013824190a3b33eda858ce8012d4a57ed9e662bd03dfcf3dcd,prompts/agent-product-launches/runs/foundation-pvp_alphaomegaintegration.com_2026-05-13.json
prompts/agent-product-launches/runs/foundation-pvp_altexsoft.com_2026-05-13.json,9ec3dd53871a6016e5a0b791669bd6678f3fe9da,b2541227125bed41d5193e07a2bc5ab9f7cee242569a044c5f671f8dc20368ab,prompts/agent-product-launches/runs/foundation-pvp_altexsoft.com_2026-05-13.json
prompts/agent-product-launches/runs/foundation-pvp_altoros.com_2026-05-13.json,67b57437bb66a26f1fafa11e22f285c00b1b19b9,baab17330b7288b970667fd6f0810e1ce3cdcfbc1faf632f6284ae15757f885c,prompts/agent-product-launches/runs/foundation-pvp_altoros.com_2026-05-13.json
prompts/agent-product-launches/runs/foundation-pvp_altoroslabs.com_2026-05-13.json,69a25bfc7a932bd93a85150806231440017c8ddc,22f33813682f8234cf0bdec5d52f2ee3a6b83f587dc9f93a7b3842e572c85a3f,prompts/agent-product-launches/runs/foundation-pvp_altoroslabs.com_2026-05-13.json
prompts/agent-product-launches/runs/foundation-pvp_altrata.com_2026-05-13.json,896189fb0e22c9680261e118239393e340e7e13a,d80d08b16eab8ea41a8ce532fcfebbe04b25c904abc71068e4d975ebe66352c0,prompts/agent-product-launches/runs/foundation-pvp_altrata.com_2026-05-13.json
prompts/agent-product-launches/runs/foundation-pvp_altruistahealth.com_2026-05-13.json,38a16a119fd7a9660f2ee734b54a8f0a059c05a2,f2254eb5a56d2a380dc08a1592953c707b55ed30219f03d0b8957026c25d3647,prompts/agent-product-launches/runs/foundation-pvp_altruistahealth.com_2026-05-13.json
prompts/agent-product-launches/runs/foundation-pvp_amano.com_2026-05-13.json,e905d0d1b65358429e6fa9a9ee3222a647b5eed5,82e44ea4492e660f5715bb6cd16cb3362fa087259b12af64fb8426075aecb563,prompts/agent-product-launches/runs/foundation-pvp_amano.com_2026-05-13.json
prompts/agent-product-launches/runs/foundation-pvp_amazing.com_2026-05-13.json,32eea58274e5cae2ed5ef248420cb842d1bc1153,93f9f4bdfe2847edd75149f4cd25c264397ccd707d3c73abdf4faf4b45c82c8d,prompts/agent-product-launches/runs/foundation-pvp_amazing.com_2026-05-13.json
prompts/agent-product-launches/runs/foundation-pvp_ambuusa.com_2026-05-13.json,5ef7c13334f808ec6d12d8c54356bdf93e013f43,489da21020da894c7221312bdb8751e54daf14595ad234d1c4b9c1fbb373f698,prompts/agent-product-launches/runs/foundation-pvp_ambuusa.com_2026-05-13.json
prompts/agent-product-launches/runs/foundation-pvp_amelia.com_2026-05-13.json,dd2403209588fb1775f0c255bc27af429586a0b5,595bc7c5c89718dd9e56aa1c5cac640c46ba488936c225262d592309a22dc427,prompts/agent-product-launches/runs/foundation-pvp_amelia.com_2026-05-13.json
prompts/agent-product-launches/runs/foundation-pvp_amerapex.com_2026-05-13.json,81496660bdd271eae90f1a90fd2526a4dee6453c,8bc5fb89ce03ef2d63edc00dae3fa291649e3f51eb79bdb2dbbbca8509f03a46,prompts/agent-product-launches/runs/foundation-pvp_amerapex.com_2026-05-13.json
prompts/agent-product-launches/runs/foundation-pvp_americanleakdetection.com_2026-05-13.json,40327d35c8d61c2964647e520b9d18776e8b441c,9d8d0a03fe55c9c27fd9d6a47c7814c7fb7fdc8b56de615fe58df1adc3186d67,prompts/agent-product-launches/runs/foundation-pvp_americanleakdetection.com_2026-05-13.json
prompts/agent-product-launches/runs/foundation-pvp_americanreading.com_2026-05-13.json,143206025738e144de2cade22d2433b98ade9812,ada26d599fb19b724f3f52fd4905cb8ad75becfa272d4297d2792bdb3dbb2c71,prompts/agent-product-launches/runs/foundation-pvp_americanreading.com_2026-05-13.json
prompts/agent-product-launches/runs/foundation-pvp_amerisbank.com_2026-05-13.json,6b00fa8aa9ce64e74fda6a9f082a581f98f92ae2,6dbda0cac951233ccde9f1d1d2bb2f62bdfd82b40775be6a1354626a7cc25648,prompts/agent-product-launches/runs/foundation-pvp_amerisbank.com_2026-05-13.json
prompts/agent-product-launches/runs/foundation-pvp_amla.io_2026-05-13.json,5911b81cea50e6d8d2f1acae82f1071ac3296bea,5a5b802dfcbe19ccc0a1158c67de9d7a8c65707dedf2fe601aa36926714ca1a8,prompts/agent-product-launches/runs/foundation-pvp_amla.io_2026-05-13.json
prompts/agent-product-launches/runs/foundation-pvp_amnetdigital.com_2026-05-13.json,83ba1ac813375986b103f0b2619cf9ae9e8c4d55,a8395092f6d8bf4083d183cb843a0453620782fba3c62cdbddbfddefaf3f2b42,prompts/agent-product-launches/runs/foundation-pvp_amnetdigital.com_2026-05-13.json
prompts/agent-product-launches/runs/foundation-pvp_amocrm.com_2026-05-13.json,86989381cbff8859bb69a778a995020e04d76d17,1fa86831d8dab25686dbbb4c39ad30e514996e8bbb4fb4108e3537b720c18bdb,prompts/agent-product-launches/runs/foundation-pvp_amocrm.com_2026-05-13.json
prompts/agent-product-launches/runs/foundation-pvp_amx.com_2026-05-13.json,69553890830af3b66f220f87d8ac4f1e7a808edf,65510405bc4e9e5a5cff0b7da2a410d3b242ebaeece72236009e8e35240aed51,prompts/agent-product-launches/runs/foundation-pvp_amx.com_2026-05-13.json
prompts/agent-product-launches/runs/foundation-pvp_amzetta.com_2026-05-13.json,23e86b47a08288565752a9b7c576ee65638f0510,d511f43badf9d84a5cf51bf9ecfde9f015a9151e2e3f8d6c52b1a9d5c6c495ed,prompts/agent-product-launches/runs/foundation-pvp_amzetta.com_2026-05-13.json
prompts/agent-product-launches/runs/foundation-pvp_analytix.com_2026-05-13.json,cbadaf8beb481165eaadf38b51eacc0ddd338918,f4eaba08c133c1382051167d500d3fedcd81fa17dae58e4142de19c965a3ed96,prompts/agent-product-launches/runs/foundation-pvp_analytix.com_2026-05-13.json
prompts/agent-product-launches/runs/foundation-pvp_anaptyss.com_2026-05-13.json,39ca1dd804390794059adab6dcbd18a45ae44f75,93dc9358728f0b590cd826998b5a3eadf185586977f748d04533f19ecb763b3d,prompts/agent-product-launches/runs/foundation-pvp_anaptyss.com_2026-05-13.json
prompts/agent-product-launches/runs/foundation-pvp_anc.com_2026-05-13.json,d462b66d2e1ca3163e97487dcef0519321c4e541,8494c86570ffdae758337190e9ac5588c5937d62bb5aab1c866f3d31b3bacbae,prompts/agent-product-launches/runs/foundation-pvp_anc.com_2026-05-13.json
prompts/agent-product-launches/runs/foundation-pvp_anchorpackaging.com_2026-05-13.json,bdf9091f7f56f1893d09b32b70b317d6a801c998,84fbebe45c5389001833d451a34e3c23e783a610c8b985506a8b9da627c417ee,prompts/agent-product-launches/runs/foundation-pvp_anchorpackaging.com_2026-05-13.json
prompts/agent-product-launches/runs/foundation-pvp_androsysinc.com_2026-05-13.json,74c50eb871701720f6819117825503aa077508f2,5335334683fab5697628d6699f014448d6d5544a575a58906270d876d6c2a363,prompts/agent-product-launches/runs/foundation-pvp_androsysinc.com_2026-05-13.json
prompts/agent-product-launches/runs/foundation-pvp_animalhealthinternational.com_2026-05-13.json,d43ece929e63ea28c93cce7ceaa697ff603ad8df,c4353f084f263b6986699c92df9deb37938a28541974b9dee5149f9fd062b916,prompts/agent-product-launches/runs/foundation-pvp_animalhealthinternational.com_2026-05-13.json
prompts/agent-product-launches/runs/foundation-pvp_anm.com_2026-05-13.json,fe23f339806c4bd2a294b1b0e6b17c8c8d507231,c03deaba987322b201f197c7f5ca08f8443c9f0db7343076ca799dd33934f9f5,prompts/agent-product-launches/runs/foundation-pvp_anm.com_2026-05-13.json
prompts/agent-product-launches/runs/foundation-pvp_annata.co.uk_2026-05-13.json,6dece3fb9830c21369c89075b6cf92d44952e39e,e98b2748ed08b7098e246a2bbb8516de1495d065bd4fa2e3ab040cfb046448bd,prompts/agent-product-launches/runs/foundation-pvp_annata.co.uk_2026-05-13.json
prompts/agent-product-launches/runs/foundation-pvp_annexmed.com_2026-05-13.json,b7681a96285971b7534790d8fc3ede821aba2a8c,677b08520adc950b4a6965d8bcfc12c4c65f60d6d3b2c3852e9586053fc39747,prompts/agent-product-launches/runs/foundation-pvp_annexmed.com_2026-05-13.json
prompts/agent-product-launches/runs/foundation-pvp_anova.com_2026-05-13.json,9babd02f0ed6847aecb6e9376e80db4e46317ee6,a20ea7bd5cf40fba977af9bb9182c4538bc1d81e3bff3a478a095c7607111a59,prompts/agent-product-launches/runs/foundation-pvp_anova.com_2026-05-13.json
prompts/agent-product-launches/runs/foundation-pvp_ans.co.uk_2026-05-13.json,15903847302cea9cb161c374f50d4d4981c34cbd,c27094c1a2304f32a57f3a0747b640f9407f6a3532dd9335117252e23712d9ec,prompts/agent-product-launches/runs/foundation-pvp_ans.co.uk_2026-05-13.json
prompts/agent-product-launches/runs/foundation-pvp_ansrsource.com_2026-05-13.json,6813ad3f15619e04187617728d4052603c763f17,9eba6f0c6d18eaae3cb834df09619a0a0a7dfda8f4a6be267d838b9ecdbfb021,prompts/agent-product-launches/runs/foundation-pvp_ansrsource.com_2026-05-13.json
prompts/agent-product-launches/runs/foundation-pvp_answernet.com_2026-05-13.json,ce1a20c0c25aa2ffb0664de5775f67d0489712b5,1440862324b0936613c5ab1ad38f5f3d7f465031334d0dbb3e8fdd52c3e1b17d,prompts/agent-product-launches/runs/foundation-pvp_answernet.com_2026-05-13.json
prompts/agent-product-launches/runs/foundation-pvp_antechdiagnostics.com_2026-05-13.json,a0b7c10eca3dc0a8aa01043d74b48989d5dffc55,fee1a1cd25877df11e2a31b347e3aaa34d1aa452eff9e7cef1b72ecfdaa77a76,prompts/agent-product-launches/runs/foundation-pvp_antechdiagnostics.com_2026-05-13.json
prompts/agent-product-launches/runs/foundation-pvp_anywhereworks.com_2026-05-13.json,0ccf9178408cddbf028e9590e51255ba49d96a24,4da4a2cc7b032b5490d0764281e22cc9b3b031b6069b917d556f694aaf3ac2cb,prompts/agent-product-launches/runs/foundation-pvp_anywhereworks.com_2026-05-13.json
prompts/agent-product-launches/runs/foundation-pvp_aop.com_2026-05-13.json,06932820da3cedb95483c9b6bca53e99b85c1dad,c47b776dd7194d0a62c7c64a9c4979b51603d3f85c12526ee03b0d43b8b32ed8,prompts/agent-product-launches/runs/foundation-pvp_aop.com_2026-05-13.json
prompts/agent-product-launches/runs/foundation-pvp_apaengineering.com_2026-05-13.json,2096987a336d470b9c1925b2b399db94c7a98795,c9daebbeaf3262dcec03546bc2125cb7c961525adf33ad1ddc181f27c73dfd00,prompts/agent-product-launches/runs/foundation-pvp_apaengineering.com_2026-05-13.json
prompts/agent-product-launches/runs/foundation-pvp_apexanalytix.com_2026-05-13.json,056649bb335696cee02cbe655e2d8c3fcc065e97,2b418f38a5892d3db164ca0ab661cc2d22a0b3a01a830d43451bebe76981549e,prompts/agent-product-launches/runs/foundation-pvp_apexanalytix.com_2026-05-13.json
prompts/agent-product-launches/runs/foundation-pvp_apexbank.com_2026-05-13.json,ac40eab25cc8788dc8426bb9253f2d06fba2882f,2391f9df5907e674f453c42689a8e9281bc88420d883eab429094890bc8f88ed,prompts/agent-product-launches/runs/foundation-pvp_apexbank.com_2026-05-13.json
prompts/agent-product-launches/runs/foundation-pvp_apiglobalsolutions.com_2026-05-13.json,eb2ae070d866566b6e6a73b568eb49563721d0fd,28137e778c55a635a80b97ca4357b6ad5fb6a63fe63ada86b904c301f56ad910,prompts/agent-product-launches/runs/foundation-pvp_apiglobalsolutions.com_2026-05-13.json
prompts/agent-product-launches/runs/foundation-pvp_apogee.us_2026-05-13.json,d676310bdf0144bfdae9ef85cf3857ef5b24f371,8079f88be6f5196c6fc335c986de9538a376c82afcbf362b4e8e8a67076a54b9,prompts/agent-product-launches/runs/foundation-pvp_apogee.us_2026-05-13.json
prompts/agent-product-launches/runs/foundation-pvp_appassure.com_2026-05-13.json,0ba430153a9f944ed95960488292ed4b920aed89,e63708680ee5b4c98f779483829e30c6350e37220c5ea540c96d8384a6587b90,prompts/agent-product-launches/runs/foundation-pvp_appassure.com_2026-05-13.json
prompts/agent-product-launches/runs/foundation-pvp_appfolio.com_2026-05-13.json,824c4f189a82478354eefae655823b64e9770045,5aaa033217db0e1e0f4629b72b0e584f1966a7d150c31246090ce01df7e6af60,prompts/agent-product-launches/runs/foundation-pvp_appfolio.com_2026-05-13.json
prompts/agent-product-launches/runs/foundation-pvp_appleone.com_2026-05-13.json,c0d6747619dec7d29d175967793532effef4cd72,b7d4baa1458eebd334685a20af898c0e431724ef4352d0dca3bb59d611cfd01b,prompts/agent-product-launches/runs/foundation-pvp_appleone.com_2026-05-13.json
prompts/agent-product-launches/runs/foundation-pvp_applicantpro.com_2026-05-13.json,438980de7626414d39dfe37e4f08952ee5b58036,5b22598affa23bebe3532a13fc6605b349dde02671659da929f9c7ee4a4e9f1a,prompts/agent-product-launches/runs/foundation-pvp_applicantpro.com_2026-05-13.json
prompts/agent-product-launches/runs/foundation-pvp_appsense.com_2026-05-13.json,676419c26618684cb189ef6fee4fcfdd46a5fdc3,b3b008fc43b4ef8292455905bc214fecebfd20b023031775869893361bdd3a01,prompts/agent-product-launches/runs/foundation-pvp_appsense.com_2026-05-13.json
prompts/agent-product-launches/runs/foundation-pvp_appstar.net_2026-05-13.json,397af4c17a86f685c1042d249cfc8e3e5e80bd6f,81523c7c47c710d0e8ebae1b92dea1269d6b9bcfaaaf659b7e4b0b905fab2669,prompts/agent-product-launches/runs/foundation-pvp_appstar.net_2026-05-13.json
prompts/agent-product-launches/runs/foundation-pvp_apptad.com_2026-05-13.json,87a3f622ea3bd1d221528cb9c54669946c9f7cfa,76fc0ab4ee4184fb0108497c6fc188559273a4c439c592756f1d35269e2205f6,prompts/agent-product-launches/runs/foundation-pvp_apptad.com_2026-05-13.json
prompts/agent-product-launches/runs/foundation-pvp_apptivo.com_2026-05-13.json,a1d27f1bf9bc4a53b77d009de46de7c743352fa9,ef0e1106c581a5b64071a3975fcd8289d6a8b052d87db69a3e6ebe7c3a876731,prompts/agent-product-launches/runs/foundation-pvp_apptivo.com_2026-05-13.json
prompts/agent-product-launches/runs/foundation-pvp_aprconsulting.com_2026-05-13.json,6af086a3071e41f4c4c76607b4aff046554f7f29,fb1a661af8a8073ae01d776a92d48c94c2d28efdc45338a4611f388fdad4e268,prompts/agent-product-launches/runs/foundation-pvp_aprconsulting.com_2026-05-13.json
prompts/agent-product-launches/runs/foundation-pvp_apreehealth.com_2026-05-13.json,b6629a0a80a58d4d3154cb0a4477f8076d303cf2,19cf4d475f6ecc3afcc4fe7a847738937588fa0fee7e4c802c2d69e852188a5a,prompts/agent-product-launches/runs/foundation-pvp_apreehealth.com_2026-05-13.json
prompts/agent-product-launches/runs/foundation-pvp_apriorit.com_2026-05-13.json,fd3946e479e461738db10f64f422aef832ff51b5,c14648dff7705fba2cf571c93849b718e6642cabcf0e4ac2f640914709e4f983,prompts/agent-product-launches/runs/foundation-pvp_apriorit.com_2026-05-13.json
prompts/agent-product-launches/runs/foundation-pvp_aptask.com_2026-05-13.json,0b31461d649b778bd922c0d2b12f894525eab47c,5abac7fcd53894085217d99a687a52fb77728f31bcb4f5013ee9e22a0e7ff030,prompts/agent-product-launches/runs/foundation-pvp_aptask.com_2026-05-13.json
prompts/agent-product-launches/runs/foundation-pvp_aquentstudios.com_2026-05-13.json,25c24ce5e91ea9f974cbf6e8d0465709c7ec8b6f,9337737122e90a509d704c49a74fe3ac3e0b790e687d4d4ebd19b1665f94888e,prompts/agent-product-launches/runs/foundation-pvp_aquentstudios.com_2026-05-13.json
prompts/agent-product-launches/runs/foundation-pvp_aquivalabs.com_2026-05-13.json,e7e82420191f8f643f2942f4489a63b645105ce7,11819c717c451d3a5fc7d47b92423f91a04145231d71964b20b3b611f04a2eb7,prompts/agent-product-launches/runs/foundation-pvp_aquivalabs.com_2026-05-13.json
prompts/agent-product-launches/runs/foundation-pvp_arbisoft.com_2026-05-13.json,6815e75b6fd346e60e90c94285bc7b4a2e4a05ca,427f2b6698c2b6da355e33810df5ca0022502e432eca56dd719ce22ebe2a7116,prompts/agent-product-launches/runs/foundation-pvp_arbisoft.com_2026-05-13.json
prompts/agent-product-launches/runs/foundation-pvp_arbiter.io_2026-05-13.json,3ab91f0033bd4c8d10df295d4ed62c2aa73e2288,d729cf11ad24f6527aae073666f70a4b61137887afe7082232d92e1c964c5ce5,prompts/agent-product-launches/runs/foundation-pvp_arbiter.io_2026-05-13.json
prompts/agent-product-launches/runs/foundation-pvp_archlynk.com_2026-05-13.json,110f26c8e139ba63b3e4654dd38988434310dcb9,53bdc9f06573e799447b81ea6ebf818d3396d9e9c0de461667e70949743479f3,prompts/agent-product-launches/runs/foundation-pvp_archlynk.com_2026-05-13.json
prompts/agent-product-launches/runs/foundation-pvp_archway.com_2026-05-13.json,a24bcf1b2d984b1c5af3efe68b4c05bc8c08d0ff,5dd66fa3d01fe7aad583fc61de8a972ecb84e51b5c1a88742c6bc5bee39d1417,prompts/agent-product-launches/runs/foundation-pvp_archway.com_2026-05-13.json
prompts/agent-product-launches/runs/foundation-pvp_arcsoft.com_2026-05-13.json,df2066d8cc08b32af54d36ad763e59e790e049f2,d19f58e864a9d938345cae5fb517beeed836cec6f0eaacec92b333cb0c8c2860,prompts/agent-product-launches/runs/foundation-pvp_arcsoft.com_2026-05-13.json
prompts/agent-product-launches/runs/foundation-pvp_arenasolutions.com_2026-05-13.json,e7b77a4724e9d449ca07364d5d0d204370bdce0f,55e1334b3b44a005b968a26d42e192d3ff2b142f4eb31a60d7fb7678869396f6,prompts/agent-product-launches/runs/foundation-pvp_arenasolutions.com_2026-05-13.json
prompts/agent-product-launches/runs/foundation-pvp_argodata.com_2026-05-13.json,1cb7b12596cf977e76767e9e31766f0a39d4af5d,9747963794eee10243b088196849f1da1b967b44844f301e9e08b45b80b39be6,prompts/agent-product-launches/runs/foundation-pvp_argodata.com_2026-05-13.json
prompts/agent-product-launches/runs/foundation-pvp_ariba.com_2026-05-13.json,e8510a4c610f4c6987826f7c591a2c7107548380,0d885ca84d7ebc9f24051a41565365d4ba379c5b5df2cc92e0b36197b7ec3f29,prompts/agent-product-launches/runs/foundation-pvp_ariba.com_2026-05-13.json
prompts/agent-product-launches/runs/foundation-pvp_arielcorp.com_2026-05-13.json,3cd305c5dab01210c7623f38101253ce01ec511c,c8f08295431b13b15fa100476cd0e32fa3526f94488ad789a66094060d7a0a90,prompts/agent-product-launches/runs/foundation-pvp_arielcorp.com_2026-05-13.json
prompts/agent-product-launches/runs/foundation-pvp_arietishealth.com_2026-05-13.json,b96ee4ce87aba452060c5cbfbe8822389e3b5363,3b747c317177823999000004853f71db41d97c5ba90311e0c7be292f10da4f6c,prompts/agent-product-launches/runs/foundation-pvp_arietishealth.com_2026-05-13.json
prompts/agent-product-launches/runs/foundation-pvp_arinco.com.au_2026-05-13.json,09891b9920f81261e1b306aa6081b282b1d28fec,c9c34eb82c039d685a8b39a1e5143ca7e06551beff61b0fe5c73ec751361f2d9,prompts/agent-product-launches/runs/foundation-pvp_arinco.com.au_2026-05-13.json
prompts/agent-product-launches/runs/foundation-pvp_arkoshealth.com_2026-05-13.json,166dc5b77b56ae072a7f2d5e64741a195e342ec8,7bcf845a69b875b049eb817cffde035c34156883d9bbf63e7c2aca5f61e4ad28,prompts/agent-product-launches/runs/foundation-pvp_arkoshealth.com_2026-05-13.json
prompts/agent-product-launches/runs/foundation-pvp_armstrongfluidtechnology.com_2026-05-13.json,795b57c8ebe51184242b3654bbb375daf3fd7330,294b50bf8886af442cdc167c22b46da9776f70be4465363b7fff6d249d15b6f9,prompts/agent-product-launches/runs/foundation-pvp_armstrongfluidtechnology.com_2026-05-13.json
prompts/agent-product-launches/runs/foundation-pvp_armstronginternational.com_2026-05-13.json,701f7d0916c7b81b62872a49a80fa8904674857d,a91c64b41cde3cd19d101b2a3e5a87489ca5fd92c95d407d79dbcfd872a09989,prompts/agent-product-launches/runs/foundation-pvp_armstronginternational.com_2026-05-13.json
prompts/agent-product-launches/runs/foundation-pvp_arn.com.au_2026-05-13.json,9ca943352fb022eb4643c3dcc218bb940cf2af91,04239779b4d648b031a64cf03993fa05fd90ac451f667bb58e34b1c10cd1ff20,prompts/agent-product-launches/runs/foundation-pvp_arn.com.au_2026-05-13.json
prompts/agent-product-launches/runs/foundation-pvp_aro.tech_2026-05-13.json,4e15c7e473fcad7ab88ba46654ba0218ed28bb39,96200fb68c0ea34dc3555feb4a336dba5e4f409f208b018f0d42d09f8454e7fe,prompts/agent-product-launches/runs/foundation-pvp_aro.tech_2026-05-13.json
prompts/agent-product-launches/runs/foundation-pvp_aroma360.com_2026-05-13.json,e4746bb776bb50c576368ff63a1d45c11e1a4d3c,ba95dbf41604e3b82f3b44914f364a65721cd76fa2b88200b589604d13a7add6,prompts/agent-product-launches/runs/foundation-pvp_aroma360.com_2026-05-13.json
prompts/agent-product-launches/runs/foundation-pvp_aroraengineers.com_2026-05-13.json,e25644008188781951c1f8194acd292a9492236a,0e8b77016a2127939ba3c49a4e8d0d4e121378bc75632ea33257f9e94ff53066,prompts/agent-product-launches/runs/foundation-pvp_aroraengineers.com_2026-05-13.json
prompts/agent-product-launches/runs/foundation-pvp_artisandesigngroup.us_2026-05-13.json,9f31e80218198d27fd2adccb5e2e08c9321e8128,21df3fb87e040c0c797be753403aa0d00ead204728a7154d0c9677e207056b39,prompts/agent-product-launches/runs/foundation-pvp_artisandesigngroup.us_2026-05-13.json
prompts/agent-product-launches/runs/foundation-pvp_asc-es.com_2026-05-13.json,604ec66af074b1efb4c9a49007fd58c3c0fc32e9,fdb25d722b8c08a6a46162278613955a40c1ea3b6ac829194a1b2316ac88e304,prompts/agent-product-launches/runs/foundation-pvp_asc-es.com_2026-05-13.json
prompts/agent-product-launches/runs/foundation-pvp_asce.org_2026-05-13.json,30f8db7ae3bfdfc405da20e80f211cdbcc787f1a,09afbece8dc01f15b49172c84f0be7b13fd88daf81b181342477deea53afe932,prompts/agent-product-launches/runs/foundation-pvp_asce.org_2026-05-13.json
prompts/agent-product-launches/runs/foundation-pvp_ascenderhcm.com_2026-05-13.json,a7e3390625a81ea59fdc0f01e924ce5961e16364,b93ebc411547f63a7897dbb0044caded442ba94d9feb6f6dccdf489cc49c965f,prompts/agent-product-launches/runs/foundation-pvp_ascenderhcm.com_2026-05-13.json
prompts/agent-product-launches/runs/foundation-pvp_ascent.io_2026-05-13.json,cde3409e7fdbeac30b9c8c56ba8ec523a2e15b69,ad3c5fa97fd776a942f69416eb39375bc814c819ffcd98310d598e4bd1cf9d16,prompts/agent-product-launches/runs/foundation-pvp_ascent.io_2026-05-13.json
prompts/agent-product-launches/runs/foundation-pvp_ascenti.co.uk_2026-05-13.json,8b508debf3ce92561a5f292706f0542061a08e1c,615f86790e868f0a0a9626f8e34c37414f7f06cd97b253d647bce96207b5f52a,prompts/agent-product-launches/runs/foundation-pvp_ascenti.co.uk_2026-05-13.json
prompts/agent-product-launches/runs/foundation-pvp_ascentt.com_2026-05-13.json,4c1643e1264fb0a6ca1013447b6044971a511f6b,19b55d01332c217704bf9ffd385f7875fa3f3f86ea542c78330406e9826d395c,prompts/agent-product-launches/runs/foundation-pvp_ascentt.com_2026-05-13.json
prompts/agent-product-launches/runs/foundation-pvp_asembia.com_2026-05-13.json,d56b09252e2695dc45676bb63309f498eb2aa187,e0d220f118acb404b8f99beb3ecebd4c012317d3ebeb1c6dd1f73af79672cd6c,prompts/agent-product-launches/runs/foundation-pvp_asembia.com_2026-05-13.json
prompts/agent-product-launches/runs/foundation-pvp_ashbrokerage.com_2026-05-13.json,e69049908517ca0a02dbcb60cfb113fc0d60c4b5,343ec9b3fc95c675375e0787966e3ff2c0e95a6a2548ce78d91d26215fb70c54,prompts/agent-product-launches/runs/foundation-pvp_ashbrokerage.com_2026-05-13.json
prompts/agent-product-launches/runs/foundation-pvp_asi.com.au_2026-05-13.json,dad20d046f3da958e5ca987be91288cb072788d9,59ae8449c98b414b67dfba9eb9676b3c5ed6905aad817d82250de6919a7fe198,prompts/agent-product-launches/runs/foundation-pvp_asi.com.au_2026-05-13.json
prompts/agent-product-launches/runs/foundation-pvp_asite.com_2026-05-13.json,c19ac71d3d92e32caf8a2ea99c845100c5786347,a6fba4e2f832d7660bcc67841b49d7fffff22e4fd7bd362b4f04e57575802ecd,prompts/agent-product-launches/runs/foundation-pvp_asite.com_2026-05-13.json
prompts/agent-product-launches/runs/foundation-pvp_asmwaypoint.com_2026-05-13.json,2e8607f5009621ae2fc44c4a691e7b40adc09d01,0c6c14a9e5abfba42e20b3a7a19671717a95bfb4514c281a4ad583948adde3e2,prompts/agent-product-launches/runs/foundation-pvp_asmwaypoint.com_2026-05-13.json
prompts/agent-product-launches/runs/foundation-pvp_aspenmp.com_2026-05-13.json,0b6419bed96217a7b95f34b300fef78054aab05f,b369cb596fddb4aa5c0193d570d47a9b0dff67506404086c5a733e1b03cb8460,prompts/agent-product-launches/runs/foundation-pvp_aspenmp.com_2026-05-13.json
prompts/agent-product-launches/runs/foundation-pvp_aspiraconnect.com_2026-05-13.json,fb5eceef9df1da155e06c0464a05c65b95e24049,21240e48af619d484fbf2aa6ac269e6124e373bc7c0f5ec61a184b4988daa2bd,prompts/agent-product-launches/runs/foundation-pvp_aspiraconnect.com_2026-05-13.json
prompts/agent-product-launches/runs/foundation-pvp_aspiresoftware.com_2026-05-13.json,236e88b4dee03541d36d0ef1f39a87b1bc346429,d6280bb1fc3cbba8abf54cc8e9ab2193fd5eb826c91d8a0a628f8a8a5adf9792,prompts/agent-product-launches/runs/foundation-pvp_aspiresoftware.com_2026-05-13.json
prompts/agent-product-launches/runs/foundation-pvp_assistrx.com_2026-05-13.json,0fca1258cc91cdccb4d2b5d1566ac364a41af257,998e0696fac827734f41567d74211c4cd50fb74c162a49d03a4b9ac5523df3cb,prompts/agent-product-launches/runs/foundation-pvp_assistrx.com_2026-05-13.json
prompts/agent-product-launches/runs/foundation-pvp_assuresoft.com_2026-05-13.json,c0c17b791ba8466faa06d29b6627363b68540151,b13e0e61e80166d143e364d54187c9c3a456cdc17ab024bbf222844ad08eb1ca,prompts/agent-product-launches/runs/foundation-pvp_assuresoft.com_2026-05-13.json
prompts/agent-product-launches/runs/foundation-pvp_astech.com_2026-05-13.json,10a8ef7e339bda34d0ba4363c29c3a1fb79197c9,dc5b9ba6a83e1cf9625c43a7a8ef72b528c2836a08f07421415ba8b329640575,prompts/agent-product-launches/runs/foundation-pvp_astech.com_2026-05-13.json
prompts/agent-product-launches/runs/foundation-pvp_astegic.com_2026-05-13.json,cde61e7a6a950465334c919c54e04bd380d47a52,766a608b6e6fbdeb8fd38e0b8f40cd2aca02518b64af214889377fbda4c1cbc6,prompts/agent-product-launches/runs/foundation-pvp_astegic.com_2026-05-13.json
prompts/agent-product-launches/runs/foundation-pvp_astm.org_2026-05-13.json,f9164fa95d7134a0af2d5165544094d9dc58b595,0c0cee05589bfaffb9ae4fe4c230d7140212bc0f1e9a9a8face900fc95bf22b2,prompts/agent-product-launches/runs/foundation-pvp_astm.org_2026-05-13.json
prompts/agent-product-launches/runs/foundation-pvp_astounddigital.com_2026-05-13.json,c0f36557c1844f9c8b51c4540aa949296c15efa5,8c223b1b0c4ac975a148d3b75501262493adaef6bc82bef4223a81035216849a,prompts/agent-product-launches/runs/foundation-pvp_astounddigital.com_2026-05-13.json
prompts/agent-product-launches/runs/foundation-pvp_ata-e.com_2026-05-13.json,b7c738809b69e987b5e4b467b940e9c2ab32fbaa,0470b531a9a0f86c4029fca39cdcd05147a61a62c23aebe8a6eb316f4bb1b822,prompts/agent-product-launches/runs/foundation-pvp_ata-e.com_2026-05-13.json
prompts/agent-product-launches/runs/foundation-pvp_atafreight.com_2026-05-13.json,89c03faf598aa9a6010b08b1e4b0b5f223f2823d,cc498700bf14e74adc75ee6f30a9cad8d4221c86b32d6a89fab030419c0f4362,prompts/agent-product-launches/runs/foundation-pvp_atafreight.com_2026-05-13.json
prompts/agent-product-launches/runs/foundation-pvp_atgusa.com_2026-05-13.json,0eff687cb97c7b6fe8fb7a3f668a64d5ec3533e3,0076ceae83fa88ebafa442db9df52b62a670e376c00c2486f138baa08f01b01d,prompts/agent-product-launches/runs/foundation-pvp_atgusa.com_2026-05-13.json
prompts/agent-product-launches/runs/foundation-pvp_atitesting.com_2026-05-13.json,af067ac411d9ac2c617cad77a6e3a0526cadb4db,9d1288320c14aabf13a71915cd98537ecb83f9afe5b253c659fbe589d8f704cf,prompts/agent-product-launches/runs/foundation-pvp_atitesting.com_2026-05-13.json
prompts/agent-product-launches/runs/foundation-pvp_atom.com.au_2026-05-13.json,5fc35e0c0504276a9d7931f4f9253d4462d4a036,05a6e5c0d85a30488ea7fda335a31646d7ef6cd3aae76d6fd97b4573914eb853,prompts/agent-product-launches/runs/foundation-pvp_atom.com.au_2026-05-13.json
prompts/agent-product-launches/runs/foundation-pvp_atp.com_2026-05-13.json,27a922a9368675403610dca8c7c6c0b7f85caa04,cb4efe4740baf14de1dd07f7bd78ffcfce78e81c0046d93d5695cdaa19fd82a9,prompts/agent-product-launches/runs/foundation-pvp_atp.com_2026-05-13.json
prompts/agent-product-launches/runs/foundation-pvp_atriummed.com_2026-05-13.json,bc437046bf63a64a9dc1bc64ced64b135ad353ac,a8a68b30a4484be70eec78a531e629c9226c7003a81c0dd73fdb87429ae13650,prompts/agent-product-launches/runs/foundation-pvp_atriummed.com_2026-05-13.json
prompts/agent-product-launches/runs/foundation-pvp_attainpartners.com_2026-05-13.json,57be5be66b201013ad5faa2740395af46269c413,05b8a9b18ce5fcc63efa690e662d9aac7064a68df5c3663165aafcec067f6258,prompts/agent-product-launches/runs/foundation-pvp_attainpartners.com_2026-05-13.json
prompts/agent-product-launches/runs/foundation-pvp_atypon.com_2026-05-13.json,ea963e89166937400ac0ec9541f3d7162894b2bf,8275d1e4a88d6096626405b0e7ec8d264650acd9f59fee4dd09853ac76077064,prompts/agent-product-launches/runs/foundation-pvp_atypon.com_2026-05-13.json
prompts/agent-product-launches/runs/foundation-pvp_aucera.com_2026-05-13.json,56738531794c3aeb9a5a0369b494f6ba0108ad16,3cd416f36d6ea49dc3dbbd972be8b52805a2725bbaea3a249b528c443478f2fb,prompts/agent-product-launches/runs/foundation-pvp_aucera.com_2026-05-13.json
prompts/agent-product-launches/runs/foundation-pvp_augeomarketing.com_2026-05-13.json,97420022c2438fc2dc320aca154a2dd94153e6ce,108f39f14ccaa541f63bf4b2d35165528abb037a158f5f7e1be66c17f63d8355,prompts/agent-product-launches/runs/foundation-pvp_augeomarketing.com_2026-05-13.json
prompts/agent-product-launches/runs/foundation-pvp_aurea.com_2026-05-13.json,7c10ef1cbd82fc4aa2ad842eddddd84849ea1fce,32529fb7271cf148be71398b4a52b55040917514106466aa3519528850de5482,prompts/agent-product-launches/runs/foundation-pvp_aurea.com_2026-05-13.json
prompts/agent-product-launches/runs/foundation-pvp_aureon.com_2026-05-13.json,71c885dc2a8ae20552e7f4a81ec4e644b1dd9aaf,5e84e5eb7e73ad5169517396ea6df4129d4f0369b3003f4f6b45058b20b751d9,prompts/agent-product-launches/runs/foundation-pvp_aureon.com_2026-05-13.json
prompts/agent-product-launches/runs/foundation-pvp_auria.space_2026-05-13.json,18e5642a5a67946229ede5ce04eb1a3c1d52538d,24e96511597025f89fb49958bf503036425ebc064746df6aa00a6827184db96e,prompts/agent-product-launches/runs/foundation-pvp_auria.space_2026-05-13.json
prompts/agent-product-launches/runs/foundation-pvp_auroraer.com_2026-05-13.json,a31be5c02b4ef7181309ac33f21f05ae01caf46f,89113e1674de257e2dd1d05f15b9dd11827b6b9907e31de89b6db1e15ecfcdce,prompts/agent-product-launches/runs/foundation-pvp_auroraer.com_2026-05-13.json
prompts/agent-product-launches/runs/foundation-pvp_authoritypartners.com_2026-05-13.json,b09c66888d45d8a3b982fb93a263ef68bb0e18c8,f08c1a49c66e7e8ea05d970634ab76d3dfb552254f1092e3303ca8875b82e560,prompts/agent-product-launches/runs/foundation-pvp_authoritypartners.com_2026-05-13.json
prompts/agent-product-launches/runs/foundation-pvp_autocab.com_2026-05-13.json,638bedc02415ae3759e34a5dce1b6bfbc2d1e2b8,e224434e8d0c8ebd55002e7bd4b5e2e00efb1c70a234e50446a1fe6bd45d074f,prompts/agent-product-launches/runs/foundation-pvp_autocab.com_2026-05-13.json
prompts/agent-product-launches/runs/foundation-pvp_autopay.com_2026-05-13.json,3cb68b9dbb802b105db048d13487b0aff7e5a2e3,5ffaf06093d1400b3d5650d01669e45266e69bd2b83f1613b0ead2a91e66b22f,prompts/agent-product-launches/runs/foundation-pvp_autopay.com_2026-05-13.json
prompts/agent-product-launches/runs/foundation-pvp_autotec.com_2026-05-13.json,d14327d653d25c35eded5ea8e2319cb00cca0e8b,240ca402737399fca10ad8c8a8a6196617eb035c2219cec8d7dd92f0b97b153b,prompts/agent-product-launches/runs/foundation-pvp_autotec.com_2026-05-13.json
prompts/agent-product-launches/runs/foundation-pvp_avantivesolutions.com_2026-05-13.json,da350e357b41ba88d60c2b59a3dcf23fabf1ef3b,0ff3b7ef1e8eb72b1dab7b5fe4bbae5e4cbb7f25882a1cace6170d9a8b7e01b3,prompts/agent-product-launches/runs/foundation-pvp_avantivesolutions.com_2026-05-13.json
prompts/agent-product-launches/runs/foundation-pvp_avasant.com_2026-05-13.json,c1c416dc80f0d5fdf90147b1abcf6c27ce5ee115,0226843e8bf5d71c32f6001a4450e749c6248c9c269f4158e7a480093c382e9e,prompts/agent-product-launches/runs/foundation-pvp_avasant.com_2026-05-13.json
prompts/agent-product-launches/runs/foundation-pvp_avaskgroup.com_2026-05-13.json,695ad75c018ee1e00ca7b4fb78842ffe93f4e0f9,09aa6f4865f3ace34ea1283ca3f1ce7a8c65c23c7e9dc26f53e4c1e3b173ce8b,prompts/agent-product-launches/runs/foundation-pvp_avaskgroup.com_2026-05-13.json
prompts/agent-product-launches/runs/foundation-pvp_avenuinsights.com_2026-05-13.json,f85195682ce509f462551154e15924746476c3f8,8a6bf7643b0849c42d7212476744857a1cbb23c624f38e97555809d442dca073,prompts/agent-product-launches/runs/foundation-pvp_avenuinsights.com_2026-05-13.json
prompts/agent-product-launches/runs/foundation-pvp_averhealth.com_2026-05-13.json,b6ed08890b71f951515b90d13a698c7651635b7e,d89f80590a469db8aa832843a16bb660b046ac09ecec69d016a7f47f9836b3d4,prompts/agent-product-launches/runs/foundation-pvp_averhealth.com_2026-05-13.json
prompts/agent-product-launches/runs/foundation-pvp_averyweigh-tronix.com_2026-05-13.json,b2b1af1ad4e3dee6ec64636ce346d084b701b5d8,1f95cecbbe6850bb3bbc3251240f407fd1717fac5d1423d5b36aa4037763b2c4,prompts/agent-product-launches/runs/foundation-pvp_averyweigh-tronix.com_2026-05-13.json
prompts/agent-product-launches/runs/foundation-pvp_aviatnetworks.com_2026-05-13.json,d41586f66af904a683701246e6de7996493e6230,04ba3da789e66b7e552e05bd6ba651e192afefe78541600eb3a745f01fe9856a,prompts/agent-product-launches/runs/foundation-pvp_aviatnetworks.com_2026-05-13.json
prompts/agent-product-launches/runs/foundation-pvp_avigilon.com_2026-05-13.json,684196cdea843763128e57d566ae254eee97175a,5a5e5ad95f4a8466f623a0baeaee308550642fcc3a32248869c198e625cc7217,prompts/agent-product-launches/runs/foundation-pvp_avigilon.com_2026-05-13.json
prompts/agent-product-launches/runs/foundation-pvp_avimark.net_2026-05-13.json,0d95227e1b6a6137d111d92a32c825de92acfd10,e674795a66efd87f7f7652e2384955d63346f89420a3ec3c6905e210f38b898d,prompts/agent-product-launches/runs/foundation-pvp_avimark.net_2026-05-13.json
prompts/agent-product-launches/runs/foundation-pvp_avineon.com_2026-05-13.json,c1ff59cc27e5ab3fba5a0db5fde39aa5b2070e85,0de503846067d652cd1201310b741ba86f543eb2c9d7f477f43ca7eda8923c9d,prompts/agent-product-launches/runs/foundation-pvp_avineon.com_2026-05-13.json
prompts/agent-product-launches/runs/foundation-pvp_avizva.com_2026-05-13.json,108d189d160dd408262c5f86b26a335a8adf2b53,27cbe26be8ef822667c05732b23b2488ffa040ba4eb692305f9c32ce1651e67f,prompts/agent-product-launches/runs/foundation-pvp_avizva.com_2026-05-13.json
prompts/agent-product-launches/runs/foundation-pvp_awesomecx.com_2026-05-13.json,5936a57008c95565b06bae70fad7a7238c8f9964,d3ffd868a54bbbb94a9686cca9de79dc094bb33822e7269a10f4fe701e036281,prompts/agent-product-launches/runs/foundation-pvp_awesomecx.com_2026-05-13.json
prompts/agent-product-launches/runs/foundation-pvp_awesomeos.com_2026-05-13.json,facf68a32c1c17cee9701cdd4cc37b269d39a98b,42dd371dd5e607bc112ce2bd9bafbbfff54f2ee499540be3264fd31682c4a83d,prompts/agent-product-launches/runs/foundation-pvp_awesomeos.com_2026-05-13.json
prompts/agent-product-launches/runs/foundation-pvp_axinn.com_2026-05-13.json,fa68d9c49f0afb1ebe4bffac3dae8d85fc69b473,110106ad2f005bfd54ce27e15cb7b367e46ba7772bc8f949e05f089d297f6771,prompts/agent-product-launches/runs/foundation-pvp_axinn.com_2026-05-13.json
prompts/agent-product-launches/runs/foundation-pvp_axiomtechnologies.com_2026-05-13.json,fb1d670dd13190290512229b43478088e50006db,e38e06faa69b886893fbfe4f3ecd6ef3377dcfb056bfe01d1629cb001671c5f0,prompts/agent-product-launches/runs/foundation-pvp_axiomtechnologies.com_2026-05-13.json
prompts/agent-product-launches/runs/foundation-pvp_axisinsurance.ca_2026-05-13.json,4a34d6f6c5c8550a6ffcb09b651fc1a0a3086d85,f6f9aa4e64d10198900db10d1086f5d0365bf3bf489657792d0e2b7d303612a8,prompts/agent-product-launches/runs/foundation-pvp_axisinsurance.ca_2026-05-13.json
prompts/agent-product-launches/runs/foundation-pvp_axlelogistics.com_2026-05-13.json,3a484cd2358388b6ea8188fdcde4006eae28a817,0bf0057cb87c9b57c148151859d0fbb72129b88bc9007ed584a9f1af259d4449,prompts/agent-product-launches/runs/foundation-pvp_axlelogistics.com_2026-05-13.json
prompts/agent-product-launches/runs/foundation-pvp_azarahealthcare.com_2026-05-13.json,c9bfef0bf80ce36eb643dcc6afeec31b90245a19,eb90e0b4a1a3d21b6bc11010420085d54090455940b822f492a73a1a00f84246,prompts/agent-product-launches/runs/foundation-pvp_azarahealthcare.com_2026-05-13.json
prompts/agent-product-launches/runs/foundation-pvp_azilen.com_2026-05-13.json,41bf9a479fb272ec7996ad90b412373380e58c2e,a94bfa29c8eea53f1cf450af72fea5dc0be55bed27ee67bcd120619958a84cf3,prompts/agent-product-launches/runs/foundation-pvp_azilen.com_2026-05-13.json
prompts/agent-product-launches/runs/foundation-pvp_b2be.com_2026-05-13.json,05073faecfb296c80df82f59bf3989fc10f3b0a1,2c521a70fd8da5d34aaca6835079b351d73da5273642aef05c97fef56e6087d3,prompts/agent-product-launches/runs/foundation-pvp_b2be.com_2026-05-13.json
prompts/agent-product-launches/runs/foundation-pvp_bai.org_2026-05-13.json,aa7ae39dddb12dfffd555d13b6c6a5b67729a38d,7a7df2b61c4596d30c7a91f8e6b2386b921d6262013a8742c882a756e562cba4,prompts/agent-product-launches/runs/foundation-pvp_bai.org_2026-05-13.json
prompts/agent-product-launches/runs/foundation-pvp_baltimoreaircoil.com_2026-05-13.json,fa5f4521bdea35411de5c189a7a5ddf10f96c818,205dff49f25fee2ec1ef5f32042c4d5e32f70def9160afe099c13870b2b71fce,prompts/agent-product-launches/runs/foundation-pvp_baltimoreaircoil.com_2026-05-13.json
prompts/agent-product-launches/runs/foundation-pvp_bamtech.net_2026-05-13.json,d182809d39969a31eed680285cc2f65e8e5ee560,55431a8eebab4169efeebc98207df26bd11082e9ac444d859497080dc6d90687,prompts/agent-product-launches/runs/foundation-pvp_bamtech.net_2026-05-13.json
prompts/agent-product-launches/runs/foundation-pvp_banyanmed.com_2026-05-13.json,3a3fe4eefb330afd284f0f874657fcadd3090e5d,258b5d72944fbc99800879ae442892e07288364b02f32a1068da71b3be3170cc,prompts/agent-product-launches/runs/foundation-pvp_banyanmed.com_2026-05-13.json
prompts/agent-product-launches/runs/foundation-pvp_barbri.com_2026-05-13.json,a2f6090679761471e5510783f01c3c388207b334,c31bbe8226c5cd1c66aabb7bc1c9c8e8fb717627da90ffb2bf829c8681dc97f4,prompts/agent-product-launches/runs/foundation-pvp_barbri.com_2026-05-13.json
prompts/agent-product-launches/runs/foundation-pvp_bareinternational.com_2026-05-13.json,d59a4ab7644ba5d0db33448e6af143b645388ca1,679fec7b7b70ebe38aa67a8744e95bf1c87cb3749d2d9c30d5d5c7c366196f60,prompts/agent-product-launches/runs/foundation-pvp_bareinternational.com_2026-05-13.json
prompts/agent-product-launches/runs/foundation-pvp_barnett-waddingham.co.uk_2026-05-13.json,fdf9ad8b6648f9b89b9fb22b536cf0440e46eb88,548f1b3b937520be4b35c3e208e4141b3030b58df1d804b34670a9018cf20065,prompts/agent-product-launches/runs/foundation-pvp_barnett-waddingham.co.uk_2026-05-13.json
prompts/agent-product-launches/runs/foundation-pvp_barrister.com_2026-05-13.json,a393bec45b44a65547d2ed50a008ef36a62737ac,fd1691f21b3e5feadb1f2a4c0f0665968f01d44c092a52a25f871b2671c07a88,prompts/agent-product-launches/runs/foundation-pvp_barrister.com_2026-05-13.json
prompts/agent-product-launches/runs/foundation-pvp_basler.com_2026-05-13.json,3642709d7b7733e17c26224af80b1faa2cb1263d,7ea16ffd7c15917c30b24de40108ce8b4f46fa35708b5341f7dfe0280547d488,prompts/agent-product-launches/runs/foundation-pvp_basler.com_2026-05-13.json
prompts/agent-product-launches/runs/foundation-pvp_basyspro.com_2026-05-13.json,8d56e970c9456a3de868c5df7c1c1ad7d7517446,c4e3fe932f170b30ba79b5b1cd895c82c4bcc6150171e40652981ed6d59e87f4,prompts/agent-product-launches/runs/foundation-pvp_basyspro.com_2026-05-13.json
prompts/agent-product-launches/runs/foundation-pvp_batchmaster.com_2026-05-13.json,5362eae82b3b97c1b65dc64fced8c53ab56c39bb,8e5b157143ac75bddaab6a07689dbb904e5336e4af53e03e95d39f28e2326aaa,prompts/agent-product-launches/runs/foundation-pvp_batchmaster.com_2026-05-13.json
prompts/agent-product-launches/runs/foundation-pvp_bazaarvoice.com_2026-05-13.json,3556d7a4eda5888ab2231657695649a4ee4b56b8,43571f9fbfa93f4c57f8053239bd7d94c3216b932d80fe401016b47f91c88e1c,prompts/agent-product-launches/runs/foundation-pvp_bazaarvoice.com_2026-05-13.json
prompts/agent-product-launches/runs/foundation-pvp_bcdvideo.com_2026-05-13.json,5bdd7a4130ac9799695be8d84c22c9e8626b098b,ea380567a406b294c87222fb9937865ac70e75843889f8bedbcba16745ef52fa,prompts/agent-product-launches/runs/foundation-pvp_bcdvideo.com_2026-05-13.json
prompts/agent-product-launches/runs/foundation-pvp_bcicentral.com_2026-05-13.json,60bc03ec96fea9735995d1437367bf73a972676b,271fd9fa3d1618d893bd6217fd5a9ce1d96846f23a2ecadffdc1fad04e87a9ba,prompts/agent-product-launches/runs/foundation-pvp_bcicentral.com_2026-05-13.json
prompts/agent-product-launches/runs/foundation-pvp_bcn.co.uk_2026-05-13.json,8335a976ef55a08ca6b081e5d481676005297308,8697af2961fe290e17d5d9be5bdf3d6ebf95f29be57dee3f3cce62b15fa7613a,prompts/agent-product-launches/runs/foundation-pvp_bcn.co.uk_2026-05-13.json
prompts/agent-product-launches/runs/foundation-pvp_bcone.com_2026-05-13.json,0ebf50aca3b19812b7d3fade031d5b7672ea8136,2112b4b39e7a55630e70ca505030aa593bf9150d170cff187b852223c2f8a96a,prompts/agent-product-launches/runs/foundation-pvp_bcone.com_2026-05-13.json
prompts/agent-product-launches/runs/foundation-pvp_bdpinternational.com_2026-05-13.json,e9490360cd1f8bf914c13041540d98dc8ff6a763,da861dc9c8794a7f454da1fa1c26fdde8cc88a6de6cfebcd2c8e95dc9cdab318,prompts/agent-product-launches/runs/foundation-pvp_bdpinternational.com_2026-05-13.json
prompts/agent-product-launches/runs/foundation-pvp_becker.com_2026-05-13.json,d17cf1d26ffeaaef87c9339c8980aee36844a716,940576ced248b8ac1892a00148e97644d814670144e8a623dbec8e5df125c6d5,prompts/agent-product-launches/runs/foundation-pvp_becker.com_2026-05-13.json
prompts/agent-product-launches/runs/foundation-pvp_behavioralhealthlink.com_2026-05-13.json,3fbcb01629f46f0f88cce1c73025430eb314aa0d,c32c889cc7d77912b50f2a7ccf424d130294437fd8903761ffe934ee703e7790,prompts/agent-product-launches/runs/foundation-pvp_behavioralhealthlink.com_2026-05-13.json
prompts/agent-product-launches/runs/foundation-pvp_bellmedex.com_2026-05-13.json,54ec353ee4f3766aca31434d957f7c1b7be29bdd,0293f1bf8aaf6e42992581f88699353e6c82cdbd4f4b13cd6fc730652074872f,prompts/agent-product-launches/runs/foundation-pvp_bellmedex.com_2026-05-13.json
prompts/agent-product-launches/runs/foundation-pvp_benchmarkeducation.com_2026-05-13.json,caa57082e79b4376be2f2d5f167896646d88fd44,96fc5a0841ef1aa5f8dbe4b4c82c105f351f27f50d1aca63ab2dc31b9bf40a6c,prompts/agent-product-launches/runs/foundation-pvp_benchmarkeducation.com_2026-05-13.json
prompts/agent-product-launches/runs/foundation-pvp_benchmarkit.solutions_2026-05-13.json,59f5eef73289d4193b961f7e4bd16860ee4b63d3,f36c4ae14285f2e712b731d6d8aaac714fca4da40b220fea2aa1e0e43966f4de,prompts/agent-product-launches/runs/foundation-pvp_benchmarkit.solutions_2026-05-13.json
prompts/agent-product-launches/runs/foundation-pvp_benecon.com_2026-05-13.json,42aac4953b128a8f53c2c2f16ace13633d7fbc49,54328aa990cf50fb588656f43ab254eb8c8090dab40fda670bb2cc0d69caabd2,prompts/agent-product-launches/runs/foundation-pvp_benecon.com_2026-05-13.json
prompts/agent-product-launches/runs/foundation-pvp_bettercarpeople.com_2026-05-13.json,db35393afba8bd1c40f356befdc647d41f034bb7,41c115f2e123981bc39f425d36148d9138eb8b1f6e707b02f814abd94dd38cdb,prompts/agent-product-launches/runs/foundation-pvp_bettercarpeople.com_2026-05-13.json
prompts/agent-product-launches/runs/foundation-pvp_beyondcodes.com_2026-05-13.json,94fb508d4eb3c41a9daa3a7f4a75ebe914227119,521ce38e4565583018d165df3f5f5d0720e296ed6063781c27f5df5b7ae33f1b,prompts/agent-product-launches/runs/foundation-pvp_beyondcodes.com_2026-05-13.json
prompts/agent-product-launches/runs/foundation-pvp_beyondtechnologies.com_2026-05-13.json,5230150b3c378fcd92ed22c612039f4e27c81bc6,1e63f72731d37520e67c1a6cd55788e61572a56e04453fd7d3bab6a728edb73a,prompts/agent-product-launches/runs/foundation-pvp_beyondtechnologies.com_2026-05-13.json
prompts/agent-product-launches/runs/foundation-pvp_biamp.com_2026-05-13.json,930a0414b88a75f985fc329cb3a7f839de8b5c64,a29eacd6979840e653a9d66f08785ec044c25120c353f3357fbcf21c01c90d81,prompts/agent-product-launches/runs/foundation-pvp_biamp.com_2026-05-13.json
prompts/agent-product-launches/runs/foundation-pvp_bibliotheca.com_2026-05-13.json,7747b5510a56128f85be6518401701d7bb6196bf,40098484f58f2b9951bd289ee736404517b87df68f7f6db784d30b85b0e564f5,prompts/agent-product-launches/runs/foundation-pvp_bibliotheca.com_2026-05-13.json
prompts/agent-product-launches/runs/foundation-pvp_billigence.com_2026-05-13.json,4bc6ae186068138bf1885ebfad66debdb9ddeab0,45e8cc2b21d99e3b47a83e08ae821a3ad77d1b6d4adccd4130e6348c4d4ec34b,prompts/agent-product-launches/runs/foundation-pvp_billigence.com_2026-05-13.json
prompts/agent-product-launches/runs/foundation-pvp_bimba.com_2026-05-13.json,3e7fe3bd014b3ff33abaf63c06317da8041474a1,749f982078bcd9a242f61896ca2ee476f05d28c771fa96cfd886158547b7a788,prompts/agent-product-launches/runs/foundation-pvp_bimba.com_2026-05-13.json
prompts/agent-product-launches/runs/foundation-pvp_binariks.com_2026-05-13.json,8d34d9dfd789e83ea00ec921f92140cc569ed46d,b9e09d9e90e86628b855a115d7e68ce88f93d51bc36cbc08cfa221882c8543da,prompts/agent-product-launches/runs/foundation-pvp_binariks.com_2026-05-13.json
prompts/agent-product-launches/runs/foundation-pvp_biotech.com_2026-05-13.json,d65447c3df6fe6fcd55f2baef0985cbc54e2bf97,bcaa44c21e2d35690487322f6a258bc1d878f9a56ff57422ad542c23d24142dd,prompts/agent-product-launches/runs/foundation-pvp_biotech.com_2026-05-13.json
prompts/agent-product-launches/runs/foundation-pvp_bishopfleming.co.uk_2026-05-13.json,7d68512c260ef045cb98d1427c31cbe75ebd162e,7f0c3b9b5618971822ac7a7462fd5a9303200cc7fa45b2901814081b151c017c,prompts/agent-product-launches/runs/foundation-pvp_bishopfleming.co.uk_2026-05-13.json
prompts/agent-product-launches/runs/foundation-pvp_bisk.com_2026-05-13.json,a30a4d3e7b0475cefd36b66e5c2bb8f84dd9bac1,6ae75b7663ad8fe48e9e4f0fe7c0f9945104772bd7280a6f9d9dd314c1640fd9,prompts/agent-product-launches/runs/foundation-pvp_bisk.com_2026-05-13.json
prompts/agent-product-launches/runs/foundation-pvp_bistasolutions.com_2026-05-13.json,573c705a4811462d7d22b261f8844a93078cdb7e,01558f19b7d52aba8aa16a33d4a2007ba34386c2188e8d4b420099a5880a643f,prompts/agent-product-launches/runs/foundation-pvp_bistasolutions.com_2026-05-13.json
prompts/agent-product-launches/runs/foundation-pvp_bizerba.com_2026-05-13.json,0570675bf9d0ab03397b00f7fce63b3ae1dc039a,78f9e829264b6dc64a857ba723333b3af4c6b1d5085d51c78063ce9be0f029fb,prompts/agent-product-launches/runs/foundation-pvp_bizerba.com_2026-05-13.json
prompts/agent-product-launches/runs/foundation-pvp_bjss.com_2026-05-13.json,7ed2d2ad0239428610ecf5ce02ed6deb0edc5598,e721d2edb0a04b93329aa04e741ac2c1fd6e0e6c651be0d561b579abb200bb61,prompts/agent-product-launches/runs/foundation-pvp_bjss.com_2026-05-13.json
prompts/agent-product-launches/runs/foundation-pvp_bkmedical.com_2026-05-13.json,7fa309b5c7eb2841779a26df8277fbaf0db164bc,2935e46daf90f614ae1984d472fca4f3c955a302a1342ce58b3d8f4d63e639f6,prompts/agent-product-launches/runs/foundation-pvp_bkmedical.com_2026-05-13.json
prompts/agent-product-launches/runs/foundation-pvp_blackboard.com_2026-05-13.json,9efd4f467b948bac708dd54e45db3256a9269dca,8a7638b513a8a064a950162f57e557ce3b0a2defb23fe14b90400bee28b798f5,prompts/agent-product-launches/runs/foundation-pvp_blackboard.com_2026-05-13.json
prompts/agent-product-launches/runs/foundation-pvp_blackstraw.ai_2026-05-13.json,21bc4ea768f8df9f3fb82c57b0db83ea59e0f4e3,3e99664b2a32596e616fb66bc192c8679ea7c6dfdcce94c5f05a823b414a0974,prompts/agent-product-launches/runs/foundation-pvp_blackstraw.ai_2026-05-13.json
prompts/agent-product-launches/runs/foundation-pvp_blinemedical.com_2026-05-13.json,7347f30f23ca92a67a1d8352f6992e71a7a8a738,0bdf411d6b401c83a97f2fa771aa820ad17f5f7a31908b3839cec13284944625,prompts/agent-product-launches/runs/foundation-pvp_blinemedical.com_2026-05-13.json
prompts/agent-product-launches/runs/foundation-pvp_blue.co.uk_2026-05-13.json,03b91380f0758a6b79f8e5907e84628883502bbb,ff3ceff54d03e37800a1d4c7a5ad6ba908f220a244136e84b208ff9427ab1bd9,prompts/agent-product-launches/runs/foundation-pvp_blue.co.uk_2026-05-13.json
prompts/agent-product-launches/runs/foundation-pvp_blueowl.xyz_2026-05-13.json,9eae436d62b409db759a40e0f3ba2ab2a3b0e770,2d44b16fcc0ea2cfe2fcd14c6439bf731dae10f49ee8bac3167ad646d372ddd6,prompts/agent-product-launches/runs/foundation-pvp_blueowl.xyz_2026-05-13.json
prompts/agent-product-launches/runs/foundation-pvp_bluestarinc.com_2026-05-13.json,04a41bff944de93b9fcd5f00e4d246ed603fb03c,842174b4b70ce5f128a0cee9a16dd6a9645fe6c27264ad233bd6c6dd515a4513,prompts/agent-product-launches/runs/foundation-pvp_bluestarinc.com_2026-05-13.json
prompts/agent-product-launches/runs/foundation-pvp_bluum.com_2026-05-13.json,bf3e10d0f1b455787236fbf6b1028c6f8a99c97c,c3853561295c0b15dc656b5556b919e798d41bfd5cc07fe55ce2ae729266a246,prompts/agent-product-launches/runs/foundation-pvp_bluum.com_2026-05-13.json
prompts/agent-product-launches/runs/foundation-pvp_bmj.com_2026-05-13.json,ba88de791f9f6de8b400eb45ecee9e884fd78b84,be80499163c315b88051498e37270d741f177ccdc9b2769a140211ab18ffda33,prompts/agent-product-launches/runs/foundation-pvp_bmj.com_2026-05-13.json
prompts/agent-product-launches/runs/foundation-pvp_boldrimpact.com_2026-05-13.json,130aab09f9f1804b04c2c6ee68fd4d96660c0d97,06dd1963e5e631ccf7502015d0b6afb56424f94d236bb7bb5634590c72dedab1,prompts/agent-product-launches/runs/foundation-pvp_boldrimpact.com_2026-05-13.json
prompts/agent-product-launches/runs/foundation-pvp_bonbloc.com_2026-05-13.json,e1da98e51463efbb8fa2dcbf0a482797cf7b5b7d,32891b38cb4d2fa2326eba60866d2328eab34c5b2631eb1e23949f4ccb51d376,prompts/agent-product-launches/runs/foundation-pvp_bonbloc.com_2026-05-13.json
prompts/agent-product-launches/runs/foundation-pvp_bondbrandloyalty.com_2026-05-13.json,7a0fb92e56ddd122415e702076135ce9b405f942,40e990a54fa8bf552fd8ecaf2fd942e365223f0083fd17c1ea871c5a4c54bd1b,prompts/agent-product-launches/runs/foundation-pvp_bondbrandloyalty.com_2026-05-13.json
prompts/agent-product-launches/runs/foundation-pvp_borealisai.com_2026-05-13.json,64736adff68638019bb70bc747758b452126c10f,1eda2a98f5b0b821a9b1ece2a11f43efe2396275bdc6710af31055c8ad05b78a,prompts/agent-product-launches/runs/foundation-pvp_borealisai.com_2026-05-13.json
prompts/agent-product-launches/runs/foundation-pvp_bostoninstituteofanalytics.org_2026-05-13.json,0ef2e48503034dba26570c81ce25d720f7952246,3449816d8736cbb2bedabc4d10bb37883c6e81a02e4bd2532ed27fe3f04bde62,prompts/agent-product-launches/runs/foundation-pvp_bostoninstituteofanalytics.org_2026-05-13.json
prompts/agent-product-launches/runs/foundation-pvp_bottomline.com_2026-05-13.json,7787f5f273064f3ac70085a358527abbf9ce25bc,7612b6e0f95855fdc26804c76cf23d4883a180496843aced365fff6a0f650aa7,prompts/agent-product-launches/runs/foundation-pvp_bottomline.com_2026-05-13.json
prompts/agent-product-launches/runs/foundation-pvp_bourntec.com_2026-05-13.json,9bf5587e05a96d94407a03a5d62e82a4f279e41e,37cb5a1215ad2fbd3b9b0de2cd7d0e4f8458b6e235e711cfac97b921b3f991d1,prompts/agent-product-launches/runs/foundation-pvp_bourntec.com_2026-05-13.json
prompts/agent-product-launches/runs/foundation-pvp_bpaquality.com_2026-05-13.json,8d40c2bd9f8b594bd0f940591252871622d7f5ff,792e2023443e2aeefa1766f8264244ef3c5474412ccf1c114f5595d0832a6500,prompts/agent-product-launches/runs/foundation-pvp_bpaquality.com_2026-05-13.json
prompts/agent-product-launches/runs/foundation-pvp_bpcs.com_2026-05-13.json,5d9c56c912df7b75034a308f524744defd7fc4d5,13dd06b80478b375cc5a479a595a8ee8fb925a77dc1064d16ef2f30465234cab,prompts/agent-product-launches/runs/foundation-pvp_bpcs.com_2026-05-13.json
prompts/agent-product-launches/runs/foundation-pvp_bplgroup.com_2026-05-13.json,f1d384229feab44efb32663431270bbafe27e2d3,3bfd49d5c71581801e442667b8c4e2c4846f8b8548bb785437752b0b81419b8f,prompts/agent-product-launches/runs/foundation-pvp_bplgroup.com_2026-05-13.json
prompts/agent-product-launches/runs/foundation-pvp_bpm.com_2026-05-13.json,a9546931fb48679cd62f2b14b479d8f6dcdda74c,9a73e5e72ddeff70a222f409cb3c4e2918d759f49b94c9f4d4c4f4ce2f62387d,prompts/agent-product-launches/runs/foundation-pvp_bpm.com_2026-05-13.json
prompts/agent-product-launches/runs/foundation-pvp_bpsoftware.net_2026-05-13.json,8d26a4cfb6cbdcbf9ae855e4b3da4145e054747b,6c0ace168c3f815669baac8af24b6bdc5138adac0cc9ed8f3a81887f74095042,prompts/agent-product-launches/runs/foundation-pvp_bpsoftware.net_2026-05-13.json
prompts/agent-product-launches/runs/foundation-pvp_brahmaai.com_2026-05-13.json,f771a335c4b31810fdc6f6cb3389225dd03ff1c7,e4aa40ebfd021373b41e86516b88ebc71992d19e34580c875de194d34b94f4b3,prompts/agent-product-launches/runs/foundation-pvp_brahmaai.com_2026-05-13.json
prompts/agent-product-launches/runs/foundation-pvp_brainstation.io_2026-05-13.json,35037a1dc2ed4acaee32d39273bb4a124c429ac2,3379aa54981e022835bc341ee265a3558cdc8e4039aadbd246541f5a0e1a49bc,prompts/agent-product-launches/runs/foundation-pvp_brainstation.io_2026-05-13.json
prompts/agent-product-launches/runs/foundation-pvp_brainvire.com_2026-05-13.json,231ccf545e85ef826021b68e563a4039e04527fc,72154c35edbfb8f5222a2e5096ccdd43c3443fb0f30317fc2a1b738574f0be03,prompts/agent-product-launches/runs/foundation-pvp_brainvire.com_2026-05-13.json
prompts/agent-product-launches/runs/foundation-pvp_brandt.co_2026-05-13.json,51203b441e690d9ed1537b1a744b20cd39bda470,14c86ce68ceee846f1b24c2f2f82a55cc379d789779e02649f50b5dc139aa26b,prompts/agent-product-launches/runs/foundation-pvp_brandt.co_2026-05-13.json
prompts/agent-product-launches/runs/foundation-pvp_brandwatch.com_2026-05-13.json,1c4f7de26c65df3cb5875024f6f92ae35a04320c,092dd7f42d4add3d63a24148473b0c8c9f559b9175b0022036e21de1cfa9726a,prompts/agent-product-launches/runs/foundation-pvp_brandwatch.com_2026-05-13.json
prompts/agent-product-launches/runs/foundation-pvp_bridgewaybentech.com_2026-05-13.json,75e10b161993bc505cfc38e127a5fa46a9c95869,2e031bb71a227f2a91d6c87db73dc3983826d373ac2a97dc3ee290ea81f9aee5,prompts/agent-product-launches/runs/foundation-pvp_bridgewaybentech.com_2026-05-13.json
prompts/agent-product-launches/runs/foundation-pvp_brightdata.com_2026-05-13.json,b4267853188568818a0f5fefd3d8f258ea129645,1a7883fe00d24b2324a98bde6f66a144177244d95d5017ecea9749921ffed837,prompts/agent-product-launches/runs/foundation-pvp_brightdata.com_2026-05-13.json
prompts/agent-product-launches/runs/foundation-pvp_brighthealth.ca_2026-05-13.json,73226c54e99303de3a9b99b3eed6a0b7978dc0ef,c178eaeab7c84cdb751007fdc38f591e221cb63d53b63ccd533725bef25fe8f3,prompts/agent-product-launches/runs/foundation-pvp_brighthealth.ca_2026-05-13.json
prompts/agent-product-launches/runs/foundation-pvp_brighthr.com_2026-05-13.json,7256765f9c8f3ac4d96139975270526c78b09a03,71f6e6e2f55c6d18626320b38bc160b5dd066bc4b9963706688f0563a9eec2d1,prompts/agent-product-launches/runs/foundation-pvp_brighthr.com_2026-05-13.json
prompts/agent-product-launches/runs/foundation-pvp_brightmine.com_2026-05-13.json,9940e67ccf214ed063441623d7be8ffb043bec3a,ba0b06270821f25a2539b32b69cddaff94183658c74ba0c4ff064ac3f954976c,prompts/agent-product-launches/runs/foundation-pvp_brightmine.com_2026-05-13.json
prompts/agent-product-launches/runs/foundation-pvp_brightree.com_2026-05-13.json,5de26fc25b880d5d690d799f9e860fafb5c570d4,e2ff16e9635d81d95b6de9be971acb2b2901cd94476324d89c14341798abead3,prompts/agent-product-launches/runs/foundation-pvp_brightree.com_2026-05-13.json
prompts/agent-product-launches/runs/foundation-pvp_brightroll.com_2026-05-13.json,31ed3004abdbdaba9b22105b2e8f672e8cf4b157,3ca0ab25cc536383e20588b0461338caaa5029974da55617818f415682c3cbdd,prompts/agent-product-launches/runs/foundation-pvp_brightroll.com_2026-05-13.json
prompts/agent-product-launches/runs/foundation-pvp_bringitps.com_2026-05-13.json,cd1b154da9ebcf587ba021d828fc3532772b7d38,76ddb36358ac498753f99a5e191e484975389827b882015f09bcc5bfde78b11b,prompts/agent-product-launches/runs/foundation-pvp_bringitps.com_2026-05-13.json
prompts/agent-product-launches/runs/foundation-pvp_britannica.com_2026-05-13.json,6c4098fdc7f84912c951a396a1261ddfbe70e3c7,4cedbd106e3b1f1b7ca5d3e2328c8682cb0d9bfa851a4f530105a75ac1d23be2,prompts/agent-product-launches/runs/foundation-pvp_britannica.com_2026-05-13.json
prompts/agent-product-launches/runs/foundation-pvp_brmsonline.com_2026-05-13.json,d87feeb74d0a9f6d9ae7fcefe3243d9f68e4e506,a22322100fe60c809137015ad5de379ab47e056e680aca6697c8b1632fb575b6,prompts/agent-product-launches/runs/foundation-pvp_brmsonline.com_2026-05-13.json
prompts/agent-product-launches/runs/foundation-pvp_broad-path.com_2026-05-13.json,1008ebd48a7829db5b59beec28780a0a49c017fd,a997bef3ed13ff5f1ce6013a26eede0ade5e07a18e93f7217683fe4b4bd6aeef,prompts/agent-product-launches/runs/foundation-pvp_broad-path.com_2026-05-13.json
prompts/agent-product-launches/runs/foundation-pvp_brocksolutions.com_2026-05-13.json,7af9dec714734a407d8fa1643161c88e509058f3,d6e101eed894c47f38fdb548a2b461fa4bfb1dfcda8a9808d8f0f58c8be6f129,prompts/agent-product-launches/runs/foundation-pvp_brocksolutions.com_2026-05-13.json
prompts/agent-product-launches/runs/foundation-pvp_brooks.com_2026-05-13.json,6ba14bb47debf24b43c70034d84020bfe8666499,bc4750f94ccc4b15a2f5b6cf4965a2d9760913c2fee44d86c5b7d779c401e6ad,prompts/agent-product-launches/runs/foundation-pvp_brooks.com_2026-05-13.json
prompts/agent-product-launches/runs/foundation-pvp_brunnerworks.com_2026-05-13.json,790a8dccadd7f9ee6b047fd509c7cc85e824b740,10a760dd10ee185a35ce67e062e48e1bf169919d65cc9c71a194e71a9cf1b0c7,prompts/agent-product-launches/runs/foundation-pvp_brunnerworks.com_2026-05-13.json
prompts/agent-product-launches/runs/foundation-pvp_bsifinancial.com_2026-05-13.json,accfc04acf68d0e38c7ade652d3b40fdad9e4d2f,da9fc0fd334780c79554111f30f49fafa4859fbe947095b6b3d79a56809419d3,prompts/agent-product-launches/runs/foundation-pvp_bsifinancial.com_2026-05-13.json
prompts/agent-product-launches/runs/foundation-pvp_bstow.me_2026-05-13.json,b18ca55409d5fc290154bcfd163981b88b3557bd,ee225671af485831a3350a4f784b46bd9147d035c01285e38aafad2957be5eff,prompts/agent-product-launches/runs/foundation-pvp_bstow.me_2026-05-13.json
prompts/agent-product-launches/runs/foundation-pvp_bti360.com_2026-05-13.json,21e72d29a4b989136d80c7ea03a3213c28e02236,1c0848ef4de15c4b3bbf1f59e58d949d74ae9ded966ec1ae33bb6b6b6363c621,prompts/agent-product-launches/runs/foundation-pvp_bti360.com_2026-05-13.json
prompts/agent-product-launches/runs/foundation-pvp_btxglobal.com_2026-05-13.json,bb929e3d6fb320756aea94a9777cc56e4620c8c0,ca03e47a4b97f3f55aa97f4ef0a01b91d54d1c243cc376b4b1181cd5cee211c9,prompts/agent-product-launches/runs/foundation-pvp_btxglobal.com_2026-05-13.json
prompts/agent-product-launches/runs/foundation-pvp_buckman.com_2026-05-13.json,033a58dd0cc0ea1829a6c7b9c7af5947bd429068,fe53617c488d30e8ebaa80f27a8f968b970d7f9c0656718c81f881451cbfef24,prompts/agent-product-launches/runs/foundation-pvp_buckman.com_2026-05-13.json
prompts/agent-product-launches/runs/foundation-pvp_bulkhandlingsystems.com_2026-05-13.json,ab68585a932137ba715b00d406b4a392fde23fc6,1e27616675466cc642d852a51f74bf46c90902ffae24a290ebf858efcdf4a32d,prompts/agent-product-launches/runs/foundation-pvp_bulkhandlingsystems.com_2026-05-13.json
prompts/agent-product-launches/runs/foundation-pvp_bulletproofsi.com_2026-05-13.json,9102d5797c00f7067bec8364e679cc9c65d202c4,116723689a5079839775f64052caf0239f052d5754a224272211f40fdf3ea75f,prompts/agent-product-launches/runs/foundation-pvp_bulletproofsi.com_2026-05-13.json
prompts/agent-product-launches/runs/foundation-pvp_bunnystudio.com_2026-05-13.json,6ad152e224737c256f3a48f52dc3377af1f36697,b91b93c8557d6f516a263d66973787c282daa680ba79e0314c902589fba43470,prompts/agent-product-launches/runs/foundation-pvp_bunnystudio.com_2026-05-13.json
prompts/agent-product-launches/runs/foundation-pvp_bunzlcanada.ca_2026-05-13.json,e0bf90bbabbba4d58811d1aeef5ef1da7fbabce2,eed138ca7e4e728810b44e6d9f4d3d529d05dfa659abd0f2a9c38278a97b186c,prompts/agent-product-launches/runs/foundation-pvp_bunzlcanada.ca_2026-05-13.json
prompts/agent-product-launches/runs/foundation-pvp_businessintegrityservices.com_2026-05-13.json,382e2e78f2b5aecdabe7534b0dc13864a54b1c1d,92d47e88a397470d6b71c876d744ce6382a449b69c16509c713ca70f253ab304,prompts/agent-product-launches/runs/foundation-pvp_businessintegrityservices.com_2026-05-13.json
prompts/agent-product-launches/runs/foundation-pvp_buske.com_2026-05-13.json,1201acdd8c186f84a1d23b5f131995c2aa2e6515,149ce8a25007215aacee6d1e23769e607b65ded15776b742acfad9046f03afb9,prompts/agent-product-launches/runs/foundation-pvp_buske.com_2026-05-13.json
prompts/agent-product-launches/runs/foundation-pvp_buzzclan.com_2026-05-13.json,527c12199598384b48b608b46d9d8c7ced24f390,e3387103d30cf43245b3f862ccc4037f25716e6ca42b95e058d5dad75fc7a8c8,prompts/agent-product-launches/runs/foundation-pvp_buzzclan.com_2026-05-13.json
prompts/agent-product-launches/runs/foundation-pvp_byteridge.com_2026-05-13.json,60c823d98d021a798506e27f072598c7473379e1,bde9970b87e96717bd48f214b60bac87c642859695c3f5acee6957728698c89b,prompts/agent-product-launches/runs/foundation-pvp_byteridge.com_2026-05-13.json
prompts/agent-product-launches/runs/foundation-pvp_c5i.ai_2026-05-13.json,df4fd81126b52feabdbe49af5919b9836505832f,d630244c9c10e2d91a3405fcd1d8d4f1e650d723c7cc523e41ebc69b638f062d,prompts/agent-product-launches/runs/foundation-pvp_c5i.ai_2026-05-13.json
prompts/agent-product-launches/runs/foundation-pvp_cadline.co.uk_2026-05-13.json,2742c8a6ff6cc7e48aede89e7d37d01b71a2ea2c,4aac01a93cecdd4ff2b461bcb87003a0a97652d48ee108fac964c45fc8d934b6,prompts/agent-product-launches/runs/foundation-pvp_cadline.co.uk_2026-05-13.json
prompts/agent-product-launches/runs/foundation-pvp_caes.com_2026-05-13.json,c2e5e2385e1fbe4e75f70ec8f2b779aa6877e61b,e87b66d428dac18dbfd3f03b944a3c71a0ec1b20b5ff0812eda79e5b05ba1acb,prompts/agent-product-launches/runs/foundation-pvp_caes.com_2026-05-13.json
prompts/agent-product-launches/runs/foundation-pvp_caisoft.com_2026-05-13.json,eccac66dd904c2e2817b278229efa06fae1e2507,4c821742988244dde506b7d2cf6660a7f0f6af42f1ddba5e2c4f76d7e5ebae1d,prompts/agent-product-launches/runs/foundation-pvp_caisoft.com_2026-05-13.json
prompts/agent-product-launches/runs/foundation-pvp_calhospital.org_2026-05-13.json,7b753726396bfbf85c076ea534c8a04ff9660632,de10221f6a3ef29d986fd4c655d268c3aca4db3470e504e575db81358baa39e4,prompts/agent-product-launches/runs/foundation-pvp_calhospital.org_2026-05-13.json
prompts/agent-product-launches/runs/foundation-pvp_callnovo.com_2026-05-13.json,08eaefaa9c0abb03a1b80e7576f6c04a928c15bb,0aa1a9d51cb626d3da8024a9dbdae41e691e98d22c248ec467ac6d13672f7e82,prompts/agent-product-launches/runs/foundation-pvp_callnovo.com_2026-05-13.json
prompts/agent-product-launches/runs/foundation-pvp_calpion.com_2026-05-13.json,cee20174d1c6298db3541ece1ac8670840fba05b,42cb2b8aaad5c93883f8b40b9b4deaf90d7a8333e55ecf40c8f6fc59481771d7,prompts/agent-product-launches/runs/foundation-pvp_calpion.com_2026-05-13.json
prompts/agent-product-launches/runs/foundation-pvp_calprivate.bank_2026-05-13.json,70cc7ba3b629cc9d4fa4fd2235297788cfae41f0,ebf7d5c904391b9dac7dfa9f5a1fc714a555b416234899aff9e81bd07f379c3d,prompts/agent-product-launches/runs/foundation-pvp_calprivate.bank_2026-05-13.json
prompts/agent-product-launches/runs/foundation-pvp_cambiumlearning.com_2026-05-13.json,00d2696c84c3c230487c02901e22580cbd4d6bba,fe76bf08357ac6ebe6fa9d9e50fec2804bd2576f2678b5c8d43783a2f54ba3c8,prompts/agent-product-launches/runs/foundation-pvp_cambiumlearning.com_2026-05-13.json
prompts/agent-product-launches/runs/foundation-pvp_cambridgesavings.com_2026-05-13.json,ff29dd0f338e5f238c582935df29a67964c111ac,af9c96995619cbc0788717eb1bf576b5aeb8be22645985f606793714bbe4a5f5,prompts/agent-product-launches/runs/foundation-pvp_cambridgesavings.com_2026-05-13.json
prompts/agent-product-launches/runs/foundation-pvp_camlingroup.com_2026-05-13.json,f71b54d8ceed6cf8a5b233dbce73b3e18f561dde,f68ae8557db49df6ddeeff6fb4f159e5c0ae6d7e1bcc16807fce40208f5411c6,prompts/agent-product-launches/runs/foundation-pvp_camlingroup.com_2026-05-13.json
prompts/agent-product-launches/runs/foundation-pvp_campsystems.com_2026-05-13.json,f5e9d875f502d600ba27e496f4b2c0037e972d5f,eb03c9ec26f1fd40f352d82b8fe8720cd1451b10dc281f319944ba5bd0e149f6,prompts/agent-product-launches/runs/foundation-pvp_campsystems.com_2026-05-13.json
prompts/agent-product-launches/runs/foundation-pvp_camsys.com_2026-05-13.json,eecd301d06ed48b43dbdebe297455fb01b820964,4aa69dbadcb4ef23194b5b817228cd0a538dd24561b94e92ff73896ee5694c67,prompts/agent-product-launches/runs/foundation-pvp_camsys.com_2026-05-13.json
prompts/agent-product-launches/runs/foundation-pvp_canadacomputers.com_2026-05-13.json,132b04b9acb1347073af3e8ced932f01048fcdf5,b2f87170c5b325fc1a0690ed97fa7e3714f8ec6981a64c1fa7b1fcb2132d1340,prompts/agent-product-launches/runs/foundation-pvp_canadacomputers.com_2026-05-13.json
prompts/agent-product-launches/runs/foundation-pvp_cansel.ca_2026-05-13.json,cd4a884d6b35fd42288a3c35d7ed3dcc41d5ee13,7d5b21fe6928409c168a7154fbf321037a439071f03e17d7d8e6acb75cfb3ceb,prompts/agent-product-launches/runs/foundation-pvp_cansel.ca_2026-05-13.json
prompts/agent-product-launches/runs/foundation-pvp_canvas-inc.com_2026-05-13.json,8a0a6a6a8b7b17891ad47dc388d0ba17639c05ad,db41a866c233d99405ec75cf62754ea3949ed790f4e3f2d70bcc255ebfd6305b,prompts/agent-product-launches/runs/foundation-pvp_canvas-inc.com_2026-05-13.json
prompts/agent-product-launches/runs/foundation-pvp_cappfinity.com_2026-05-13.json,a709825ad25ab24ae574b8a6b878560fbe50c576,8e37e14549fb7d11e51efdbcfd191fa2863fc81b15bcb08ebfbc9bacc3afd0f1,prompts/agent-product-launches/runs/foundation-pvp_cappfinity.com_2026-05-13.json
prompts/agent-product-launches/runs/foundation-pvp_captiveaire.com_2026-05-13.json,278ec8bb8967fe2ebbd13faf4bf0fdea42cc0332,43b125524d21aa52448f2b72328188c98639149366cc938b745ac73c90f07dd5,prompts/agent-product-launches/runs/foundation-pvp_captiveaire.com_2026-05-13.json
prompts/agent-product-launches/runs/foundation-pvp_cardosystems.com_2026-05-13.json,668bf62d3c73df487b245960b9ed37cec5d778f9,565231242930539e9774ecc8abd643abf5c24b0824d3b62bcef13f32f6b1c573,prompts/agent-product-launches/runs/foundation-pvp_cardosystems.com_2026-05-13.json
prompts/agent-product-launches/runs/foundation-pvp_caremetx.com_2026-05-13.json,c9d0468cdc3cd324435466e3f17d98c3fee8ae62,564f20b994db6fe90f0284fc97583a286dd4111a983484d23b7e3554e30710b0,prompts/agent-product-launches/runs/foundation-pvp_caremetx.com_2026-05-13.json
prompts/agent-product-launches/runs/foundation-pvp_carepathrxllc.com_2026-05-13.json,cd8468a2973b515d97c7e8e245566eb0cf8c2fa5,87b93b8b0f51fc2980a4cfc9afd9e0c58ae6eddda60d7914d85da3446002def8,prompts/agent-product-launches/runs/foundation-pvp_carepathrxllc.com_2026-05-13.json
prompts/agent-product-launches/runs/foundation-pvp_caresoftglobal.com_2026-05-13.json,2e766558ceeaeb34caff8d9c00fccd305876d600,af823796ddd19540d16c3a37cd1d6bfa2d8893a6da505531a29315d4cf33f669,prompts/agent-product-launches/runs/foundation-pvp_caresoftglobal.com_2026-05-13.json
prompts/agent-product-launches/runs/foundation-pvp_carestar.com_2026-05-13.json,d5431bf161197ce39db5fe7a147c009350542ca0,1fe5651b84a7d91a6d02eb3cdcdb49af558a08f4064cff831150eb7961704b27,prompts/agent-product-launches/runs/foundation-pvp_carestar.com_2026-05-13.json
prompts/agent-product-launches/runs/foundation-pvp_carewisehealth.com_2026-05-13.json,edbc53b7a908e4a4ee8c8ea2d130c23560f11c8c,6d21c316c25b7a457a650203c5c5826c49d26934e7c6f19d6ba4afff6b53ae57,prompts/agent-product-launches/runs/foundation-pvp_carewisehealth.com_2026-05-13.json
prompts/agent-product-launches/runs/foundation-pvp_carnegiehighered.com_2026-05-13.json,77411128930edc8b4d0fbcde3a31922068b71999,2136079cdd4af1f73c8495f7d64be9fe5d8f35dd933b2acf43de778a2572b27c,prompts/agent-product-launches/runs/foundation-pvp_carnegiehighered.com_2026-05-13.json
prompts/agent-product-launches/runs/foundation-pvp_carolina.com_2026-05-13.json,eb45515693fc4ff8d719d2cbfc050510cf26edc9,f1c62de329b7e59474bcf503d994ed91389aa553522077186f5e60c7333b9218,prompts/agent-product-launches/runs/foundation-pvp_carolina.com_2026-05-13.json
prompts/agent-product-launches/runs/foundation-pvp_carolinacat.com_2026-05-13.json,6720a7bee6701b44bbafbd83331ff48c7c369908,a0e16ba87df833bec1daef235d3af252c2b554937e80ff7f41ffbf9ae492f6ec,prompts/agent-product-launches/runs/foundation-pvp_carolinacat.com_2026-05-13.json
prompts/agent-product-launches/runs/foundation-pvp_carouselindustries.com_2026-05-13.json,80c4628f5e28230cb37d54d66a4382fc007deb63,8ca6064abd0405d570c46cb613b4d461e1ae507ae211d2d42223c6866b52c778,prompts/agent-product-launches/runs/foundation-pvp_carouselindustries.com_2026-05-13.json
prompts/agent-product-launches/runs/foundation-pvp_cartermachinery.com_2026-05-13.json,1f3add9a55540a823927e8a13f647d7b34a70fec,05a998a468490c7b839cea210d8491994e6067a53727d9eb49af8d01380485d3,prompts/agent-product-launches/runs/foundation-pvp_cartermachinery.com_2026-05-13.json
prompts/agent-product-launches/runs/foundation-pvp_cas.org_2026-05-13.json,b63d0e06dc0753bd68ae795a8e5ede92115998ec,c24623651ce4235af4c3812217ef4679a3b0a45b8767a9f92a24933c55eeb5af,prompts/agent-product-launches/runs/foundation-pvp_cas.org_2026-05-13.json
prompts/agent-product-launches/runs/foundation-pvp_cashprocessingsolutions.com_2026-05-13.json,74d7651bd05faad7c67681044d14b4ab7f726063,66f125395a0d55b1c697b2b8d3379bce8e76e1a32f84ae16852399af488c38bc,prompts/agent-product-launches/runs/foundation-pvp_cashprocessingsolutions.com_2026-05-13.json
prompts/agent-product-launches/runs/foundation-pvp_cassinfo.com_2026-05-13.json,9bc31fa4757769c395846c57c9a491c49f7178d2,46ee2968840d1b9173f9e2847eb7a767830ff7b5c2018aa7d4d9c07281a449be,prompts/agent-product-launches/runs/foundation-pvp_cassinfo.com_2026-05-13.json
prompts/agent-product-launches/runs/foundation-pvp_castingnetworks.com_2026-05-13.json,408652430eb80aa670629573d5d582bd3f5b203f,a5e16b4c30e1a884c28f037e2d8c12ed937bb09de23f8baca77d6cced79a2b43,prompts/agent-product-launches/runs/foundation-pvp_castingnetworks.com_2026-05-13.json
prompts/agent-product-launches/runs/foundation-pvp_castlebranch.com_2026-05-13.json,e824143613347216a3a10eadbb3a64dd6915f6af,4ebbf6a0e3ae61d73cce543709a8eae5af7554cd9c693d3dd8f6b27e62fc2938,prompts/agent-product-launches/runs/foundation-pvp_castlebranch.com_2026-05-13.json
prompts/agent-product-launches/runs/foundation-pvp_cavisson.com_2026-05-13.json,dd013d3e0ad7a1ce4efb35d0dc33e9c00a8bb924,933a0a4a38d1836e1a5c6ea130d407f3cd04e18867b707c895424b65028c2660,prompts/agent-product-launches/runs/foundation-pvp_cavisson.com_2026-05-13.json
prompts/agent-product-launches/runs/foundation-pvp_cayusegov.com_2026-05-13.json,52d4deb41b9d49275a634d2f001b608b9e73fa4f,394545b8b32a38e0ca06257cf3f766824feac392cc8dd78ec339d6e2565dffd2,prompts/agent-product-launches/runs/foundation-pvp_cayusegov.com_2026-05-13.json
prompts/agent-product-launches/runs/foundation-pvp_cbnco.com_2026-05-13.json,bd94ebc14baa81197ab7ca959bba0ccb26caa7ea,3d729d74976a792d3d934ddf8771494b826dd224549d999ac1bd14b05bd68d11,prompts/agent-product-launches/runs/foundation-pvp_cbnco.com_2026-05-13.json
prompts/agent-product-launches/runs/foundation-pvp_cbord.com_2026-05-13.json,80db09b5ea71efa0da9b75c427468eb2eb887629,a0e2467e4d809b37a6fa19a4fd28805cc259fa72a7a314b3b134f952d7eb1d93,prompts/agent-product-launches/runs/foundation-pvp_cbord.com_2026-05-13.json
prompts/agent-product-launches/runs/foundation-pvp_cbot.com_2026-05-13.json,57ad38d38dd1280d19ba46e74ccd3d1e2f3907c9,835d70a9139def4abf908955c310c98e69cb1b66c096b53dbf5c6eec89acccc9,prompts/agent-product-launches/runs/foundation-pvp_cbot.com_2026-05-13.json
prompts/agent-product-launches/runs/foundation-pvp_cbsinteractive.com_2026-05-13.json,a0e5a252f8f75f60c4b564f789add1cc0ed26732,ec2a9150cbbd93c8406e2909f2363b6ccdddf92f69a85b58b5b3ebc51809a133,prompts/agent-product-launches/runs/foundation-pvp_cbsinteractive.com_2026-05-13.json
prompts/agent-product-launches/runs/foundation-pvp_cbtravel.com_2026-05-13.json,28d7a4a163966ccb5547075f06d4c513708b1ecf,d94aa76d565a8faf238bebb0c8f3902c644e987e43de2508dc6d8a1cf737a92a,prompts/agent-product-launches/runs/foundation-pvp_cbtravel.com_2026-05-13.json
prompts/agent-product-launches/runs/foundation-pvp_ccbill.com_2026-05-13.json,967a2d978aaf039b5b70343fbbdf03a531b5fa67,a05b047e336f7c1fb7b7b6babf0e147043adc0ba99cebf69b499298da107e886,prompts/agent-product-launches/runs/foundation-pvp_ccbill.com_2026-05-13.json
prompts/agent-product-launches/runs/foundation-pvp_cchgroup.com_2026-05-13.json,b257d34c0d9d69c0f5767fbd7f25304c7c0e96b6,cbc73d40aa846cbb3a5756a23656f03860c3b6d79d82533fba3376644d31ebed,prompts/agent-product-launches/runs/foundation-pvp_cchgroup.com_2026-05-13.json
prompts/agent-product-launches/runs/foundation-pvp_ccobusinessconsulting.com_2026-05-13.json,be2ae8d76a6aab8e88104ab506811de371976076,d7f515fa081aaaf2c6f9b767ab39052cbd569bb59ed109c7f8ff1659fadc4e77,prompts/agent-product-launches/runs/foundation-pvp_ccobusinessconsulting.com_2026-05-13.json
prompts/agent-product-launches/runs/foundation-pvp_ccsglobaltech.com_2026-05-13.json,9b7efc41dd9e98dc6c10be031c89c3990e637737,74995e5d61243a7563348f668f274cfc32411fcce7e35adc540e123d39a6cd57,prompts/agent-product-launches/runs/foundation-pvp_ccsglobaltech.com_2026-05-13.json
prompts/agent-product-launches/runs/foundation-pvp_cdcsoftware.com_2026-05-13.json,ec66e815ee487750f338484297dc26db5488bb05,10bcf6f282d05ca1e163396f9a1f32186c3daa2f62f7baca1a9734c3d535f649,prompts/agent-product-launches/runs/foundation-pvp_cdcsoftware.com_2026-05-13.json
prompts/agent-product-launches/runs/foundation-pvp_cdl.co.uk_2026-05-13.json,e25f75588e8d6006449bfa9da770722c0aee6f18,73ff9fe5b338d3913c19b90948eb5ab6bc23d908d15a06855ec273c7b1a7bbf6,prompts/agent-product-launches/runs/foundation-pvp_cdl.co.uk_2026-05-13.json
prompts/agent-product-launches/runs/foundation-pvp_cdwg.com_2026-05-13.json,0e6815ac50bc3d72fc17b497109f756b254c0534,00fc0c0297cd501046870a416f7af3bd118f7b1c20d96148dda75c2eccd49cf4,prompts/agent-product-launches/runs/foundation-pvp_cdwg.com_2026-05-13.json
prompts/agent-product-launches/runs/foundation-pvp_cedara.com_2026-05-13.json,810a9a09607f7f307e348c6d645941415314581a,01ce65e8aea32d947ae94d3d83b8cd5faad42e0ba4051e34aa63869b1c5351ed,prompts/agent-product-launches/runs/foundation-pvp_cedara.com_2026-05-13.json
prompts/agent-product-launches/runs/foundation-pvp_ceiamerica.com_2026-05-13.json,c6dd1586e2a19897db318ae55c46f51b43f4108c,a5ed4e7a15bdbe3063c742a1c8b4f4deaab5169d6ec5a1efb0286e3c11a50683,prompts/agent-product-launches/runs/foundation-pvp_ceiamerica.com_2026-05-13.json
prompts/agent-product-launches/runs/foundation-pvp_celebaltech.com_2026-05-13.json,791b84b6636e41d9747ceddad4edb84bdc07e384,e7c8ba5af655e102550e9617784857627c50d7d97257b6e5838c7090bd438b20,prompts/agent-product-launches/runs/foundation-pvp_celebaltech.com_2026-05-13.json
prompts/agent-product-launches/runs/foundation-pvp_celerant.com_2026-05-13.json,88f82fdd4b790213b02deeb209f9a633f0bde174,609f26b40e2d11fe01123fb34b0765f17b6de8b2e7d9468572faf875d2297cdf,prompts/agent-product-launches/runs/foundation-pvp_celerant.com_2026-05-13.json
prompts/agent-product-launches/runs/foundation-pvp_cenergistic.com_2026-05-13.json,4c335c08f736835381225daccb753940fab42e99,ca31a574d5d232a6f1dff0e9a69bf5c53f1ed0e2c3ae235631847e1ed32295f9,prompts/agent-product-launches/runs/foundation-pvp_cenergistic.com_2026-05-13.json
prompts/agent-product-launches/runs/foundation-pvp_cenero.com_2026-05-13.json,69a67b7cc637be0d3dbf2ccd56ac2c20551cf876,0bbe630d8deab381e20c5a422fb37708f72d4b61a95c35821d13bacaae4139a8,prompts/agent-product-launches/runs/foundation-pvp_cenero.com_2026-05-13.json
prompts/agent-product-launches/runs/foundation-pvp_centegix.com_2026-05-13.json,34c851e8bc1a8af1d304b6841c2f90fa1bad1af0,1a3751fc107fcd803752043ab684ca4646ab32cc37acd931ca6f91468015415c,prompts/agent-product-launches/runs/foundation-pvp_centegix.com_2026-05-13.json
prompts/agent-product-launches/runs/foundation-pvp_centelonsolutions.com_2026-05-13.json,a7fdce2a0103af45896f1ab16e1415d19e76817e,4199b6bf0e9723a8bb56b169a1fbe7a484d74f525c55ed787b753774af414c59,prompts/agent-product-launches/runs/foundation-pvp_centelonsolutions.com_2026-05-13.json
prompts/agent-product-launches/runs/foundation-pvp_centralnational.com_2026-05-13.json,150f09df9d650efab695102ba7297f12d6f3a53a,ca7c0af131d8d62953dd74675d328862a323fd10e4c1de3d624d102d93f638ba,prompts/agent-product-launches/runs/foundation-pvp_centralnational.com_2026-05-13.json
prompts/agent-product-launches/runs/foundation-pvp_centrilogic.com_2026-05-13.json,01978fde8f36a7499c0871f14e5de9d34385afbc,6d53fd0941af03c9d2e2c1906b4a1ce2d0732ea6fd5605c3b03bac3202e9a3f4,prompts/agent-product-launches/runs/foundation-pvp_centrilogic.com_2026-05-13.json
prompts/agent-product-launches/runs/foundation-pvp_centrisgroup.com_2026-05-13.json,980072dfe73a205e0b72ee58ba120f49bf23de72,4646473e6246b5b3f014669b40377013c2dd782814be26ef63becd09da317812,prompts/agent-product-launches/runs/foundation-pvp_centrisgroup.com_2026-05-13.json
prompts/agent-product-launches/runs/foundation-pvp_centroid.com_2026-05-13.json,d25167cfbd7814c47c2c77fed6f0a17b2fd23129,35779f71b6010d2439f235dec603cb90b6bbef97786e56edaacd480eee774edd,prompts/agent-product-launches/runs/foundation-pvp_centroid.com_2026-05-13.json
prompts/agent-product-launches/runs/foundation-pvp_ces-ltd.com_2026-05-13.json,63c29a0289b6a7508cc2debe3022cd79efd5fb50,fa8a6d332f949e8f7aafd6ad8405fc65f3188a736dc740f4d854f3edcbc3d1b5,prompts/agent-product-launches/runs/foundation-pvp_ces-ltd.com_2026-05-13.json
prompts/agent-product-launches/runs/foundation-pvp_cesltd.com_2026-05-13.json,7cd1fbc2684567058cdfe3244295483702117dfd,e39e497a7d9d75277b2a9c01cac3297efaf97c44ad7f8e7bc5ad0e000cc74864,prompts/agent-product-launches/runs/foundation-pvp_cesltd.com_2026-05-13.json
prompts/agent-product-launches/runs/foundation-pvp_cetera.com_2026-05-13.json,54c7e190a399eaa6563507701543073d3be383b2,8ecf8410e709f08274e266483ddc37fe7219b2ca92f4d2dc71c77de73369e8bd,prompts/agent-product-launches/runs/foundation-pvp_cetera.com_2026-05-13.json
prompts/agent-product-launches/runs/foundation-pvp_cfc.com_2026-05-13.json,5b9adc7e420475035f9c0767892e615d80d9d569,cb73aa5861b9a038bcff93e65c0695de1839c62e3c177d786b2c90037418906c,prompts/agent-product-launches/runs/foundation-pvp_cfc.com_2026-05-13.json
prompts/agent-product-launches/runs/foundation-pvp_cfraresearch.com_2026-05-13.json,276f8cf5315a7c38a00d9c3f5a452a74cd450c0a,b023e6cc6d380b1e978279df7a83a583cff1ef171079ed2498a935e9b2a82281,prompts/agent-product-launches/runs/foundation-pvp_cfraresearch.com_2026-05-13.json
prompts/agent-product-launches/runs/foundation-pvp_cginfinity.com_2026-05-13.json,108fb14d0213b1cbe621b7f53d08d3a98da98d0c,27816111116048c963ecde3740088558b94090b7a246a23dd58a80ff3a91a44d,prompts/agent-product-launches/runs/foundation-pvp_cginfinity.com_2026-05-13.json
prompts/agent-product-launches/runs/foundation-pvp_chainsys.com_2026-05-13.json,f481eaf0470d96fd192b94d9f474818be99aa3a4,33f9602ca18640cbc8d2ad1698a06514219816bb66c80d6068f1bb06ee742a62,prompts/agent-product-launches/runs/foundation-pvp_chainsys.com_2026-05-13.json
prompts/agent-product-launches/runs/foundation-pvp_chambers.com_2026-05-13.json,26845ad8edd3f5d11b01af445a9e0519d38b36ef,f04292cbb199b107e2070b57b9e0f88aeddf3403ab0d9c969a08a53cfc6a2375,prompts/agent-product-launches/runs/foundation-pvp_chambers.com_2026-05-13.json
prompts/agent-product-launches/runs/foundation-pvp_chamsplc.com_2026-05-13.json,e46f0055d780fc841720d723d7b8b0e63b9e839d,a556a16045754e2a284dded52f5c793440cf3bcb632b5596e26fac9f297e8c9c,prompts/agent-product-launches/runs/foundation-pvp_chamsplc.com_2026-05-13.json
prompts/agent-product-launches/runs/foundation-pvp_charm.com_2026-05-13.json,a052a7ca77babf9906474c7d681a6ee34a540c44,d56e09349e66704229bb8e31fbbcb8e5342eda6c4b0c1437798786678ad7e910,prompts/agent-product-launches/runs/foundation-pvp_charm.com_2026-05-13.json
prompts/agent-product-launches/runs/foundation-pvp_charterglobal.com_2026-05-13.json,ccb2cf9e89b6bc4cb71dcbb4fe526ac9cd388e2c,504e1249ca08276855ab3aef837151c16e5296350d67e2c277856febbd5b669c,prompts/agent-product-launches/runs/foundation-pvp_charterglobal.com_2026-05-13.json
prompts/agent-product-launches/runs/foundation-pvp_charterts.com_2026-05-13.json,bc576eccb6e7319fb1000a4ac6c38f2b3c7030b1,766807f8fef2a135a31fa14c4c63644f1b5732ae66f2cae352f4790bd5f0be84,prompts/agent-product-launches/runs/foundation-pvp_charterts.com_2026-05-13.json
prompts/agent-product-launches/runs/foundation-pvp_checkmatefire.com_2026-05-13.json,a83c94295f39445e4633c8730fb6295e35864d91,67a69e222cd89cb93fce47848fe07adffcb37234daecb5c81b2ce8eb9c57bd90,prompts/agent-product-launches/runs/foundation-pvp_checkmatefire.com_2026-05-13.json
prompts/agent-product-launches/runs/foundation-pvp_chemtreat.com_2026-05-13.json,6235789004b97c76945d3d3d99b3efe0af5285b7,ed5edbe1c8d6abbb42e38dbf12daf8e978b3b6c1b593f059adc4fb05770f540e,prompts/agent-product-launches/runs/foundation-pvp_chemtreat.com_2026-05-13.json
prompts/agent-product-launches/runs/foundation-pvp_cherryamericas.com_2026-05-13.json,7de476aaf7296b314383b3a5be6763f80c4b01d1,2b1d766a67ba40532d8e72d8beb25b7a54662145d17fc8c2dde2b0dce6fe5815,prompts/agent-product-launches/runs/foundation-pvp_cherryamericas.com_2026-05-13.json
prompts/agent-product-launches/runs/foundation-pvp_cheservices.com_2026-05-13.json,224bd2cb36979f77a4d6255a85f7d04e9040493a,6e96c4d0cd34b71ee1c84ba8f834f60f84744ea7949c0561d93147b520b3ec05,prompts/agent-product-launches/runs/foundation-pvp_cheservices.com_2026-05-13.json
prompts/agent-product-launches/runs/foundation-pvp_chessict.co.uk_2026-05-13.json,5af0765f6130853fdbdfe2e6794ab2128a1febca,e5928f9cbb938c34e4e130c36b2871f85fd01224598068d989a5c288b19d5eef,prompts/agent-product-launches/runs/foundation-pvp_chessict.co.uk_2026-05-13.json
prompts/agent-product-launches/runs/foundation-pvp_choicelogistics.com_2026-05-13.json,b5320c63d473bc364c09169687593305c42360de,7bb681c5a0595a698fdea8b78b8ecd82be23eaaa9c36cd5d3dd2292ecbc61ab7,prompts/agent-product-launches/runs/foundation-pvp_choicelogistics.com_2026-05-13.json
prompts/agent-product-launches/runs/foundation-pvp_chopra.com_2026-05-13.json,b38cacaff0fdbeb7aaabe09505b2f4cbd3ab6e54,8894be5e23e7b61b8d08afd0469e4c8142e6ef53ac9b7b77691b04d7b0d9f137,prompts/agent-product-launches/runs/foundation-pvp_chopra.com_2026-05-13.json
prompts/agent-product-launches/runs/foundation-pvp_choreograph.com_2026-05-13.json,51058b5199ec4f4c5c92d59eb2091ca0de263a5f,fb9e4cd844aa53247cda9dcf59261af4e406e66b9e8631a6e1d11bf3d8df0d51,prompts/agent-product-launches/runs/foundation-pvp_choreograph.com_2026-05-13.json
prompts/agent-product-launches/runs/foundation-pvp_chromaflo.com_2026-05-13.json,f7a6503bacf57c8d38a7ceaf1f5c45756d29dd9c,813518b01912b3ba6b22c1bd242b047e86290758768e74f4e9cc6c86b3b19944,prompts/agent-product-launches/runs/foundation-pvp_chromaflo.com_2026-05-13.json
prompts/agent-product-launches/runs/foundation-pvp_chrsolutions.com_2026-05-13.json,135f3a03ddefa0e3b9f4956d4af179b14a7b0dbc,41160a2a83d6164e45343f35d78d20a4f176e349b1b6da30e6852f8b505bd8cd,prompts/agent-product-launches/runs/foundation-pvp_chrsolutions.com_2026-05-13.json
prompts/agent-product-launches/runs/foundation-pvp_cialdnb.com_2026-05-13.json,ea95b1d885a39b21dd21baefac27af2e54ee8dcd,002ca68808bb2dc6647e75d66d71b9668aaef68952fbbc5d29337ff786379f34,prompts/agent-product-launches/runs/foundation-pvp_cialdnb.com_2026-05-13.json
prompts/agent-product-launches/runs/foundation-pvp_cignex.com_2026-05-13.json,8c02d60bb95436081c251d87a568ccab02c5caaa,898f3c348170d9b26d5bd39c20201835ca73cb284a6da0d5fd596ec22af4a5bf,prompts/agent-product-launches/runs/foundation-pvp_cignex.com_2026-05-13.json
prompts/agent-product-launches/runs/foundation-pvp_cimarron.com_2026-05-13.json,1fe45de99e2e966e9a7adeedda0e9d83fb7e66c3,ce184f100f0545576f14df9e52e98e843aaae7751e33bbd83b442e48a3a882d2,prompts/agent-product-launches/runs/foundation-pvp_cimarron.com_2026-05-13.json
prompts/agent-product-launches/runs/foundation-pvp_cincom.com_2026-05-13.json,a4cb7ba27ce36edcc992bcc96c881a3166e6c3d0,e1c53e9b8bfbba9686039fd82d2865baf77dc1c9c9a6cfdca32c775c8fb51291,prompts/agent-product-launches/runs/foundation-pvp_cincom.com_2026-05-13.json
prompts/agent-product-launches/runs/foundation-pvp_cintra.com_2026-05-13.json,49d7958d6a640cf17f8d0eff05ced92115bc2c05,fa38a0800adffd5b9cf7cc8afe513d4d68cb4d5c967568e6ccf4a57a52bc1c0f,prompts/agent-product-launches/runs/foundation-pvp_cintra.com_2026-05-13.json
prompts/agent-product-launches/runs/foundation-pvp_circle.co_2026-05-13.json,18e8c3f46195ef9172469820581a6876115f6896,4c6a1adead5bc2921888cba343dd963fb3adb19b4dfb603ccf9b8beb282611b5,prompts/agent-product-launches/runs/foundation-pvp_circle.co_2026-05-13.json
prompts/agent-product-launches/runs/foundation-pvp_circledelivers.com_2026-05-13.json,84135bd1163f84b48548e19f14ca94579e4bdf44,b66f307d4d68bacbe6a362b4aee5c77894636352be2a06c52869549359af95a0,prompts/agent-product-launches/runs/foundation-pvp_circledelivers.com_2026-05-13.json
prompts/agent-product-launches/runs/foundation-pvp_circulus.io_2026-05-13.json,e8f6728cd5e87d9f5a23e6265ca64d19598b7b99,bd63b0ecafd471422a7e737d834e94e3e55c7e7315be374ec3ed9c6ed5b5afa9,prompts/agent-product-launches/runs/foundation-pvp_circulus.io_2026-05-13.json
prompts/agent-product-launches/runs/foundation-pvp_cirrus.com_2026-05-13.json,d2ac087ddcdd7fa5502a839a7611cb91c06a0e31,5d83f8cbff7cfa9c9a1a025ab7a77196779c8d0a59f46a59f7b0c899d7da65f6,prompts/agent-product-launches/runs/foundation-pvp_cirrus.com_2026-05-13.json
prompts/agent-product-launches/runs/foundation-pvp_cisco.com_2026-05-13.json,e14c7ada022c0b16ce21b5f11f076251dedd99e9,8d203fbf9b44917c831d4fa9abcaf1e60d8dcaaf2aada872a734955b4b136edd,prompts/agent-product-launches/runs/foundation-pvp_cisco.com_2026-05-13.json
prompts/agent-product-launches/runs/foundation-pvp_citynet.net_2026-05-13.json,912e7b91f1fc32b02e6a9f01f855de6c6dabb9c4,d6f75a9223f200031357f142a251d1016bcc6b5a22046b0691b1ed98f34d19c8,prompts/agent-product-launches/runs/foundation-pvp_citynet.net_2026-05-13.json
prompts/agent-product-launches/runs/foundation-pvp_clairvoyant.ai_2026-05-13.json,3972bd8e37503380a34bceff61c5f5e95c9e8f69,7957b4d338a1ddc1e6f251e4483edc43f7cd4a56c53fc4731e47a88af258c8d3,prompts/agent-product-launches/runs/foundation-pvp_clairvoyant.ai_2026-05-13.json
prompts/agent-product-launches/runs/foundation-pvp_clarest.com_2026-05-13.json,55550bceb8a1dd42eaf567190196e81111b298b4,a320af7c22e33b4fa27b427c4750effe0b8850540be59523fa91982412f2c04d,prompts/agent-product-launches/runs/foundation-pvp_clarest.com_2026-05-13.json
prompts/agent-product-launches/runs/foundation-pvp_clario.com_2026-05-13.json,389e1397ef224d4774b080d266a0cc603912801a,e634fdeb31975bafde25a41bb809262cf14c514efef9adc7f115243edbea9e4b,prompts/agent-product-launches/runs/foundation-pvp_clario.com_2026-05-13.json
prompts/agent-product-launches/runs/foundation-pvp_class.com.au_2026-05-13.json,29b5e40d13f0874d8a8bc4df755161c1dc2c7554,6283ee17a0711abdf82cafd679bb10df5fbb0fda370880c77e62ca2f9ac7c24e,prompts/agent-product-launches/runs/foundation-pvp_class.com.au_2026-05-13.json
prompts/agent-product-launches/runs/foundation-pvp_clear.sale_2026-05-13.json,24d61f521761e69b1949b7bd062cadca787defdd,75baf5d3e6c9642fae659da41a2f808448300d2ef19dd47f53d4b8d83a5694a6,prompts/agent-product-launches/runs/foundation-pvp_clear.sale_2026-05-13.json
prompts/agent-product-launches/runs/foundation-pvp_clearcapital.com_2026-05-13.json,c13df9e265e89be510376526018ff77c5f18f78c,03f53924d68aa0634677d2245bc738f9e39b30f62e0f096d559b6a470b4a4ac2,prompts/agent-product-launches/runs/foundation-pvp_clearcapital.com_2026-05-13.json
prompts/agent-product-launches/runs/foundation-pvp_clearcourse.co.uk_2026-05-13.json,e93109db6a30ff7f2d6d79baa2540969de3e581e,456006381870f4c94e443088be6961e78ce82a227e0d371c0f24e74c8033617e,prompts/agent-product-launches/runs/foundation-pvp_clearcourse.co.uk_2026-05-13.json
prompts/agent-product-launches/runs/foundation-pvp_clever.com_2026-05-13.json,607f25301bb58d348f7dbe9f959533754b6e9fc3,e98a4546878ec697a55ccf21d272e5e38f3d2db562d51ed459e9e031069e52b1,prompts/agent-product-launches/runs/foundation-pvp_clever.com_2026-05-13.json
prompts/agent-product-launches/runs/foundation-pvp_click-labs.com_2026-05-13.json,4d11673007e86db13c98f27c47eea926a5469ecf,eea7f3fcd82751f70cb6f815126d1ee571f7cb4ceece8f1e086100d3b48e440c,prompts/agent-product-launches/runs/foundation-pvp_click-labs.com_2026-05-13.json
prompts/agent-product-launches/runs/foundation-pvp_clinisupplies.co.uk_2026-05-13.json,deeda0fb295ac0bdcea60762b60b5481851ed8ff,c76b77535ffa0fdd6ee9210ac548c6dc4eee44ae50e1148bed96497365f9fe02,prompts/agent-product-launches/runs/foundation-pvp_clinisupplies.co.uk_2026-05-13.json
prompts/agent-product-launches/runs/foundation-pvp_clinisysgroup.com_2026-05-13.json,b8748d0cd481c4cca14d9f3fc852aa2043b4f067,ffa5a647e9399ab24e1b97eb766a1129192b76a68277857fad78dfbdb311bcf1,prompts/agent-product-launches/runs/foundation-pvp_clinisysgroup.com_2026-05-13.json
prompts/agent-product-launches/runs/foundation-pvp_cloud5.com_2026-05-13.json,cbd4f5bc74c32bc5377d1f62f1b224dc5462f2bc,e78181becd5e46ea225a79af0f7d4aa33f0c0a5a7336c0f880d7fbcc8c7565f6,prompts/agent-product-launches/runs/foundation-pvp_cloud5.com_2026-05-13.json
prompts/agent-product-launches/runs/foundation-pvp_cloudangles.com_2026-05-13.json,a89bf4a83de01d5451f3efbda1856501f8d688f8,c28a62047ea28119efd357c20b05a5e95bcb8a4cbb57b9839aec5e8008b12a67,prompts/agent-product-launches/runs/foundation-pvp_cloudangles.com_2026-05-13.json
prompts/agent-product-launches/runs/foundation-pvp_cloudbclabs.com_2026-05-13.json,e6a1487bb9f73793d647452c2f863d9c1e02d213,adb5576a1ade12fb34684de16e794150916adb17ec36f883084558ee38c18a3a,prompts/agent-product-launches/runs/foundation-pvp_cloudbclabs.com_2026-05-13.json
prompts/agent-product-launches/runs/foundation-pvp_cloudeq.com_2026-05-13.json,c3b897b3bd9609f1d05f203d5e8f86e379c1ddf8,e2910ea8d071161bd40d47fd073997d732fd753fb0f6fb4f1590e6acf636294b,prompts/agent-product-launches/runs/foundation-pvp_cloudeq.com_2026-05-13.json
prompts/agent-product-launches/runs/foundation-pvp_cloudmoyo.com_2026-05-13.json,c00c69d78bd8264153d48adfc2445c3e567dd856,19b8ff7213ba821c4d266e09d0898d849909d57cc6b943971691bc25a7e7e09c,prompts/agent-product-launches/runs/foundation-pvp_cloudmoyo.com_2026-05-13.json
prompts/agent-product-launches/runs/foundation-pvp_cloudpaths.com_2026-05-13.json,4165f072394f7e12826b8bee01fd5eae20853959,0c0c35f5b9beb44a09e657a8ab6b1f3c513e920caec3cff7bb62bcf56e17e408,prompts/agent-product-launches/runs/foundation-pvp_cloudpaths.com_2026-05-13.json
prompts/agent-product-launches/runs/foundation-pvp_cloverinfotech.com_2026-05-13.json,c305223df8c96b64c89f9c2619cf5676b85c3344,522ba2a477c12f6bac1d4f24869554b8b42045be6be42475ff963c88135f4a48,prompts/agent-product-launches/runs/foundation-pvp_cloverinfotech.com_2026-05-13.json
prompts/agent-product-launches/runs/foundation-pvp_cls-group.com_2026-05-13.json,5367167e5e65e340e32aab29de744cfda6351603,3f7c898196cc06f5b6e2bb46fc7d23a65e9efbd117b4639c263e272c0c9667e1,prompts/agent-product-launches/runs/foundation-pvp_cls-group.com_2026-05-13.json
prompts/agent-product-launches/runs/foundation-pvp_cma.com_2026-05-13.json,24052519dd0284fc775aa2341640516871bbce85,42ed096cf18ce6d92bd0af983412db63f2942a4dfca88075f8ea0986e8249a8b,prompts/agent-product-launches/runs/foundation-pvp_cma.com_2026-05-13.json
prompts/agent-product-launches/runs/foundation-pvp_cmgl.ca_2026-05-13.json,10484f8935dae6763316981c0ece835f9ef924af,02bb3c8e5ad9918e2f897383385185e08fcb8d71b56fbb239ed28548a4d8b807,prompts/agent-product-launches/runs/foundation-pvp_cmgl.ca_2026-05-13.json
prompts/agent-product-launches/runs/foundation-pvp_coadvantage.com_2026-05-13.json,7e0086503b468fde4be2404de3a799754cd62fa0,138079aec68d4904db20d79c6e811bea622d8ab90275f6ed1e01007816e79437,prompts/agent-product-launches/runs/foundation-pvp_coadvantage.com_2026-05-13.json
prompts/agent-product-launches/runs/foundation-pvp_coatesgroup.com_2026-05-13.json,b12884e9e21a6ccda641fcb88b24570c9a34913f,9d4219f304ebbe8160af5bb40cf61ba4f2a96152bce0780fc44532fdebc11f08,prompts/agent-product-launches/runs/foundation-pvp_coatesgroup.com_2026-05-13.json
prompts/agent-product-launches/runs/foundation-pvp_cobiscorp.com_2026-05-13.json,045e926717e04f130a8783c159d482b15042150e,852466f543328551cf785f473d8aed8898feadcdfd7f862fd05243efd29aad9a,prompts/agent-product-launches/runs/foundation-pvp_cobiscorp.com_2026-05-13.json
prompts/agent-product-launches/runs/foundation-pvp_codal.com_2026-05-13.json,cd1434b6f88e2d90830e890de08e39252a5f492e,b6a850ea51fb934592783c227ff56cdd15640b1b6c74bbf56fdac457c2f68bbb,prompts/agent-product-launches/runs/foundation-pvp_codal.com_2026-05-13.json
prompts/agent-product-launches/runs/foundation-pvp_codapayments.com_2026-05-13.json,93ed608518a272b44ff7f570248c37ab635d6e3d,3b3714a00556dbaccb1d9c245def93683c1f9718802db63d2b9eb6f431fa863d,prompts/agent-product-launches/runs/foundation-pvp_codapayments.com_2026-05-13.json
prompts/agent-product-launches/runs/foundation-pvp_codemantra.com_2026-05-13.json,5a06d7cf916daaea1bb221e4378d5174691e59ea,5dc9a449f94546433f7630193d07f366078600d95451c93b02a11b12bf3be2a7,prompts/agent-product-launches/runs/foundation-pvp_codemantra.com_2026-05-13.json
prompts/agent-product-launches/runs/foundation-pvp_coderio.com_2026-05-13.json,3a152df136d0c1721dda3a2d9678f98bec6fe0cb,e2da2f3c3cd3b0cbf1f3949ba0b7586f414eb94a0927375b014ce3438323a34d,prompts/agent-product-launches/runs/foundation-pvp_coderio.com_2026-05-13.json
prompts/agent-product-launches/runs/foundation-pvp_codevyasa.com_2026-05-13.json,78eb8d48bed5e25ace609f51a33cebb2c922a22f,b7c859896f1ad5dbb78695c1654e4c94d9857f12eeaec4854d5dbe46990effd6,prompts/agent-product-launches/runs/foundation-pvp_codevyasa.com_2026-05-13.json
prompts/agent-product-launches/runs/foundation-pvp_cogencyglobal.com_2026-05-13.json,63b154ee386a1ad5b49e147a7c604fe6508df485,3577f67efaa443accb1e05dd71ad70e39f8f323deeac65b75e5f55562db1ef34,prompts/agent-product-launches/runs/foundation-pvp_cogencyglobal.com_2026-05-13.json
prompts/agent-product-launches/runs/foundation-pvp_cogneesol.com_2026-05-13.json,3f74ec5752d0b6e9481ec6eb2b209ad0f6c3ed0a,309945817075af4c67989c57d0924de686066073abd52c945d890fcec9922d8d,prompts/agent-product-launches/runs/foundation-pvp_cogneesol.com_2026-05-13.json
prompts/agent-product-launches/runs/foundation-pvp_cognisive.com_2026-05-13.json,7ec5226f19735e4e207e549005cc043db4ce30f5,0b99783e190242ea9bb2279ef6823d19ad97ebc81dc3f449c18a6d46f999e81a,prompts/agent-product-launches/runs/foundation-pvp_cognisive.com_2026-05-13.json
prompts/agent-product-launches/runs/foundation-pvp_cohesivesolutions.com_2026-05-13.json,dc0f7bd67e4eb2256e2fdb33955c8f180cad2425,ca7dc085e79216500ffa8d7bd5fd9de505d3960d2a60e228a71ee65baf299b01,prompts/agent-product-launches/runs/foundation-pvp_cohesivesolutions.com_2026-05-13.json
prompts/agent-product-launches/runs/foundation-pvp_coins-global.com_2026-05-13.json,716bb8a39982f5181fff9a1f5155b3ba9495cdbb,0bf33ae5c1ab05804a17139acacff59998ab9a7a6449d29f1ae177f76a4a1465,prompts/agent-product-launches/runs/foundation-pvp_coins-global.com_2026-05-13.json
prompts/agent-product-launches/runs/foundation-pvp_collectivesolution.net_2026-05-13.json,49698b954ce8114299d346a249f0b0e5084306b6,58c2e2f0655f3d6964c12ec4c9d0870b24a3b698e9f9ce694b0d9c255f9f42eb,prompts/agent-product-launches/runs/foundation-pvp_collectivesolution.net_2026-05-13.json
prompts/agent-product-launches/runs/foundation-pvp_collegiseducation.com_2026-05-13.json,b23ba11abe070635f4def7e0f705cc8c44b293e0,b20a588889e121a613459a31bb66778c51013ce6394bddde7940e0150841e0be,prompts/agent-product-launches/runs/foundation-pvp_collegiseducation.com_2026-05-13.json
prompts/agent-product-launches/runs/foundation-pvp_commandlink.com_2026-05-13.json,55245e591cd681941d5c1247c666e5d5802f7293,dff8e9ef4e147c1eccfa86fec83132a80e750c5ab5870264df993902fbf973b6,prompts/agent-product-launches/runs/foundation-pvp_commandlink.com_2026-05-13.json
prompts/agent-product-launches/runs/foundation-pvp_commify.com_2026-05-13.json,3c0314718b0147c0cc6e64fe04a7e6d87556fb63,2750e55cf61ac5ad932095b1ad67d2a5e11dc8579ec728c01059496db0de3a2f,prompts/agent-product-launches/runs/foundation-pvp_commify.com_2026-05-13.json
prompts/agent-product-launches/runs/foundation-pvp_commonwealth.com_2026-05-13.json,8333566f71494be51502b73780ae403b2316cd18,162e6a8b6c78e589dd8b84d1b7e38ae2d08395b21ec71fe25bec1da4f22f53a4,prompts/agent-product-launches/runs/foundation-pvp_commonwealth.com_2026-05-13.json
prompts/agent-product-launches/runs/foundation-pvp_communisis.com_2026-05-13.json,5db7216786a34534b97952969716329f29dae7f6,c98677158a3d46788e24bfbcd49c11c24eedbe8d571dc0653f676a6178478770,prompts/agent-product-launches/runs/foundation-pvp_communisis.com_2026-05-13.json
prompts/agent-product-launches/runs/foundation-pvp_comodo.com_2026-05-13.json,7ce27e84be79d5fc36611ddd4219bd6a78017ae0,0d9b2aa555052e4bf8af5dbc3d2ba72ea169041a45bd670ed2a30648beb6b18f,prompts/agent-product-launches/runs/foundation-pvp_comodo.com_2026-05-13.json
prompts/agent-product-launches/runs/foundation-pvp_compassmsp.com_2026-05-13.json,907e0d7122c3fdbbb78b84c927b312fe50a6be2a,e72e5b81c3f1c1dd0ae10db81453c4e74cb46ee7831769ba5998e73d4aed91e9,prompts/agent-product-launches/runs/foundation-pvp_compassmsp.com_2026-05-13.json
prompts/agent-product-launches/runs/foundation-pvp_compqsoft.com_2026-05-13.json,fc70054ae7f7719201ba9833030ff40e59276e81,aaad7b46e587e9ca61996f56996968cf48f526d7d98a9a0d9fe2664685e97d3c,prompts/agent-product-launches/runs/foundation-pvp_compqsoft.com_2026-05-13.json
prompts/agent-product-launches/runs/foundation-pvp_compsol.co.za_2026-05-13.json,2853b1d2839ca1259d640ae842cbdd3609a209ca,706a59b08cf7e97e6bda31774b976cc3d13e0fef7b6256328ed54e3d53b65dcc,prompts/agent-product-launches/runs/foundation-pvp_compsol.co.za_2026-05-13.json
prompts/agent-product-launches/runs/foundation-pvp_compusystems.com_2026-05-13.json,7d71ca302f642d33eef9764fd1f17c6486d10d6e,a9237bd8041395fe924f02e1f918d4923de5fd55bc963a0398bbbcffe1853a89,prompts/agent-product-launches/runs/foundation-pvp_compusystems.com_2026-05-13.json
prompts/agent-product-launches/runs/foundation-pvp_computronix.com_2026-05-13.json,8f0992403a4393f6cfc3d81aec60b064602f4276,14b14b62e4a5f2f9289c1b7a1ca2f4c9358150c37e30e35d412dd8dc4d314775,prompts/agent-product-launches/runs/foundation-pvp_computronix.com_2026-05-13.json
prompts/agent-product-launches/runs/foundation-pvp_concordservicing.com_2026-05-13.json,0693946ccbbcfd78de68c93a895708bc6e26ebf8,0c2f1dd6261152cf51ee329c003e16aafc6073477b8d8df6069891194cb7277a,prompts/agent-product-launches/runs/foundation-pvp_concordservicing.com_2026-05-13.json
prompts/agent-product-launches/runs/foundation-pvp_congruentsolutions.com_2026-05-13.json,383e7eb34b34c4d95ce6ab7aedd3346ade9fd664,8c00c172068b02bbf7f6c131c11227b5b768512d65705e7c9b82e2aa2acba48c,prompts/agent-product-launches/runs/foundation-pvp_congruentsolutions.com_2026-05-13.json
prompts/agent-product-launches/runs/foundation-pvp_connecticare.com_2026-05-13.json,af7ce5097b31d348408b01f9284774504220e047,9f6e4d73a30a2c489d3245fe7307ae66a65fbc83ab4e4d127936d85826cc5ffa,prompts/agent-product-launches/runs/foundation-pvp_connecticare.com_2026-05-13.json
prompts/agent-product-launches/runs/foundation-pvp_connex.ai_2026-05-13.json,946aa9a66c301d49aa249165925cc2e3ba43295c,0fd21f1e269bdded9a2512f284d20e7df684a28764048bf99b399ba1f15e36fc,prompts/agent-product-launches/runs/foundation-pvp_connex.ai_2026-05-13.json
prompts/agent-product-launches/runs/foundation-pvp_conning.com_2026-05-13.json,efc9c702700784f9bc88dc5929ecaea1f209c3f0,b1a49081d44f24d1648e5e9e1599f8ebfd9de80e1654bcd66e5ec11f883b9c89,prompts/agent-product-launches/runs/foundation-pvp_conning.com_2026-05-13.json
prompts/agent-product-launches/runs/foundation-pvp_conres.com_2026-05-13.json,1f8223fc8d719606527322fd715f7671ce2c04bd,a9b6c1f36e2a04428a1ab8380c988924b3d96d683b322c12676aa38a66822583,prompts/agent-product-launches/runs/foundation-pvp_conres.com_2026-05-13.json
prompts/agent-product-launches/runs/foundation-pvp_constellationhb.com_2026-05-13.json,5645e87612ba7853ce0f836dc225810b72442148,4f6d7be9f88edbbbfa6fab1f224abd5231afa91da26f8dc80e6113c97ae28cf2,prompts/agent-product-launches/runs/foundation-pvp_constellationhb.com_2026-05-13.json
prompts/agent-product-launches/runs/foundation-pvp_consul.io_2026-05-13.json,43adf86fbb5ce5caef068daa924dca990f998e48,2da9a7da9eff3a4c8d09a0225f2c97460c3777919f26226a2587b43a13305da4,prompts/agent-product-launches/runs/foundation-pvp_consul.io_2026-05-13.json
prompts/agent-product-launches/runs/foundation-pvp_contactpoint360.com_2026-05-13.json,3a31178fc9645436337c9c613eea75ac1b2040b8,e33874babf359c5764f64002ce8fd63526cb9b9d4893c8a9f8ebf7880f9c5847,prompts/agent-product-launches/runs/foundation-pvp_contactpoint360.com_2026-05-13.json
prompts/agent-product-launches/runs/foundation-pvp_contextworld.com_2026-05-13.json,adefe76b9fd10106fa2f8a49f0e90018c9054157,0596568344d3431a99bcdf9121c9c4415ed319a0ae44e14aafa2f75c693a3517,prompts/agent-product-launches/runs/foundation-pvp_contextworld.com_2026-05-13.json
prompts/agent-product-launches/runs/foundation-pvp_continuuminnovation.com_2026-05-13.json,c817bd34e82616777f29e3c136fffaccaff5359e,780c8f0f790c1e76330288a0fa6c9c53a2d88a4defbb07d1a8c9e8f0fbaecc85,prompts/agent-product-launches/runs/foundation-pvp_continuuminnovation.com_2026-05-13.json
prompts/agent-product-launches/runs/foundation-pvp_contractlandstaff.com_2026-05-13.json,56e817084ea959da53ee81d2957e697f2227b59f,2b50e9f7a4b0cf7ccdaeae529e126dc922371a0b720b597c5d29dfffc7e36ead,prompts/agent-product-launches/runs/foundation-pvp_contractlandstaff.com_2026-05-13.json
prompts/agent-product-launches/runs/foundation-pvp_contus.com_2026-05-13.json,3d9dac21b785f7096680eef14b10b9d64467d923,89143ade4d2ba4871bdb496b18d66e9f307634985c46948a47c63f744383988b,prompts/agent-product-launches/runs/foundation-pvp_contus.com_2026-05-13.json
prompts/agent-product-launches/runs/foundation-pvp_convenientmd.com_2026-05-13.json,4a87a35ab3232c940a4f6dcf1bd7484caabec0e7,00c15e26966ad20e7a19e926be28e8008900d2688a92df9d0f494106eb16d82e,prompts/agent-product-launches/runs/foundation-pvp_convenientmd.com_2026-05-13.json
prompts/agent-product-launches/runs/foundation-pvp_convergentusa.com_2026-05-13.json,c90baf6e32f6102002b396747b54fc349f19d3d8,0d5fb0dc73011d38e2b05196beedbcf2a4e910c822c465c7f01c23ad81df3cf3,prompts/agent-product-launches/runs/foundation-pvp_convergentusa.com_2026-05-13.json
prompts/agent-product-launches/runs/foundation-pvp_cooksecuritygroup.com_2026-05-13.json,a78f748a9a21f475a4a698c2e8a77d013c7f86f8,86cd41e16c402cd9fe26d8d983c2e7850ad912745cdf1d0d911a0f3910e2fd65,prompts/agent-product-launches/runs/foundation-pvp_cooksecuritygroup.com_2026-05-13.json
prompts/agent-product-launches/runs/foundation-pvp_coolblue.com_2026-05-13.json,04616eae83be53254afaa88cccd69e5a93a0d99f,a793e3ac9affdac645ea9d7c0cba4003d01c4721a366b876c2ba8505c3dd5cf7,prompts/agent-product-launches/runs/foundation-pvp_coolblue.com_2026-05-13.json
prompts/agent-product-launches/runs/foundation-pvp_copper-hill-inc.com_2026-05-13.json,4de00840184f32ae7aa64f319a7c5d04bd60521b,bfeb0c7ff8fc1a5a131dd64e9343d6eef0f147dd6eb921ca608efbfcc35237d6,prompts/agent-product-launches/runs/foundation-pvp_copper-hill-inc.com_2026-05-13.json
prompts/agent-product-launches/runs/foundation-pvp_coregas.com.au_2026-05-13.json,c4c34f03190c8a79d1fa7addf0104a4c9c6d8b90,58d509d45664e8b81c9b8659c51ff0568caa738dccd0646888e57f6f556a0eb1,prompts/agent-product-launches/runs/foundation-pvp_coregas.com.au_2026-05-13.json
prompts/agent-product-launches/runs/foundation-pvp_corehandf.com_2026-05-13.json,237be41aeea2e91d2fadf8991f2cb427e637f20e,2ccd1f0ce438a9b2d2afe6b2dd675bf89ab367746a02ce480630c676cf946971,prompts/agent-product-launches/runs/foundation-pvp_corehandf.com_2026-05-13.json
prompts/agent-product-launches/runs/foundation-pvp_corelationinc.com_2026-05-13.json,f2fc67ece8f692ce6883dff7b3a51fc8ee0f681b,ba598253bf4ffa21c2acf3973ba61790b15514754a0293632bb9bb7e26c237c3,prompts/agent-product-launches/runs/foundation-pvp_corelationinc.com_2026-05-13.json
prompts/agent-product-launches/runs/foundation-pvp_corpartners.com_2026-05-13.json,15f3adddc5ad2f7a1aff6f0f49a853b3bbc5c7ff,31498c9a2f947e81b9d368fbb6e8b71eab038fbf165553d255b46b72881feb9f,prompts/agent-product-launches/runs/foundation-pvp_corpartners.com_2026-05-13.json
prompts/agent-product-launches/runs/foundation-pvp_corporatebrokers.com_2026-05-13.json,d1259f293081db71d89fc38b8547fb05580b3a3b,9cc6ac4ded1beceae7151565ef575576344fab582e7e74ff99b7e16e54234025,prompts/agent-product-launches/runs/foundation-pvp_corporatebrokers.com_2026-05-13.json
prompts/agent-product-launches/runs/foundation-pvp_corporatespending.com_2026-05-13.json,82045d549a8677c484b01e4d4e3acac7c2f256f9,b53529ce88ab741cf12f1be70f2c7ab4c1aa593e7aafd19801ad9676da909b67,prompts/agent-product-launches/runs/foundation-pvp_corporatespending.com_2026-05-13.json
prompts/agent-product-launches/runs/foundation-pvp_corptax.com_2026-05-13.json,601598fc88f62f2c7e315367a3c096c07a7bfa63,c4cbe42c8adf9f75f08e0998366a110372367b7c652641d8508b182f6f5900cb,prompts/agent-product-launches/runs/foundation-pvp_corptax.com_2026-05-13.json
prompts/agent-product-launches/runs/foundation-pvp_correla.com_2026-05-13.json,2ce5741f1c22bdf4edb58c39e4f34c854bf4b985,f763bdfb44e603a52d869278c890c22948111638b8adb5d264d82a936151e73d,prompts/agent-product-launches/runs/foundation-pvp_correla.com_2026-05-13.json
prompts/agent-product-launches/runs/foundation-pvp_cosentus.com_2026-05-13.json,f52d23d9adf48edc4350a5432d77136ac1c7a97e,4f1576e7c1dad80e470f3c4a10248b93d39284deb789ccfe9397f06b30654768,prompts/agent-product-launches/runs/foundation-pvp_cosentus.com_2026-05-13.json
prompts/agent-product-launches/runs/foundation-pvp_couriersplease.com.au_2026-05-13.json,ab101978e15f1d8dd31a1623a3708b68d53c8eef,459d66c89a52796241d79d56246e681f76328dd6407bf61ec70605e2ff624d24,prompts/agent-product-launches/runs/foundation-pvp_couriersplease.com.au_2026-05-13.json
prompts/agent-product-launches/runs/foundation-pvp_covius.com_2026-05-13.json,a4f989d1544c0152979d9412897e5170627951fa,6cd3b76cf752860fd251ed4e776dd4e69b7f918d8ea748c34f17c90d8047cbb3,prompts/agent-product-launches/runs/foundation-pvp_covius.com_2026-05-13.json
prompts/agent-product-launches/runs/foundation-pvp_cpisecurity.com_2026-05-13.json,ce7744a68e9ead04642788081bbdbde25a704dbd,e7d99df0babde67194970cb83dddfdf65acd60b2e4cb1b3658cc46412677040b,prompts/agent-product-launches/runs/foundation-pvp_cpisecurity.com_2026-05-13.json
prompts/agent-product-launches/runs/foundation-pvp_cpowerenergy.com_2026-05-13.json,cb5ee5ce6c1837fbe2acb5955f4babdcb61ffc1a,694ff6ef5887da3cfe5967aa20d142b1d91b84ae0629a12203453db5c41e2ec4,prompts/agent-product-launches/runs/foundation-pvp_cpowerenergy.com_2026-05-13.json
prompts/agent-product-launches/runs/foundation-pvp_cpp.com_2026-05-13.json,ed93cd5a27a055c5a6f5ab77442b570da5899639,6c5d81aca17baa53c3b14fe778882716dc12b61b48bfcbc46ae3b28a765b9f4f,prompts/agent-product-launches/runs/foundation-pvp_cpp.com_2026-05-13.json
prompts/agent-product-launches/runs/foundation-pvp_cps.com_2026-05-13.json,79483b47fe63a76497df6df91cbbfdc03225945c,2a2e9862c873b94c78b157216305d34722a0516632ddda843a258901fab19ccd,prompts/agent-product-launches/runs/foundation-pvp_cps.com_2026-05-13.json
prompts/agent-product-launches/runs/foundation-pvp_cranepi.com_2026-05-13.json,025470d7dfeac4aaccd3f0443c3dce514df613d3,ccd024f913ff24e8a355395103563d61cfd7572a5a08c2a864f03c967248376e,prompts/agent-product-launches/runs/foundation-pvp_cranepi.com_2026-05-13.json
prompts/agent-product-launches/runs/foundation-pvp_crd.com_2026-05-13.json,2acebbb414b2e50ba40ffe15a81627ce4cb9673f,079100e1f08da8dcf19c3ecec44c6db186b67f4e3ae1e3fd9105d73c78d4a491,prompts/agent-product-launches/runs/foundation-pvp_crd.com_2026-05-13.json
prompts/agent-product-launches/runs/foundation-pvp_creaform3d.com_2026-05-13.json,d9413e5d73bfdf94a1c88d8c02c6311768009b4b,72fdf3c528c4800be40f572a924f9b3d81771e899f516c3c619a50a051feb4fc,prompts/agent-product-launches/runs/foundation-pvp_creaform3d.com_2026-05-13.json
prompts/agent-product-launches/runs/foundation-pvp_createfuture.com_2026-05-13.json,d7cc52368d41b3c90c07fbed2be3d399a58d807f,1801ee9ea89c70caee09b5c1d0dceee9fd517bf437942541bd8fc089b3552010,prompts/agent-product-launches/runs/foundation-pvp_createfuture.com_2026-05-13.json
prompts/agent-product-launches/runs/foundation-pvp_creativeone.com_2026-05-13.json,2468e5b293b8a13fdbe8bc66975edd1a7136fabf,166a33b60fa85c0debb3c26c065790970807a7b41885a6ad83888108087b4121,prompts/agent-product-launches/runs/foundation-pvp_creativeone.com_2026-05-13.json
prompts/agent-product-launches/runs/foundation-pvp_credence-llc.com_2026-05-13.json,5653ea1da7e33b7aacff07d48207acdbb06fcca5,1c2af041942165de44fd3fd1e301e636d7b0a65762c152616d7cc1f5120e05e8,prompts/agent-product-launches/runs/foundation-pvp_credence-llc.com_2026-05-13.json
prompts/agent-product-launches/runs/foundation-pvp_creelighting.com_2026-05-13.json,4724fac7a371f85d68d9f6fc176b37b60d173a2f,8527348b390e5e6e6616bd9e9febc0f09cb13b9a79292eed5f14aa123ca3a806,prompts/agent-product-launches/runs/foundation-pvp_creelighting.com_2026-05-13.json
prompts/agent-product-launches/runs/foundation-pvp_crestron.com_2026-05-13.json,37a985063ac277b88589965b045b29660ecd18e2,872da2a14181bbe6492233b696e0c63f7af99eee250699336fe265e1c51f66d4,prompts/agent-product-launches/runs/foundation-pvp_crestron.com_2026-05-13.json
prompts/agent-product-launches/runs/foundation-pvp_cricpa.com_2026-05-13.json,4a618370f05b7ffa77bee94bf2ab8a004a6a48db,f72f4c5ff3612e7521e1a5b511b827970f292026973fbdeb26b969107671f591,prompts/agent-product-launches/runs/foundation-pvp_cricpa.com_2026-05-13.json
prompts/agent-product-launches/runs/foundation-pvp_crossco.com_2026-05-13.json,7d18be8766afb577a0052aaae05bc8a9fc14ca0e,14f883d0672309432ee0aaa9dc0cc54fe73bc337a6b9258468eea1b5b749a4dc,prompts/agent-product-launches/runs/foundation-pvp_crossco.com_2026-05-13.json
prompts/agent-product-launches/runs/foundation-pvp_crossmark.com.au_2026-05-13.json,8a5d9efdf769e07826ed5232889f93c91a09db60,3b0fa78c5e9c81adaeb228bb9dab2d4b9266ef138744a8e877a23b4cfbb1740f,prompts/agent-product-launches/runs/foundation-pvp_crossmark.com.au_2026-05-13.json
prompts/agent-product-launches/runs/foundation-pvp_crossvue.com_2026-05-13.json,4bd2567ac7a5036534b7435d042f20521e949a04,bd9075875729399a22a1dcd3d2ff6c55b0fb45589886e766db415a0028c5183b,prompts/agent-product-launches/runs/foundation-pvp_crossvue.com_2026-05-13.json
prompts/agent-product-launches/runs/foundation-pvp_crsoftware.com_2026-05-13.json,60c8c4eaaa779e8b180c069b4cede4cc13d7220e,aed7dc5939fb79e8e660eb2cd3573d047af5dc58ce993eb52a1ca3ae3948792d,prompts/agent-product-launches/runs/foundation-pvp_crsoftware.com_2026-05-13.json
prompts/agent-product-launches/runs/foundation-pvp_crugroup.com_2026-05-13.json,1f279d51c940eea54235fe1a2b7bd8d9778a6d56,b9e8d44ad4e255d70e21cf2e8b174d700366d6fdd03d5b568bc37ff74bb7398d,prompts/agent-product-launches/runs/foundation-pvp_crugroup.com_2026-05-13.json
prompts/agent-product-launches/runs/foundation-pvp_csafeglobal.com_2026-05-13.json,cc3f81a52ae63601d0a663b572912d46ab15c515,ff50f3fe3e71ef3ecb7f47d66da3593eeb2cd2cbffea2c7267185d356c5cc7e3,prompts/agent-product-launches/runs/foundation-pvp_csafeglobal.com_2026-05-13.json
prompts/agent-product-launches/runs/foundation-pvp_cscsw.com_2026-05-13.json,430cb2bad5c716d7e837a4ccecf189d433edfbba,e629bb8eef787b06398aa37892a3e08041d50feca58cb20ac227a1dc19c0a3ec,prompts/agent-product-launches/runs/foundation-pvp_cscsw.com_2026-05-13.json
prompts/agent-product-launches/runs/foundation-pvp_csi360.com_2026-05-13.json,0140271136e3974e7897d1608c0db3ed6ebc024a,c0d3930450f3bc4bdd4a1d6499cef172d3bc18ce6ab1d768811fdc51fcb06aaa,prompts/agent-product-launches/runs/foundation-pvp_csi360.com_2026-05-13.json
prompts/agent-product-launches/runs/foundation-pvp_csiweb.com_2026-05-13.json,92b454792e65c88cbe787a41a25c43e3d22284e9,58ed595f6f4b66d21e2ef791388a69fbb30dba8a2fdbeff57948e8a502f890bb,prompts/agent-product-launches/runs/foundation-pvp_csiweb.com_2026-05-13.json
prompts/agent-product-launches/runs/foundation-pvp_csl-group.com_2026-05-13.json,8f48cb71b54d68b0439d879f71c26af7b676578c,295551f8796490e64315e087011e8cf462181377e24cd3e3e9d5f58cc822b5e0,prompts/agent-product-launches/runs/foundation-pvp_csl-group.com_2026-05-13.json
prompts/agent-product-launches/runs/foundation-pvp_ct.com.au_2026-05-13.json,3bd21b3791cba843c17275812216834d284c8d38,0300b719faa498d5341c276af92b0d73c9501ad33fb210d56e3b693f38c008ce,prompts/agent-product-launches/runs/foundation-pvp_ct.com.au_2026-05-13.json
prompts/agent-product-launches/runs/foundation-pvp_ctadvantage.com_2026-05-13.json,de707d00757aff1f93acef7a047cda5a6b2954cf,50a477cc45f7c01328cfdda916dcbc7a357bc2004867a2396ca941cc0d35be06,prompts/agent-product-launches/runs/foundation-pvp_ctadvantage.com_2026-05-13.json
prompts/agent-product-launches/runs/foundation-pvp_ctamericas.com_2026-05-13.json,fe09b23efe4c4387e8f701d6bae1827ba7b951d3,ec2befa9cf4a1d7fefbd96b2ecbf0712d10b8c573aafc4cb5db7bdde09696173,prompts/agent-product-launches/runs/foundation-pvp_ctamericas.com_2026-05-13.json
prompts/agent-product-launches/runs/foundation-pvp_ctsi-global.com_2026-05-13.json,96a0ae6c103d52e0c654637ea9540d77261ee537,5f24a4836c5b749eef6fe78a45f63988a1c6e7df30e098e694a5e33b63bc92ca,prompts/agent-product-launches/runs/foundation-pvp_ctsi-global.com_2026-05-13.json
prompts/agent-product-launches/runs/foundation-pvp_cuanswers.com_2026-05-13.json,334f9cdb717e4e3bfa5e20e5c0044a338697018e,3590682a302f52b82d3654fb79113b8516da3b92c7bfc32e74e624289988220e,prompts/agent-product-launches/runs/foundation-pvp_cuanswers.com_2026-05-13.json
prompts/agent-product-launches/runs/foundation-pvp_cubix.co_2026-05-13.json,e93d083f2482a50103eab75bf9b540666a4bb361,dd444cc0aaad921b783e48f2236c987ec3b0a3e91cb5e4aefbd7fb205a3b9726,prompts/agent-product-launches/runs/foundation-pvp_cubix.co_2026-05-13.json
prompts/agent-product-launches/runs/foundation-pvp_cuesinc.com_2026-05-13.json,c942e38c190575e8c2b1f9c712a7d3281b63db09,8985df7a4a4395b9dd24e8e1eca1bf558883f8becee340db3986bdb7f5218e94,prompts/agent-product-launches/runs/foundation-pvp_cuesinc.com_2026-05-13.json
prompts/agent-product-launches/runs/foundation-pvp_curalinc.com_2026-05-13.json,8b13174269be2cafa41434a1d23d48168ac3e4c6,51d31fabc12ff56fe23687ea0a7b9727767bce21eaef1dec7fd7f1ef49115325,prompts/agent-product-launches/runs/foundation-pvp_curalinc.com_2026-05-13.json
prompts/agent-product-launches/runs/foundation-pvp_curemd.com_2026-05-13.json,b7469e75171ca9654c58c9531d43df2dcb80c643,ecee7f7fb2528e935c9d0120845dc97d7a8707ee6598f229b1d4274750e7d565,prompts/agent-product-launches/runs/foundation-pvp_curemd.com_2026-05-13.json
prompts/agent-product-launches/runs/foundation-pvp_cusc.com_2026-05-13.json,2b805b69ea4a66e48bcc1b812a8b176729b923a4,8e23b63dc00ff168cb66a9e33198f258de657253d7f5b0bdfa02dd421020ecef,prompts/agent-product-launches/runs/foundation-pvp_cusc.com_2026-05-13.json
prompts/agent-product-launches/runs/foundation-pvp_cyberproof.com_2026-05-13.json,d9196bf1d70394f97678d61f69ee631e1f29202b,5d13992ff54ba97bc0c9b41e531802452cb42dc5aec82e77b1fb68c16724341c,prompts/agent-product-launches/runs/foundation-pvp_cyberproof.com_2026-05-13.json
prompts/agent-product-launches/runs/foundation-pvp_cybersoft.net_2026-05-13.json,dcb153d0c383eeb559eb45dfd3b8196bc0e414a4,4bb5d81e627eaa6c68fe4335754dbd73af0982e8c1d13018265247fd95f44065,prompts/agent-product-launches/runs/foundation-pvp_cybersoft.net_2026-05-13.json
prompts/agent-product-launches/runs/foundation-pvp_cybersource.com_2026-05-13.json,ca65122c79a3767ea0b9fdccccdeb5faa7e6d656,5e28d223192cdf37e1ebe439c11747eb55dce7cbfd714497c761eab7c5427bf4,prompts/agent-product-launches/runs/foundation-pvp_cybersource.com_2026-05-13.json
prompts/agent-product-launches/runs/foundation-pvp_cyclebar.com_2026-05-13.json,2ae457861e0c24e7c36d26dd555801f14d228777,9fde35ac5252b3d41ee8c86f89946f5af3724223abfc5c895a4735f3c5baf398,prompts/agent-product-launches/runs/foundation-pvp_cyclebar.com_2026-05-13.json
prompts/agent-product-launches/runs/foundation-pvp_cyfuture.com_2026-05-13.json,947d6b194394265c991fad66ebb61670503189aa,f420a751fcd3697dca95afea36daa3618f976cd192a34693d3369546dfada7b9,prompts/agent-product-launches/runs/foundation-pvp_cyfuture.com_2026-05-13.json
prompts/agent-product-launches/runs/foundation-pvp_cynethealth.com_2026-05-13.json,bc9163d68b287923bfef113a98664e45a0e4f6bd,f96ce7ca6b2dc33d4d3138632150ad1a2e86b60e0d8dd7df3041deb744375b0a,prompts/agent-product-launches/runs/foundation-pvp_cynethealth.com_2026-05-13.json
prompts/agent-product-launches/runs/foundation-pvp_cyracom.com_2026-05-13.json,8c7f31e3b1a8f89cac40fe3cf590eaf2f40a9c58,c7cbb62efe6019c3714f94915ff377f9cf17625396079feffde4d9d8c4b58f8e,prompts/agent-product-launches/runs/foundation-pvp_cyracom.com_2026-05-13.json
prompts/agent-product-launches/runs/foundation-pvp_daisygroup.com_2026-05-13.json,695a169543d1bee985958da07612724cca89aac3,f91ddf3731b3ee069a9aaa95b399a5b096f086028d433cb2724b36528d1c685b,prompts/agent-product-launches/runs/foundation-pvp_daisygroup.com_2026-05-13.json
prompts/agent-product-launches/runs/foundation-pvp_daktronics.com_2026-05-13.json,de788688d1570f9a6d51c777211ec21474878ed0,541b49385a86dfd5259a6751b38ee36e673018e15715acf1baa586cada1e6754,prompts/agent-product-launches/runs/foundation-pvp_daktronics.com_2026-05-13.json
prompts/agent-product-launches/runs/foundation-pvp_dalefarm.com_2026-05-13.json,59e43284369906071d2fe23b7ed16be5c161a19d,e9ebfa51bfe861dadf52ac8578a7ec923d77c6ff35efdf5068b29fbff77b19dd,prompts/agent-product-launches/runs/foundation-pvp_dalefarm.com_2026-05-13.json
prompts/agent-product-launches/runs/foundation-pvp_dare.global_2026-05-13.json,2c6451f55805164bf8d55399b1f6824c30052e49,8da51d132b65f24736dcfd4d424eaa1b1eb79b27e18d68619937e97d714b324d,prompts/agent-product-launches/runs/foundation-pvp_dare.global_2026-05-13.json
prompts/agent-product-launches/runs/foundation-pvp_dashtechinc.com_2026-05-13.json,6943f48c520eaf447f6230b9a9aab7e622cfdab3,96843e62795ea377406ba29fb44c4f4734e004f8defe521e0e3d55cbf79eaef9,prompts/agent-product-launches/runs/foundation-pvp_dashtechinc.com_2026-05-13.json
prompts/agent-product-launches/runs/foundation-pvp_datacolor.com_2026-05-13.json,796b86d14f2f38f80ba7c4291e295bc13daec2c3,ad407bc86d0ad422a155125d82c488586c8c72211090f9c652e68481b0393c11,prompts/agent-product-launches/runs/foundation-pvp_datacolor.com_2026-05-13.json
prompts/agent-product-launches/runs/foundation-pvp_datacoresystems.com_2026-05-13.json,6e5e31521a7e8fd0d0a1e19305ced39a775398b1,21d6d7fe305fb15d77b9fd221648c830314ef77bb649a1b9d18cb2e4ac2961ae,prompts/agent-product-launches/runs/foundation-pvp_datacoresystems.com_2026-05-13.json
prompts/agent-product-launches/runs/foundation-pvp_datadimensions.com_2026-05-13.json,962700c3d50bdbf8ea9ca752abb91054270f0c28,b5cbe4a3217ca9afe8dd6e3ccb0f173755073ab03b2de78c6ad3f2465396ed61,prompts/agent-product-launches/runs/foundation-pvp_datadimensions.com_2026-05-13.json
prompts/agent-product-launches/runs/foundation-pvp_dataeconomy.io_2026-05-13.json,f6ae135770d83d5de7ef82514f5e63701170c9bb,6432d071e16f6171ad40cc754d41d26d8920a480d105a9decf0897033b96ade6,prompts/agent-product-launches/runs/foundation-pvp_dataeconomy.io_2026-05-13.json
prompts/agent-product-launches/runs/foundation-pvp_datagainservices.com_2026-05-13.json,bf6a77e411366f8b49dd83def7c96c8330bfc117,f4a1212f5eafa0972cd0358c06565f610a4bdfeadb358131683a888d4345e692,prompts/agent-product-launches/runs/foundation-pvp_datagainservices.com_2026-05-13.json
prompts/agent-product-launches/runs/foundation-pvp_dataintellect.com_2026-05-13.json,def7480507d81c2e166a05e9e6bc02c19f54acc0,7b2c2b66908d6f7b3311c5b24a9d9f3a083eda583c3f04f67c936998b01ddca9,prompts/agent-product-launches/runs/foundation-pvp_dataintellect.com_2026-05-13.json
prompts/agent-product-launches/runs/foundation-pvp_dataintensity.com_2026-05-13.json,b157b0a975564810a0c7d2291ad2cb15e1cf187d,dde283217fb774f9e0993acb7580dbb5b2d4c6e1a29be30ff8adf50346787015,prompts/agent-product-launches/runs/foundation-pvp_dataintensity.com_2026-05-13.json
prompts/agent-product-launches/runs/foundation-pvp_datatracks.com_2026-05-13.json,88c60dd4cc160d62725b83dc032e1d0a2edc407c,cec2a11c74575b16f9a49593ce8421537aca8d59487611aa6156b4eccaac9dd1,prompts/agent-product-launches/runs/foundation-pvp_datatracks.com_2026-05-13.json
prompts/agent-product-launches/runs/foundation-pvp_datawatchsystems.com_2026-05-13.json,0786837e241bcec3bfa7e6448519aa8bbfa118be,c629601d4db9345da16f66587cdb4427624dfd1df7f5d4420ee7afbd46b181d6,prompts/agent-product-launches/runs/foundation-pvp_datawatchsystems.com_2026-05-13.json
prompts/agent-product-launches/runs/foundation-pvp_daveramsey.com_2026-05-13.json,82bfd362c97073ad933401024c2e3752614708b9,7e055537232a52a92bb3c04fe0e9e90a1c01784fe179424aa5cfb9f5e4d4293f,prompts/agent-product-launches/runs/foundation-pvp_daveramsey.com_2026-05-13.json
prompts/agent-product-launches/runs/foundation-pvp_davisvision.com_2026-05-13.json,b88327a41f6d5b7b9fba64e4d9374d925b9adf01,55dcc743fc3b7b330f5fffd182b9f063be334d281bd151bc9b073f69ffc1527a,prompts/agent-product-launches/runs/foundation-pvp_davisvision.com_2026-05-13.json
prompts/agent-product-launches/runs/foundation-pvp_daysmart.com_2026-05-13.json,062e67f8d72c0e4f95ef6d65ca83041ff98d7552,84d8d97acb74c36e51128875ee16b96595216f55b185bbabaf4f37ef2f6cbdb1,prompts/agent-product-launches/runs/foundation-pvp_daysmart.com_2026-05-13.json
prompts/agent-product-launches/runs/foundation-pvp_dbizsolution.com_2026-05-13.json,1aa930a06c4bb6eded08a7912d498d4d2d7e9234,2d331a834e1ae883ace7a7363dbedb0e9d400da4cdd07cbdf264ccfccdbe549b,prompts/agent-product-launches/runs/foundation-pvp_dbizsolution.com_2026-05-13.json
prompts/agent-product-launches/runs/foundation-pvp_dclcorp.com_2026-05-13.json,7be8c049fd2bf9e4169da5e87eb02e07fa758ad4,9847fae358ca9bd94ad8daa01bf1adf41dd304eb7f1c12fd872f7be500419d00,prompts/agent-product-launches/runs/foundation-pvp_dclcorp.com_2026-05-13.json
prompts/agent-product-launches/runs/foundation-pvp_ddc-web.com_2026-05-13.json,17cb2a851a140d1750fa12566b18060588292a6d,3eb8d8c54f831f918d51d8a9c2f1071ea816a4453d57a724a788a9024e3a6276,prompts/agent-product-launches/runs/foundation-pvp_ddc-web.com_2026-05-13.json
prompts/agent-product-launches/runs/foundation-pvp_dealer.com_2026-05-13.json,b7c34efc19fa62f3e39383b66bf76f26610672ad,0b45b4149232e95ef1bfcc4a55ee7bba3f35ef616450e4785f1db9d1e6eddf26,prompts/agent-product-launches/runs/foundation-pvp_dealer.com_2026-05-13.json
prompts/agent-product-launches/runs/foundation-pvp_dealereprocess.com_2026-05-13.json,69c6e67d4b0a5985d6dd7894f89df15266206345,d388aec4349265e4ce23d53c6e01e82ddfcf5e6e59de78c9b459b830360b77ae,prompts/agent-product-launches/runs/foundation-pvp_dealereprocess.com_2026-05-13.json
prompts/agent-product-launches/runs/foundation-pvp_dealeron.com_2026-05-13.json,93459f9d7a0a886d2b8459f9948e00241ecd475e,ed08cdbc080a7e6c08afc0ffebd12de26cec4575501a40191f34569504435ae1,prompts/agent-product-launches/runs/foundation-pvp_dealeron.com_2026-05-13.json
prompts/agent-product-launches/runs/foundation-pvp_dealerspecialties.com_2026-05-13.json,eea3e7d6b31140c247bfbb61b2ce0494455e7e70,068db5ec81a6a21484433d8eea7c03dd0244f020fb4998f5143ec7f354652f30,prompts/agent-product-launches/runs/foundation-pvp_dealerspecialties.com_2026-05-13.json
prompts/agent-product-launches/runs/foundation-pvp_dealogic.com_2026-05-13.json,0cffd1d196e2c110cf72d6873ede7ab06c78cfd0,5ddb36cfe39a128ee4ba614bbe7ccf0042a039bd3ac29ed5dc25bed2d55ad094,prompts/agent-product-launches/runs/foundation-pvp_dealogic.com_2026-05-13.json
prompts/agent-product-launches/runs/foundation-pvp_deltadentalmi.com_2026-05-13.json,08fae74da73f925f6ad1db9b0f1df6d127ab1185,ac21ba15def049cfddffed01f6f6218b737b2728616d5d6f110f7b1fe9e99925,prompts/agent-product-launches/runs/foundation-pvp_deltadentalmi.com_2026-05-13.json
prompts/agent-product-launches/runs/foundation-pvp_deltadentalwa.com_2026-05-13.json,a386a5cfb0376f5df69802f959f6492da57c0c37,d5f7c7975f26c3a066e79c52b476dbfb874b034ddf6b5d712bc667f127e7efc6,prompts/agent-product-launches/runs/foundation-pvp_deltadentalwa.com_2026-05-13.json
prompts/agent-product-launches/runs/foundation-pvp_dermpathdiagnostics.com_2026-05-13.json,37dbf4b743d5faf15ad34fe47e7b4c93b69177a6,1ed297e64237568204775690db4c3fe761a03b2eb0eb83cc917bebc3eda7a0cc,prompts/agent-product-launches/runs/foundation-pvp_dermpathdiagnostics.com_2026-05-13.json
prompts/agent-product-launches/runs/foundation-pvp_designedconveyor.com_2026-05-13.json,89a5a5cb48849f6b874b4479da5dc522c225b15d,911cbcc328212e13aede4d8061d43730855d2eabd81c2f0b5bdd658e09985a7b,prompts/agent-product-launches/runs/foundation-pvp_designedconveyor.com_2026-05-13.json
prompts/agent-product-launches/runs/foundation-pvp_deswik.com_2026-05-13.json,dfc0c149ede0bbbaf8589eb7580cfc1924c31317,4e107325b003453ce35ab954c16eba765563fe98e638f2b1e9cc59c7c6d4f5a3,prompts/agent-product-launches/runs/foundation-pvp_deswik.com_2026-05-13.json
prompts/agent-product-launches/runs/foundation-pvp_devcom.com_2026-05-13.json,f353e9e45875a139b6eefa350cf945990c7863dc,94c14c0909cf46da9b21f040cae91f8cc2ef1dc825a8fa326e4ec7a160d6d6b8,prompts/agent-product-launches/runs/foundation-pvp_devcom.com_2026-05-13.json
prompts/agent-product-launches/runs/foundation-pvp_devcon-const.com_2026-05-13.json,163f2a754186a6738ded36c63bc5a92d550d4db1,3cc31087921601024b7dd528f9c8c7914e36f2bfdb009b97fe6d9014c8598c79,prompts/agent-product-launches/runs/foundation-pvp_devcon-const.com_2026-05-13.json
prompts/agent-product-launches/runs/foundation-pvp_devolutions.net_2026-05-13.json,c7750b52827f4aff476b2220145dc982e09d9b68,062fbbb42261a40817adcb91f0af1052573f2906f1434d01e36a3f4b7114a10c,prompts/agent-product-launches/runs/foundation-pvp_devolutions.net_2026-05-13.json
prompts/agent-product-launches/runs/foundation-pvp_dexyp.com_2026-05-13.json,38557444e2e51eaa6395a19d38214a61a391abd0,154278ad6ca9f3ee6a143d4e64c9db28c1fadac49cce745561f9c5479394a452,prompts/agent-product-launches/runs/foundation-pvp_dexyp.com_2026-05-13.json
prompts/agent-product-launches/runs/foundation-pvp_dfl.de_2026-05-13.json,e46c0c9ae06890485c8e60b4fdcdae0d116fa77f,86ab8ae8e743d8045d00e488b24b9ef5f2e6944a631d5407e908c609de8328b3,prompts/agent-product-launches/runs/foundation-pvp_dfl.de_2026-05-13.json
prompts/agent-product-launches/runs/foundation-pvp_dga.com_2026-05-13.json,06e02e29fb4c93a1f81e6a19fb5e57aa0c80c1af,970026d7998e5d50b357621619ff99f1c3760b1e93c37ef4b18ad61e2bd73910,prompts/agent-product-launches/runs/foundation-pvp_dga.com_2026-05-13.json
prompts/agent-product-launches/runs/foundation-pvp_dialogic.com_2026-05-13.json,ca88a58eba73a87b5ba74cb81dc7e09bb201ed96,52f2142f8941668b2f6fd6b35fe50a62ff2e6cebf1d03139600d9f0196d830ee,prompts/agent-product-launches/runs/foundation-pvp_dialogic.com_2026-05-13.json
prompts/agent-product-launches/runs/foundation-pvp_diamonds.net_2026-05-13.json,793d390f9025fbff21008123e4ef2f14fab1f009,6abd0de677ab21ddbecf10f9de3349838abf778b9848988f2342ce887a9d384f,prompts/agent-product-launches/runs/foundation-pvp_diamonds.net_2026-05-13.json
prompts/agent-product-launches/runs/foundation-pvp_dicom.com_2026-05-13.json,626b73641253817139d6a59e92a1a5a29a59c6c0,d32d126d8f6a0416b9f5016a0c7362b0cd97c12b454499d3507690d7fab2bce6,prompts/agent-product-launches/runs/foundation-pvp_dicom.com_2026-05-13.json
prompts/agent-product-launches/runs/foundation-pvp_diesellaptops.com_2026-05-13.json,4173107092ad30deb828db1e6e7e21ff4123f0cc,5b4d8c1741d389a26003dcc3b6cb4ec4136e3d99db941dcbdd51a5eaff6d267f,prompts/agent-product-launches/runs/foundation-pvp_diesellaptops.com_2026-05-13.json
prompts/agent-product-launches/runs/foundation-pvp_digital-nirvana.com_2026-05-13.json,724034dfb66837f474349758330bf2b1b34305b3,e9e129d77363a3a6be9131f5b966c220ffe9a2399a0083b701f53b036e3d990f,prompts/agent-product-launches/runs/foundation-pvp_digital-nirvana.com_2026-05-13.json
prompts/agent-product-launches/runs/foundation-pvp_digitalharbor.com_2026-05-13.json,c7f9ee31e29522ec9f73a2ca2f70190a7d482595,ee20f941263f72d08155df63fe1329b1cdc81d10515a650cf07ca632ef94a014,prompts/agent-product-launches/runs/foundation-pvp_digitalharbor.com_2026-05-13.json
prompts/agent-product-launches/runs/foundation-pvp_digitalmarketingagency.com_2026-05-13.json,0fb18b4d77181f221e6ba0dfdaa2d1405c3bffa2,4f01fc3e2ace24a12f15800f37002e6fd08483409e326a9af543a33fad23423c,prompts/agent-product-launches/runs/foundation-pvp_digitalmarketingagency.com_2026-05-13.json
prompts/agent-product-launches/runs/foundation-pvp_diligentglobal.com_2026-05-13.json,35a076628665d41cb93881f53129cd33484c9f70,83e144962f616cec5898c9b6032e44f1c1a6cd3e0854cb908fbb8bef763f0bce,prompts/agent-product-launches/runs/foundation-pvp_diligentglobal.com_2026-05-13.json
prompts/agent-product-launches/runs/foundation-pvp_dis-corp.com_2026-05-13.json,fac95a664363e15da1ef50eaa3ea6524d2581fa3,48478307c0cf5d3c2cd6e045fa2f277149d152c8d3f4611d6dbdf8d939241c55,prompts/agent-product-launches/runs/foundation-pvp_dis-corp.com_2026-05-13.json
prompts/agent-product-launches/runs/foundation-pvp_distech-controls.com_2026-05-13.json,40e07c978893467f706fdc4f494db49cac3aa872,0766ccddb7ff89ea748a89d69f44411eaa4f306954c83d8ad04312cb9c484162,prompts/agent-product-launches/runs/foundation-pvp_distech-controls.com_2026-05-13.json
prompts/agent-product-launches/runs/foundation-pvp_distillery.com_2026-05-13.json,fffa8477dde942fa4aeee5a78b5d195c5fcd3339,7e2cdbf1f517dae2355f343bcfe74c2a82ce1854db9c621bb407539c809f2cb7,prompts/agent-product-launches/runs/foundation-pvp_distillery.com_2026-05-13.json
prompts/agent-product-launches/runs/foundation-pvp_districtphoto.com_2026-05-13.json,cd11c67acb2477bb79bead41c3b5d2951ae159e7,e303de6134859d6c874410aab61ffdce9da64e8c6c6c216d93e392b7c354159d,prompts/agent-product-launches/runs/foundation-pvp_districtphoto.com_2026-05-13.json
prompts/agent-product-launches/runs/foundation-pvp_diversant.com_2026-05-13.json,7778a1837e4e5ce5a76e92a3b5f1f67507e2e831,2b729569121045f20c98e8c42fb1a57836fcba65283ed81a3eb589141c49979e,prompts/agent-product-launches/runs/foundation-pvp_diversant.com_2026-05-13.json
prompts/agent-product-launches/runs/foundation-pvp_dmatter.com_2026-05-13.json,88a22062be8fdaeef489adc5189007105a7887ea,5ad2dbf75c02587b6a49792f4bca4bdaaa33fa91b6418365affeb9435991542f,prompts/agent-product-launches/runs/foundation-pvp_dmatter.com_2026-05-13.json
prompts/agent-product-launches/runs/foundation-pvp_dmcinfo.com_2026-05-13.json,e48b05406f61e8d513ac87c708f014e416276065,6a719eca0d8731a8b913b69ea17e0f841bd3172b0df203b89945828c25f39ec8,prompts/agent-product-launches/runs/foundation-pvp_dmcinfo.com_2026-05-13.json
prompts/agent-product-launches/runs/foundation-pvp_dme.net_2026-05-13.json,a0ebcfc7faac113858a5304d36822b633293c6bd,01327659bf2d7e8b394e8e19685aeed87f10e166e06d24578ffb491eddcb6ed2,prompts/agent-product-launches/runs/foundation-pvp_dme.net_2026-05-13.json
prompts/agent-product-launches/runs/foundation-pvp_dmeserve.com_2026-05-13.json,bb445daea4b484f4f516fef439416ce9c1581300,021fe189075eb8ae30f0d5ff8188689358e82088cc564c94860abe91f3412d8a,prompts/agent-product-launches/runs/foundation-pvp_dmeserve.com_2026-05-13.json
prompts/agent-product-launches/runs/foundation-pvp_dmp.com_2026-05-13.json,4f44060edbd777db161da9af0086423f3ab04048,690df160721acc342722687db766c6d33e88154862e8e1d603d463d7bad4f2a0,prompts/agent-product-launches/runs/foundation-pvp_dmp.com_2026-05-13.json
prompts/agent-product-launches/runs/foundation-pvp_dmsi.com_2026-05-13.json,1bc72b1db5a72e0714b4d2352268053d645f96e3,e0f02091fdde4d40255d81f421da1522014dcd9f7062e0f71772be8200784a26,prompts/agent-product-launches/runs/foundation-pvp_dmsi.com_2026-05-13.json
prompts/agent-product-launches/runs/foundation-pvp_dmwandh.com_2026-05-13.json,83190f7e3a67c0f45d62fca0d794709f43a7bd32,774ea1d37889d82c5929fb047dea3307b47fd26582a437cd93b1ce3eee588d40,prompts/agent-product-launches/runs/foundation-pvp_dmwandh.com_2026-05-13.json
prompts/agent-product-launches/runs/foundation-pvp_doble.com_2026-05-13.json,b2262c87e530abf0356f5e2ace3dcc3fa2f3a1f6,caaae0b16ad84ed8ade08f24c4cf3ce44f7553db1ac76c82243b90ad0be4cd75,prompts/agent-product-launches/runs/foundation-pvp_doble.com_2026-05-13.json
prompts/agent-product-launches/runs/foundation-pvp_doccept.com_2026-05-13.json,c2f36564e686e5838efc1a5dbe9ad6caadf79d10,dd2b89f46b9331cd0f9f2d8009bb561751e48e6a55f8f99d6480da0b54faae8f,prompts/agent-product-launches/runs/foundation-pvp_doccept.com_2026-05-13.json
prompts/agent-product-launches/runs/foundation-pvp_doherty.jobs_2026-05-13.json,4e6946a0c955ead9d73526f0bc6740f95ae55115,aae26ac237ae7860868dc12441d4b11a50b2cc760731c57a6f764a997175cfe1,prompts/agent-product-launches/runs/foundation-pvp_doherty.jobs_2026-05-13.json
prompts/agent-product-launches/runs/foundation-pvp_domaineworldwide.com_2026-05-13.json,663bcefebcc5bb59fad0866e2b55553b5c1c3f96,20ca59ec0971215d02f1c63898d03f92246738b23d2458322bba279561163ea5,prompts/agent-product-launches/runs/foundation-pvp_domaineworldwide.com_2026-05-13.json
prompts/agent-product-launches/runs/foundation-pvp_donovandata.com_2026-05-13.json,393dcf71c72dfd60f46f9be4efa6ae9dc4bfcb51,e1d62f60766c93b8427ed80ec287e8fc125037a48acc7ff4da59a3f5e3e95915,prompts/agent-product-launches/runs/foundation-pvp_donovandata.com_2026-05-13.json
prompts/agent-product-launches/runs/foundation-pvp_dornier.com_2026-05-13.json,c15c88f175bf1d4ef42639f6f638db3d84b9a7ad,102729ad3455fa1335add24610a4a0e01cc278e9c97aaee606c0664c7067fd06,prompts/agent-product-launches/runs/foundation-pvp_dornier.com_2026-05-13.json
prompts/agent-product-launches/runs/foundation-pvp_dotmailer.com_2026-05-13.json,8fc5ebe48adde15359708c9b9814ef95a7107069,103f4f563d1f728caa3fe9f72688cf2a68dda3cf20dbdaf6d80bf2ba8a1fdab0,prompts/agent-product-launches/runs/foundation-pvp_dotmailer.com_2026-05-13.json
prompts/agent-product-launches/runs/foundation-pvp_dpispecialtyfoods.com_2026-05-13.json,923b4f953f71e47e2bd70d546d3131453886dc5d,bf6e351d5caf8475d05f922777ca8842ad57fd80f48d5ea3a5dd86ec395bd85c,prompts/agent-product-launches/runs/foundation-pvp_dpispecialtyfoods.com_2026-05-13.json
prompts/agent-product-launches/runs/foundation-pvp_drakesoftware.com_2026-05-13.json,42dff47c1406aa5d0fdcc5f8859158752a16eafd,915068e5cf08162cbea53a78fb3baaef1f187845c2614fa60ecdaa98498151dc,prompts/agent-product-launches/runs/foundation-pvp_drakesoftware.com_2026-05-13.json
prompts/agent-product-launches/runs/foundation-pvp_drb.com_2026-05-13.json,4d4c9a5151c507a1de0e347f44ee6b74a73d399a,60826f850dbf9ebe439779008552bf81b422c1230b97745f2a853f254fa4615a,prompts/agent-product-launches/runs/foundation-pvp_drb.com_2026-05-13.json
prompts/agent-product-launches/runs/foundation-pvp_dreamztech.com_2026-05-13.json,ab7fab849561deefa7add1b60900f779889a3f7c,12b571acd4304514fde7422cf3f78dd45a1168c32f47f115f2eb556c38190d07,prompts/agent-product-launches/runs/foundation-pvp_dreamztech.com_2026-05-13.json
prompts/agent-product-launches/runs/foundation-pvp_drivedominion.com_2026-05-13.json,a297110ff8e562c8fe6a229f2ded0865d385a7ab,0c898a9e4aa1ece7040e9c4f22e2dc08b4179fc597891c75d0284fc955415bcc,prompts/agent-product-launches/runs/foundation-pvp_drivedominion.com_2026-05-13.json
prompts/agent-product-launches/runs/foundation-pvp_droisys.com_2026-05-13.json,ed2222f9d8f0e85200d18673eed9c2c0fda0030f,97b73793b7e9214692310ceef46fb89da08a956bf5796575b1f15fadb1d07b6a,prompts/agent-product-launches/runs/foundation-pvp_droisys.com_2026-05-13.json
prompts/agent-product-launches/runs/foundation-pvp_drti.com_2026-05-13.json,2cd6b011e36f91e30da74288652980e3c5b3c06f,26e45b8eae7c1696794d34445c3cad9b62afed13692b2d6074181da302261b96,prompts/agent-product-launches/runs/foundation-pvp_drti.com_2026-05-13.json
prompts/agent-product-launches/runs/foundation-pvp_dsainc.com_2026-05-13.json,978f119ca0a08b70cb12f2a5970aeab77aad38e0,d1ec9de5af7a94b71c8c61f31acd24980331674b6de11dc43d3e235b3acf25e7,prompts/agent-product-launches/runs/foundation-pvp_dsainc.com_2026-05-13.json
prompts/agent-product-launches/runs/foundation-pvp_duckercarlisle.com_2026-05-13.json,8b672ff7041faa8c5b934e742fdd24b73fc44b4d,5d1880d4c74b484a9c37178ca8792c6c558b907ba0468472085cd896b6d8df0a,prompts/agent-product-launches/runs/foundation-pvp_duckercarlisle.com_2026-05-13.json
prompts/agent-product-launches/runs/foundation-pvp_dyadtech.com_2026-05-13.json,81ef3729df2240d1f5aa7b1cd9cb0fea94d0021d,2322ec9efae2a383c10aa8d2805358fb33abf617fa8a8ccddc59744b9bdb757b,prompts/agent-product-launches/runs/foundation-pvp_dyadtech.com_2026-05-13.json
prompts/agent-product-launches/runs/foundation-pvp_dyedurham.com.au_2026-05-13.json,6c35565adcedfab772bd496b436586596305fd21,3afa5e0c17a908743a2dc364669ff3b89f89263dd47bb6f922879c5dbde935a9,prompts/agent-product-launches/runs/foundation-pvp_dyedurham.com.au_2026-05-13.json
prompts/agent-product-launches/runs/foundation-pvp_dynatechconsultancy.com_2026-05-13.json,cb9fa2df3dd037e145b7c6fa5a2543835a24a6aa,f2fa7e8fb4dfeddd97931e6c2398a3d7b5c8bb4a0b2f68afe65ac394368a930b,prompts/agent-product-launches/runs/foundation-pvp_dynatechconsultancy.com_2026-05-13.json
prompts/agent-product-launches/runs/foundation-pvp_dynpro.com_2026-05-13.json,86e2754becd8c27544af0d7ff133d5cac1b942d5,c5fea0eb87622facab31f7f46fa6e1b68a5d1bd5a46b4d9315b4d56ac5f96b7a,prompts/agent-product-launches/runs/foundation-pvp_dynpro.com_2026-05-13.json
prompts/agent-product-launches/runs/foundation-pvp_e2g.com_2026-05-13.json,5237b06318c4581674981ed91b3562dccc0d6059,4080ea3921e832959e69758c6de0c65a988a44446608613a27acc2b0f5e7aedd,prompts/agent-product-launches/runs/foundation-pvp_e2g.com_2026-05-13.json
prompts/agent-product-launches/runs/foundation-pvp_e360.com_2026-05-13.json,692000ffffc7e3286b78763f1392273451fea41c,d904031f533646be2416086a3809110e973a75f9e46b6b05a71c3d39cf7d056d,prompts/agent-product-launches/runs/foundation-pvp_e360.com_2026-05-13.json
prompts/agent-product-launches/runs/foundation-pvp_e4-services.com_2026-05-13.json,2649d088cb3448c251770c88f3fcec427edd1ccf,3589b85e085fa9e77f7afe417336ffd82a9fcbfe72618b46dbb90120b49c845e,prompts/agent-product-launches/runs/foundation-pvp_e4-services.com_2026-05-13.json
prompts/agent-product-launches/runs/foundation-pvp_eaglecrk.com_2026-05-13.json,971968df8c8878759419c3bda9143f19f00ce5da,170f91debb2bb57b67402bf5382035640409eb25a158b954d7a206909b6364a2,prompts/agent-product-launches/runs/foundation-pvp_eaglecrk.com_2026-05-13.json
prompts/agent-product-launches/runs/foundation-pvp_eagservices.com_2026-05-13.json,774ef5943fbe4dd59da42923054b711644258c2e,ab8f5a59ace53c7e3ab92d9c85f1168b984ad89812712d8ed2aacb19ddfd41fe,prompts/agent-product-launches/runs/foundation-pvp_eagservices.com_2026-05-13.json
prompts/agent-product-launches/runs/foundation-pvp_easinc.net_2026-05-13.json,ccaf09eb2e79d874db2fdd56a5ce0d520f5cb280,3f9fb2674ad8c7fbdc021015e48bfa342478d8ae60cb061c8ec891779ce9215f,prompts/agent-product-launches/runs/foundation-pvp_easinc.net_2026-05-13.json
prompts/agent-product-launches/runs/foundation-pvp_eastnets.com_2026-05-13.json,98c191ea34ac52259270d3789729d60eff0c615f,2198a099e4a6024ab120cb6ae722a5b268118d2066fe0185682f6c45908bf706,prompts/agent-product-launches/runs/foundation-pvp_eastnets.com_2026-05-13.json
prompts/agent-product-launches/runs/foundation-pvp_eatechnology.com_2026-05-13.json,41a7e580c4b6efd32e382b20efdac56cb4d0fc03,596ace254e3c926295c568d8a21d14c86aa8c142ba0d917c94e99bcc08ae9b32,prompts/agent-product-launches/runs/foundation-pvp_eatechnology.com_2026-05-13.json
prompts/agent-product-launches/runs/foundation-pvp_eberls.com_2026-05-13.json,29f003017c42a1a0cc89f8d03086ed66a55986b6,8dbf6468f07c52bdc5e66b6f03e274915ac56ad3c074126cda1be44781cef8af,prompts/agent-product-launches/runs/foundation-pvp_eberls.com_2026-05-13.json
prompts/agent-product-launches/runs/foundation-pvp_ebizcharge.com_2026-05-13.json,4ab9aae2b478bf179fab79a29b3eb4c7ec17c346,93734dfca52f944a2049ceb5897f58679b05c4a00d3f6584c9401413c008a2b8,prompts/agent-product-launches/runs/foundation-pvp_ebizcharge.com_2026-05-13.json
prompts/agent-product-launches/runs/foundation-pvp_eblock.com_2026-05-13.json,2c47819f4ebb394ba8091b6cf127c99fa2f3ec7c,ba6b6ce7a14fbe962c7ccbc0910e8ec3aea23b6163da881b1ce34c4a65b9a21c,prompts/agent-product-launches/runs/foundation-pvp_eblock.com_2026-05-13.json
prompts/agent-product-launches/runs/foundation-pvp_ebpearls.com.au_2026-05-13.json,03d36424504de5fd965717b9cf6ff09fd7b0b46f,0eea651881e62204a80f833029a57ee337f97103b5ec7c3aebb1e7a6f8fc371d,prompts/agent-product-launches/runs/foundation-pvp_ebpearls.com.au_2026-05-13.json
prompts/agent-product-launches/runs/foundation-pvp_echo.com_2026-05-13.json,38c684611b7344b97ef77f9812c6b091e3d6bd79,7d9e23f08f3d2c895985de7924396e31ad73b0fb6bda5ece64b333905a004646,prompts/agent-product-launches/runs/foundation-pvp_echo.com_2026-05-13.json
prompts/agent-product-launches/runs/foundation-pvp_econolite.com_2026-05-13.json,677c80cfecd7b76896bb7cffb6ddb0adba937f9b,07e120880d414fe359a66a4fde6629f32f6c78ba5c6772b57e201f17cc3859c2,prompts/agent-product-launches/runs/foundation-pvp_econolite.com_2026-05-13.json
prompts/agent-product-launches/runs/foundation-pvp_economistgroup.com_2026-05-13.json,d2a5eea0d93b31f4ea1ff524412be030095d2bdf,4e00ebc79bbadf6f0ef63429bdd45b1d620244505646365cc3d5c7226aff33fb,prompts/agent-product-launches/runs/foundation-pvp_economistgroup.com_2026-05-13.json
prompts/agent-product-launches/runs/foundation-pvp_ecrs.com_2026-05-13.json,eb59f047dbe45a7406942f8766be5f81e2783080,be1bd41ee9ce1a7d64d9893b63fe3a49734b796418e5ecf0a4ed1c7cbe13afac,prompts/agent-product-launches/runs/foundation-pvp_ecrs.com_2026-05-13.json
prompts/agent-product-launches/runs/foundation-pvp_ecstech.com_2026-05-13.json,bdb5e96749d79242fbebc6fecdf3277e26802435,7210ec350cdd7ca110ba185b68878a52fc8d1ef55e4582c2d2a0f8f9449b289f,prompts/agent-product-launches/runs/foundation-pvp_ecstech.com_2026-05-13.json
prompts/agent-product-launches/runs/foundation-pvp_edenredpay.com_2026-05-13.json,6bc0365cc22297be9ee9dac43095bb7fe23f7e11,1de6de25653fb9c9fcdf0d772d9a1f780f2d2ce2b4738e1aa4c2340c1f152825,prompts/agent-product-launches/runs/foundation-pvp_edenredpay.com_2026-05-13.json
prompts/agent-product-launches/runs/foundation-pvp_edgilityos.com_2026-05-13.json,ef12c74d8f70f31fb299e57eacd1a112453b9cc3,03b21a7c75f91f0cf131a3e640f3dca5af2d287fa4205862e1d46098df895de0,prompts/agent-product-launches/runs/foundation-pvp_edgilityos.com_2026-05-13.json
prompts/agent-product-launches/runs/foundation-pvp_edit.co.uk_2026-05-13.json,9643990ab92203be196dca4355fd9ba2a9ce1a51,570d26a4e0bf389d7a380b252716d9ec749a0ab3f9f821b52a630c43352f0448,prompts/agent-product-launches/runs/foundation-pvp_edit.co.uk_2026-05-13.json
prompts/agent-product-launches/runs/foundation-pvp_edupoint.com_2026-05-13.json,820b7fa5915bd6a91a2e41904ddce2fd0a08f6a6,ce93d5d01f58a4224ee545a4043f48555142476a17b3b78e396a9ddbf57d8ff8,prompts/agent-product-launches/runs/foundation-pvp_edupoint.com_2026-05-13.json
prompts/agent-product-launches/runs/foundation-pvp_effectivesoft.com_2026-05-13.json,594e08c120f10a9e6f0a8285e3e9f40e5dd1eccf,9ded71e039ed087c86b086d01de3efce57bb1e4b22ec6dc3ebad402c811fa514,prompts/agent-product-launches/runs/foundation-pvp_effectivesoft.com_2026-05-13.json
prompts/agent-product-launches/runs/foundation-pvp_effectv.com_2026-05-13.json,e62e911c00c2641be9d234fa2546ea8d502d631c,7dd66a4ff4ba4460c2027c152bd29d1832732bddf516c583f199498b22e93e5a,prompts/agent-product-launches/runs/foundation-pvp_effectv.com_2026-05-13.json
prompts/agent-product-launches/runs/foundation-pvp_efficiently.com_2026-05-13.json,9b152a977c9adafa698db53505b87cd0c15314ce,a9c29ea0433f897ac903d318649c66d91aeb94f714df389aee9bdf42e0465c30,prompts/agent-product-launches/runs/foundation-pvp_efficiently.com_2026-05-13.json
prompts/agent-product-launches/runs/foundation-pvp_eficensit.com_2026-05-13.json,58f01d0c659f6fae2a79d0a959054c0f187c72f9,beff991351eb96bc9bc042a459f22e47a31eea1537eec80e2099c35c991655b1,prompts/agent-product-launches/runs/foundation-pvp_eficensit.com_2026-05-13.json
prompts/agent-product-launches/runs/foundation-pvp_eigen.com_2026-05-13.json,a29a4364d676f53f01aa2003bf38c4b1f158e7b8,29c24c77768f8b17165829137cec6c0bec9b23ced1eec182a219eae08410b3af,prompts/agent-product-launches/runs/foundation-pvp_eigen.com_2026-05-13.json
prompts/agent-product-launches/runs/foundation-pvp_eightcap.com_2026-05-13.json,7377fddc11730b2603781a3f202d2cbc4b47be60,9e1f6b9cfb1124d2f18d94fd36fa2c2144514f0c48579fcaf66c8d16b83a7bc1,prompts/agent-product-launches/runs/foundation-pvp_eightcap.com_2026-05-13.json
prompts/agent-product-launches/runs/foundation-pvp_eims.biz_2026-05-13.json,83800706635222d00078f98660f4ef09ffb0de6d,d41dd89782b0ca2bd0f69d50608f5e7894132e84845404b615c95d83c5c4d8d6,prompts/agent-product-launches/runs/foundation-pvp_eims.biz_2026-05-13.json
prompts/agent-product-launches/runs/foundation-pvp_ekcs.co_2026-05-13.json,f84afa8601c2b0b1367b96e54abd211496607441,0b4cd3ec3cfc0963b6ba1a70e3ca683f0babbf275c555a3b9abe053dee604c12,prompts/agent-product-launches/runs/foundation-pvp_ekcs.co_2026-05-13.json
prompts/agent-product-launches/runs/foundation-pvp_electrocraft.com_2026-05-13.json,281ccb9e2e603358137c3ceca9065f4f8b461e9c,8e29d659db0d97c153d6465818c4583853e54f189b4e07322bb3d4a300e5895c,prompts/agent-product-launches/runs/foundation-pvp_electrocraft.com_2026-05-13.json
prompts/agent-product-launches/runs/foundation-pvp_electronicpayments.com_2026-05-13.json,ff233e37ed226726e1b75bc6aa228dcce28c3133,71d6e31b579229ba98170a3f5ca1c632d990bd8e23bdc67474aa83a00c74252d,prompts/agent-product-launches/runs/foundation-pvp_electronicpayments.com_2026-05-13.json
prompts/agent-product-launches/runs/foundation-pvp_elemental.com_2026-05-13.json,a326f386aca6d9f6725c7526e9906dbc48ea9494,d306ba410cc515c75d311f03fde46639e1e0791e58a5906f18fbfc1bb4d9a179,prompts/agent-product-launches/runs/foundation-pvp_elemental.com_2026-05-13.json
prompts/agent-product-launches/runs/foundation-pvp_elend.com_2026-05-13.json,6f5210925d7c3c9bd294fd55413456cd8ca620a3,0dcbcfdb35bcb513753d27b160e6af61f66609f3bf71aa991b1cf4f35ea80e10,prompts/agent-product-launches/runs/foundation-pvp_elend.com_2026-05-13.json
prompts/agent-product-launches/runs/foundation-pvp_eleviant.com_2026-05-13.json,ab120034386726b5d880562ee6e0636d480cff1f,10b3772b147f1901be20e58c8bfcb101aecd602e7ed8f7ed81b248dc64292ad8,prompts/agent-product-launches/runs/foundation-pvp_eleviant.com_2026-05-13.json
prompts/agent-product-launches/runs/foundation-pvp_elitefloor.com_2026-05-13.json,d01c68eea61b21695d20af73085a48fb564ab335,b166401a5791ba3f09bb03cb16a0d884441e261775d41af1f1eece3bc52c8d8e,prompts/agent-product-launches/runs/foundation-pvp_elitefloor.com_2026-05-13.json
prompts/agent-product-launches/runs/foundation-pvp_elitegroup.com_2026-05-13.json,53327c7ed555fd4139f400804a6f73072054d588,4ab354e6e238d250969a8af7f83b83d9214c36740db7cdd9c54a5dd64028ee3c,prompts/agent-product-launches/runs/foundation-pvp_elitegroup.com_2026-05-13.json
prompts/agent-product-launches/runs/foundation-pvp_ellkay.com_2026-05-13.json,65c6fb5a6cc9cda7796dfe43db273652f837e60b,8192eeed40509c23b7defd8339273003d3d4682da6def9a5c8ccd03509a48c4b,prompts/agent-product-launches/runs/foundation-pvp_ellkay.com_2026-05-13.json
prompts/agent-product-launches/runs/foundation-pvp_emap.com_2026-05-13.json,4e31ec5c607fe14bfd8c509cfe21b71914e5f911,89eaeeae01452c33f134952a8b4077e987814c5c9a51aa0b4438e87e826f201e,prompts/agent-product-launches/runs/foundation-pvp_emap.com_2026-05-13.json
prompts/agent-product-launches/runs/foundation-pvp_emerge360.com_2026-05-13.json,dd59ddee9c8181d44f680cd698628a6ad8d9aea2,cdc376739b92aa25fccf5b66cc9eafbb575414d43654c733635c63b04775900c,prompts/agent-product-launches/runs/foundation-pvp_emerge360.com_2026-05-13.json
prompts/agent-product-launches/runs/foundation-pvp_emergobyul.com_2026-05-13.json,dece1e39b68c284884071c5dbe533c9b36c482be,fb22a41a78c9e2355d984b73238a4ee745b07140daee2e0f83a77cb912104649,prompts/agent-product-launches/runs/foundation-pvp_emergobyul.com_2026-05-13.json
prompts/agent-product-launches/runs/foundation-pvp_emerline.com_2026-05-13.json,57d5247dc8ba2d0bfda446babbaf9f677197e4ee,d3d2d01f2f9046de162a3de5b46e63589805cc6e4bf8490f1d916f5034e7378d,prompts/agent-product-launches/runs/foundation-pvp_emerline.com_2026-05-13.json
prompts/agent-product-launches/runs/foundation-pvp_emerus.com_2026-05-13.json,b8f7e9ae3742249ba860b59db21c7299f14a0193,46ddfbf15f30c60437b4307f1d9454dfcefd5ddf3b749f03bbfaa30aa734aa82,prompts/agent-product-launches/runs/foundation-pvp_emerus.com_2026-05-13.json
prompts/agent-product-launches/runs/foundation-pvp_emlpayments.com_2026-05-13.json,425e53de27742c4698e58454b6a72476f82238b5,23204cc9c027b76f639a110067c566f9d883ef8ccfa9c17e611d3b09c01abf98,prompts/agent-product-launches/runs/foundation-pvp_emlpayments.com_2026-05-13.json
prompts/agent-product-launches/runs/foundation-pvp_empirix.com_2026-05-13.json,835645bbccc0603de84cceb21beaf413861379b9,ca277eba88dc70a8c702e5f5cdf5fb27b4aa1caffd77137bd8f0b5796fc95750,prompts/agent-product-launches/runs/foundation-pvp_empirix.com_2026-05-13.json
prompts/agent-product-launches/runs/foundation-pvp_empower.ai_2026-05-13.json,5ff22fe34450e9bb09bf1d1eaec7f50251e71cab,9fbabb133d5ebfcff3fa2ebfd94d6017edaf3130ffc5c7318d63397395c33c45,prompts/agent-product-launches/runs/foundation-pvp_empower.ai_2026-05-13.json
prompts/agent-product-launches/runs/foundation-pvp_empowermm.com_2026-05-13.json,301986158af9e66f8398b54cd39ba68efc05de13,c4babaf6848233492f7757e3bc5f60c6f43c71eee315310dc13ab900e6a349ba,prompts/agent-product-launches/runs/foundation-pvp_empowermm.com_2026-05-13.json
prompts/agent-product-launches/runs/foundation-pvp_emscorporate.com_2026-05-13.json,13d99cb9328cec0c20fce10ccd51043c6a25bade,54c9e803204f9d6ef70d24ec52f691c95b4a324f20e346eb5a5aab44b9032a61,prompts/agent-product-launches/runs/foundation-pvp_emscorporate.com_2026-05-13.json
prompts/agent-product-launches/runs/foundation-pvp_enclarapharmacia.com_2026-05-13.json,b1a17d383f82b8b4375e2bd1981d1739a6f4057d,f8e02eaa9c88bb4eca4ab6205bb4427528da3425143310a75877ccf5972e8900,prompts/agent-product-launches/runs/foundation-pvp_enclarapharmacia.com_2026-05-13.json
prompts/agent-product-launches/runs/foundation-pvp_encompass.tv_2026-05-13.json,03a6806941fc639f495af88db2adc47e80382229,77b574b9a50aae86ec6a5c6d9eee2d98d76159724c966d071d26979abfecc9f1,prompts/agent-product-launches/runs/foundation-pvp_encompass.tv_2026-05-13.json
prompts/agent-product-launches/runs/foundation-pvp_enelnorthamerica.com_2026-05-13.json,84ee39551fad85e2b3b0e0a16b2a2595f0046e0d,28482b1b5aca45f4247c83f9b08db3f0522bee3ba9a7fc30452f0dd2d713547b,prompts/agent-product-launches/runs/foundation-pvp_enelnorthamerica.com_2026-05-13.json
prompts/agent-product-launches/runs/foundation-pvp_enercorp.net_2026-05-13.json,63d4281da10e25f8a0f33fc1dc9e8eb757a74fdb,a1286c18cb3f527c99ebf21db539c4f4c772a629afc15b3274ee483462ce7199,prompts/agent-product-launches/runs/foundation-pvp_enercorp.net_2026-05-13.json
prompts/agent-product-launches/runs/foundation-pvp_energyaspects.com_2026-05-13.json,a776d33b0a6a3073545f6301c462ae632740881d,da5407373ed366dcbb0e8b035fbe433a6d7cffa7e98920a8671fc537c41e651e,prompts/agent-product-launches/runs/foundation-pvp_energyaspects.com_2026-05-13.json
prompts/agent-product-launches/runs/foundation-pvp_energyexemplar.com_2026-05-13.json,371a562f4d1eff6216e719d77f4d187b822c847c,9eb82d1c48765c9ced43883a38ff4f43b996e52cd8c5fdb3856cd44627f7c67f,prompts/agent-product-launches/runs/foundation-pvp_energyexemplar.com_2026-05-13.json
prompts/agent-product-launches/runs/foundation-pvp_enfs.com_2026-05-13.json,73e5dad7a36d5f7a8ec59b63f4a500638d0042d3,169185705875c32acc649a8c7e73798be3c8c4f40626454aeb3301d286e13f4e,prompts/agent-product-launches/runs/foundation-pvp_enfs.com_2026-05-13.json
prompts/agent-product-launches/runs/foundation-pvp_engbim.com_2026-05-13.json,1ba32a1020b15b92d137716f764cd480cb5ecc2d,8d36affc02bb9d59e501eb8738f4b4a0ad5deeb9c53b791ad9e2793eeffb0338,prompts/agent-product-launches/runs/foundation-pvp_engbim.com_2026-05-13.json
prompts/agent-product-launches/runs/foundation-pvp_enghouse.com_2026-05-13.json,63d37aebf6e3538167e9e5bf1030b17f9fb6deb4,106d6b3166c6119624e8c22024b8771731681eb8ce0bc784f145c4265a1a946f,prompts/agent-product-launches/runs/foundation-pvp_enghouse.com_2026-05-13.json
prompts/agent-product-launches/runs/foundation-pvp_enghouseinteractive.com_2026-05-13.json,f20093c44ac4719f4552dfe1c2cb41143897de53,9a2a9c5bf5ad9db39fb182aee55bdad4b6bb4867f990bec248345155e4351aa0,prompts/agent-product-launches/runs/foundation-pvp_enghouseinteractive.com_2026-05-13.json
prompts/agent-product-launches/runs/foundation-pvp_engieresources.com_2026-05-13.json,0c61841c187aaf1c191c29c8c412d860d6ac4c36,999665e0639ebfc75e5ae54e03d49f085a05cb2e8378a9445d44885b6e49ead4,prompts/agent-product-launches/runs/foundation-pvp_engieresources.com_2026-05-13.json
prompts/agent-product-launches/runs/foundation-pvp_enginebystarling.com_2026-05-13.json,adfe32a01380a1677a0aa099c08766ed31207d49,16dcbfec629485b832bf8d02f5b22ab372929adb0cb01a3aab156054790764c6,prompts/agent-product-launches/runs/foundation-pvp_enginebystarling.com_2026-05-13.json
prompts/agent-product-launches/runs/foundation-pvp_enovationcontrols.com_2026-05-13.json,8076bd9cecae4778f451c86c13658012aa923e8d,13220570f8c8170ea700255b1b2ecbe9d4c9718bd771eef19389b5e0f85fea38,prompts/agent-product-launches/runs/foundation-pvp_enovationcontrols.com_2026-05-13.json
prompts/agent-product-launches/runs/foundation-pvp_ensarsolutions.com_2026-05-13.json,4d5491ebcd8d9fbb0799015bba6a8e89e9897697,2a11dbbffd991f0ef8cb738395942305b294efdc42b04e34232452533cd5be61,prompts/agent-product-launches/runs/foundation-pvp_ensarsolutions.com_2026-05-13.json
prompts/agent-product-launches/runs/foundation-pvp_ensco.com_2026-05-13.json,b326aa6870dd1be127af423dfd74cbc8d1068faa,f3e28068ffe3614d7494a5818e7797594048785894c5d518020f9153a61646af,prompts/agent-product-launches/runs/foundation-pvp_ensco.com_2026-05-13.json
prompts/agent-product-launches/runs/foundation-pvp_ensiteusa.com_2026-05-13.json,0e051eb55ab4d7409e6600721927708d070e7d41,e2edce76ea98744a6a0949c49aaa2a543c9f05f2989b75ebd0b172487bea7964,prompts/agent-product-launches/runs/foundation-pvp_ensiteusa.com_2026-05-13.json
prompts/agent-product-launches/runs/foundation-pvp_entegral.com_2026-05-13.json,cb7427b6e582ce4253dd94bcda4a74dad300b399,b83c07f9db4429026664170715eef9cdb0af58da540707f1f722a7d728a8c20a,prompts/agent-product-launches/runs/foundation-pvp_entegral.com_2026-05-13.json
prompts/agent-product-launches/runs/foundation-pvp_entertainmentbenefits.com_2026-05-13.json,315f20c3c95fcf9f4be39efb0db7f5aa4158dd52,49ca4423a7d5385ac214e642230bdebaa6dd73715ae425d9dcaf1551facb3cb3,prompts/agent-product-launches/runs/foundation-pvp_entertainmentbenefits.com_2026-05-13.json
prompts/agent-product-launches/runs/foundation-pvp_eonreality.com_2026-05-13.json,d66e06ef8cfa6240dc5da903176ca02460687b7f,1c76d5c7476a63e675aa62725b459558ea4672fadd576c23e95cadbd4c6075bc,prompts/agent-product-launches/runs/foundation-pvp_eonreality.com_2026-05-13.json
prompts/agent-product-launches/runs/foundation-pvp_eosits.com_2026-05-13.json,0f4d22872810ee3b189f5fde239768c377bfb47c,37ece268ee359ab06dc9e2b30be0e20c99cd00af4f0cc52dbfcc292fb4cfd448,prompts/agent-product-launches/runs/foundation-pvp_eosits.com_2026-05-13.json
prompts/agent-product-launches/runs/foundation-pvp_eoxvantage.com_2026-05-13.json,8bdfb95e60227e85e139236a89b2e8d8acb0ff1b,fc8ad2ba77e6941f4d9c33a48a675fc30bbe42cbe3f714e01a82f19be8ce01c8,prompts/agent-product-launches/runs/foundation-pvp_eoxvantage.com_2026-05-13.json
prompts/agent-product-launches/runs/foundation-pvp_ep.com_2026-05-13.json,68494239d1efd9340eb80fc7e49562fa207dbdc8,1c8c98e4373576678c7c3f93498a64172bc81608d259fc0869dcdf5570a0b314,prompts/agent-product-launches/runs/foundation-pvp_ep.com_2026-05-13.json
prompts/agent-product-launches/runs/foundation-pvp_epicor.com_2026-05-13.json,d7cd96b0a315722e709ab7249397ebacbea1fdde,2cd9f231634d02293d49b5d183aa17675863077e3d566aa96bfd627af7c02771,prompts/agent-product-launches/runs/foundation-pvp_epicor.com_2026-05-13.json
prompts/agent-product-launches/runs/foundation-pvp_epiuselabs.com_2026-05-13.json,f014df7a2be225d927a7a703a4aec3fc7eff0131,fa3b23b028b14c27573cc1695693655f72ff4a1987a87c0754e7609af7c67802,prompts/agent-product-launches/runs/foundation-pvp_epiuselabs.com_2026-05-13.json
prompts/agent-product-launches/runs/foundation-pvp_epredia.com_2026-05-13.json,1776ac891b42e3711e9c8d88315d2eb6d7e21a11,9054effb2006b03a5e677e1fc225de13c78c6e5d342551205f9f18cf8336d884,prompts/agent-product-launches/runs/foundation-pvp_epredia.com_2026-05-13.json
prompts/agent-product-launches/runs/foundation-pvp_epscorp.com_2026-05-13.json,112c24293185fcecf262a69aa359d715507e3cad,fcd7d10ef6731cdd67d5f12ebd20738f5d579f7a1bc657ede2c87d31b98e7872,prompts/agent-product-launches/runs/foundation-pvp_epscorp.com_2026-05-13.json
prompts/agent-product-launches/runs/foundation-pvp_epsoftinc.com_2026-05-13.json,a27ff8be36c5caffbaaaeb918b37a133b7cfee45,d0ea5b7098c0771e611b8a1bb7697a9c212a7c40c5607e4dd2cd84e1fe9a994e,prompts/agent-product-launches/runs/foundation-pvp_epsoftinc.com_2026-05-13.json
prompts/agent-product-launches/runs/foundation-pvp_equalexperts.com_2026-05-13.json,d79eeed9be1e82901f2c0021910c9e2b7a748ff1,b0c5472e75fe009a989eea834e091f6d67c76d084ba0246b906bb53e59d0f6bc,prompts/agent-product-launches/runs/foundation-pvp_equalexperts.com_2026-05-13.json
prompts/agent-product-launches/runs/foundation-pvp_equalsplc.com_2026-05-13.json,f955bf8f858658d2ba435f07346a1a1614cd3890,6ea704394cf520c2d8c6998afe428263b5950e1c1904b72aa0e9cdb33f5111c9,prompts/agent-product-launches/runs/foundation-pvp_equalsplc.com_2026-05-13.json
prompts/agent-product-launches/runs/foundation-pvp_equifax.ca_2026-05-13.json,f994c76b1a2a4ba9817ac5d7602d97f274126eaa,ef3d3a018fcfaf7f00c82d494aadebed418241b609095097957d89e2a4aaaaaa,prompts/agent-product-launches/runs/foundation-pvp_equifax.ca_2026-05-13.json
prompts/agent-product-launches/runs/foundation-pvp_equitable.ca_2026-05-13.json,a1b00771ddb4f9d01a394e3656e69dbd5642ed3c,656cb6ad8fbcce63f067e9089de27e55a7d4679fd1922d57a74dff96f1bb9e88,prompts/agent-product-launches/runs/foundation-pvp_equitable.ca_2026-05-13.json
prompts/agent-product-launches/runs/foundation-pvp_equusoft.com_2026-05-13.json,51e67584042f152f2b0c19f5fa7085ba0e60126c,00120ef895e6a5739d0f6d0aa4754fa458dc330fc69fb81df9b00c655f8d79ee,prompts/agent-product-launches/runs/foundation-pvp_equusoft.com_2026-05-13.json
prompts/agent-product-launches/runs/foundation-pvp_erevmax.com_2026-05-13.json,28f6aaf7546cb6975d917e9ef518bb86e583b5fa,85e31f394703ea98855dbe4f3afc873d6d2a9579d8432171b0c28fe949ecd352,prompts/agent-product-launches/runs/foundation-pvp_erevmax.com_2026-05-13.json
prompts/agent-product-launches/runs/foundation-pvp_ernestpackaging.com_2026-05-13.json,bf94a1ff695844c65fafa9da7cd1c210bb442d44,c19e5488526ff3d284a798e6be28509b650c966d784da0f8614b5443d24ae855,prompts/agent-product-launches/runs/foundation-pvp_ernestpackaging.com_2026-05-13.json
prompts/agent-product-launches/runs/foundation-pvp_eroad.com_2026-05-13.json,9df49c7b2cd29b709e7c6d3d8bb39151764b6c4a,6d252537bacc23d1c559fb1bc51e1136a79aabab0d029d6fd4b34f8ca8cc0cad,prompts/agent-product-launches/runs/foundation-pvp_eroad.com_2026-05-13.json
prompts/agent-product-launches/runs/foundation-pvp_escalon.services_2026-05-13.json,8f72170dbd084c82874cea965985e5ef0c5f40f7,c000160a1e6fd84cf9df7d85d43953b90267d0d49e01bef14fe862d8255f2fdd,prompts/agent-product-launches/runs/foundation-pvp_escalon.services_2026-05-13.json
prompts/agent-product-launches/runs/foundation-pvp_esgglobal.com_2026-05-13.json,1a29b253831815f115bad514158a56e03ba7f0eb,09c30e81da13857c64bd6f5febb6b198ff2b4e6ccc56a55231950e63639716eb,prompts/agent-product-launches/runs/foundation-pvp_esgglobal.com_2026-05-13.json
prompts/agent-product-launches/runs/foundation-pvp_esparkinfo.com_2026-05-13.json,f1bdb1cc7f003abe5efb1b82d30648ac97ddf214,b8d53be92687cfb890abe3c51c8c6219024946ebe40235c6eb637b32a3cbd2a1,prompts/agent-product-launches/runs/foundation-pvp_esparkinfo.com_2026-05-13.json
prompts/agent-product-launches/runs/foundation-pvp_esquiresolutions.com_2026-05-13.json,8bf3d833e7b1f20c9a9ddaa79c5394c363ee1eab,e9531cfffb800f39ad8215e60a793a722b17a0202b838c58e414ca4e6971f6b6,prompts/agent-product-launches/runs/foundation-pvp_esquiresolutions.com_2026-05-13.json
prompts/agent-product-launches/runs/foundation-pvp_esri.ca_2026-05-13.json,a9af6ffcb28fa5f3de018ca267d4b91efa6e857a,869863c40f76c2fee68d7db49c9336f04a9ad34a68df34d0465398f5c4ff9400,prompts/agent-product-launches/runs/foundation-pvp_esri.ca_2026-05-13.json
prompts/agent-product-launches/runs/foundation-pvp_esriuk.com_2026-05-13.json,2a1d78be68efe379d41598a2226871ccb63bd075,851181cbbe895f7fe031fd3547c6d980feb8683de26ab14f4b36ef57612f5067,prompts/agent-product-launches/runs/foundation-pvp_esriuk.com_2026-05-13.json
prompts/agent-product-launches/runs/foundation-pvp_essintial.com_2026-05-13.json,a2a5f1a2f787b32879ca0e39b786e89ef05f5ae7,b2fa9eae7c5794ccc280b2156913ced46ef20383f64e9d86a04649bc73b4648e,prompts/agent-product-launches/runs/foundation-pvp_essintial.com_2026-05-13.json
prompts/agent-product-launches/runs/foundation-pvp_estuate.com_2026-05-13.json,63608c8e60926165e3a8fe4b615e4d84772cf259,a9a91ba30ce4897e9bbc31f544df51a8e991f33b3e04d201790c07f095a5b012,prompts/agent-product-launches/runs/foundation-pvp_estuate.com_2026-05-13.json
prompts/agent-product-launches/runs/foundation-pvp_etap.com_2026-05-13.json,640344a41cf190e821d66580077faed953242411,ce55a5d2ea6eb13d62154dd46f3050c677b6794f6aa3da62d0a1fa254b6f51ab,prompts/agent-product-launches/runs/foundation-pvp_etap.com_2026-05-13.json
prompts/agent-product-launches/runs/foundation-pvp_eteaminc.com_2026-05-13.json,25b554e68349f8d295ced0e2e9246e35a3dd0aea,ca15c4531f89ba4124d9ec1b2a31a2e43175371a7aa30d6ce81e28fdcecf6780,prompts/agent-product-launches/runs/foundation-pvp_eteaminc.com_2026-05-13.json
prompts/agent-product-launches/runs/foundation-pvp_etechgroup.com_2026-05-13.json,92ca90598d9659f3daefff5a2d2373a5802b2fa2,0c77e9e0ad95b6e1d713f54311a0f8068ad7659abe6e6e4c9851250379b4a5c7,prompts/agent-product-launches/runs/foundation-pvp_etechgroup.com_2026-05-13.json
prompts/agent-product-launches/runs/foundation-pvp_ethixbase360.com_2026-05-13.json,4da72baa365e5fa1a4cabe93db6bc25b19b48512,4c14fff6f10204e594ae40504ba50d61897097425e2e8ddc83a76c2f237e6d02,prompts/agent-product-launches/runs/foundation-pvp_ethixbase360.com_2026-05-13.json
prompts/agent-product-launches/runs/foundation-pvp_ethosrisk.com_2026-05-13.json,fb0077d86bbeefe17791f1f1307c0f43e139f994,2c798d1803018dfc2764f983a7b33b08f6d4df7f234088dd84c1a0863fe8dce9,prompts/agent-product-launches/runs/foundation-pvp_ethosrisk.com_2026-05-13.json
prompts/agent-product-launches/runs/foundation-pvp_ets-lindgren.com_2026-05-13.json,3e5d47640073e6de77c7e9ab15df199fff38e6c8,22fa1e7c35b09c16e6e20b9d92525876dfd485f2b9be1357667d96638b664315,prompts/agent-product-launches/runs/foundation-pvp_ets-lindgren.com_2026-05-13.json
prompts/agent-product-launches/runs/foundation-pvp_eurofins.com.au_2026-05-13.json,fedbc3d1817fe27de6482ec636814d240ec16e05,fc1bf13e1a1ec0bab41dcc7bcd0490a7a5e99f82c6de2e84b9d962da43bdffac,prompts/agent-product-launches/runs/foundation-pvp_eurofins.com.au_2026-05-13.json
prompts/agent-product-launches/runs/foundation-pvp_eurotech.com_2026-05-13.json,ffd8ab7885b1842e13697a7d5929b0bb800064ac,2a214304fb7dd7c803431828c51768902ebee115f0b5db1dddca5122b22006e4,prompts/agent-product-launches/runs/foundation-pvp_eurotech.com_2026-05-13.json
prompts/agent-product-launches/runs/foundation-pvp_everview.io_2026-05-13.json,423043b2cb087182aae49b9ef042fe155217dca4,f0ce231bd093646e41f36c656ba8620ca19f88c6a127d346ceec29bf506f0e54,prompts/agent-product-launches/runs/foundation-pvp_everview.io_2026-05-13.json
prompts/agent-product-launches/runs/foundation-pvp_evoketechnologies.com_2026-05-13.json,7cfe989b112184a3534e20c8219ad862b01e8174,cead7c6fa5b1d3f6842d0fab185e73be5d53b54420afc9c84fc20dee66a2afc2,prompts/agent-product-launches/runs/foundation-pvp_evoketechnologies.com_2026-05-13.json
prompts/agent-product-launches/runs/foundation-pvp_evolutionfunding.com_2026-05-13.json,d4cf67213d77bdd392a5ed69403f0a5391b3c0a8,0e692fbb2c599262d8d6b400ce573bfb3b09a0c7149c1ea14d9505799bd22cd8,prompts/agent-product-launches/runs/foundation-pvp_evolutionfunding.com_2026-05-13.json
prompts/agent-product-launches/runs/foundation-pvp_evolveip.net_2026-05-13.json,0695c9ed1a25ab4cb117266145f46e373705e903,6d84c3b435da294cd5c80f648861accb839fa7a3413490af0beacc58af0d74e5,prompts/agent-product-launches/runs/foundation-pvp_evolveip.net_2026-05-13.json
prompts/agent-product-launches/runs/foundation-pvp_evolving.com_2026-05-13.json,1d436dabe91fc73005c2c696f50088dc141a78ca,8a6e0fea8e6d532cee48ba3959dcfc327ed9110ee630adc93b3696df6b171c71,prompts/agent-product-launches/runs/foundation-pvp_evolving.com_2026-05-13.json
prompts/agent-product-launches/runs/foundation-pvp_ewa.com_2026-05-13.json,48adb6696f2debb3b962f2e3d58bd27514c3af2e,07e2e148626e8abdd0d2152f79114a1ee7ef80b03e99918affcf5521452aec9d,prompts/agent-product-launches/runs/foundation-pvp_ewa.com_2026-05-13.json
prompts/agent-product-launches/runs/foundation-pvp_examroom.ai_2026-05-13.json,c188071507e1b90164702ea468ffa74a26db7d92,2228cc930d69cae972e64fcaf413b87e536fc9f2109edb59184a2925e7f7b634,prompts/agent-product-launches/runs/foundation-pvp_examroom.ai_2026-05-13.json
prompts/agent-product-launches/runs/foundation-pvp_exante.eu_2026-05-13.json,974883d6be71eddb3a3b786d3e3aff8ca49f0319,537b2ddffc92738e3e8d6068854237caae1764d5c7127359b28ac46d99899e6a,prompts/agent-product-launches/runs/foundation-pvp_exante.eu_2026-05-13.json
prompts/agent-product-launches/runs/foundation-pvp_excelacom.com_2026-05-13.json,98e90cd7901ce75748c6aeb1f6f342ea322b16c1,dd5b357ed9ea690d30043d71ead4e95392d06271b2b14f10d1d4d0bdbbcfab33,prompts/agent-product-launches/runs/foundation-pvp_excelacom.com_2026-05-13.json
prompts/agent-product-launches/runs/foundation-pvp_excelimpact.com_2026-05-13.json,7221b9ec37deb1293b27e70b18f3df5afa2bb2a6,59dc11e96f16b0bf2aaf61ce359f1aecccfd549468ed5b08bbf3169d86dbc6df,prompts/agent-product-launches/runs/foundation-pvp_excelimpact.com_2026-05-13.json
prompts/agent-product-launches/runs/foundation-pvp_excelonsolutions.com_2026-05-13.json,00d3ff5ad756b6f2d7c3c0076492a437342acf65,ca4e9cebb14e2af316998682910f4f78efeeb7cb4d20e5e1b88ef71079e23f01,prompts/agent-product-launches/runs/foundation-pvp_excelonsolutions.com_2026-05-13.json
prompts/agent-product-launches/runs/foundation-pvp_exdion.com_2026-05-13.json,3c4e50c8a3d63097e58be1b8a5a293e235d17ac1,8469809aebd1356afceebe11d9274d4e34a954195c6e104337dc9104c5e154e0,prompts/agent-product-launches/runs/foundation-pvp_exdion.com_2026-05-13.json
prompts/agent-product-launches/runs/foundation-pvp_exdnow.com_2026-05-13.json,2c9b51f63db4733370e012b25868aed9dd7478e9,67147696d2ae55ca155008383a846d65d0afa7a632f2c04e4a5f410d7df558ba,prompts/agent-product-launches/runs/foundation-pvp_exdnow.com_2026-05-13.json
prompts/agent-product-launches/runs/foundation-pvp_expressgoc.com_2026-05-13.json,f06ff17a030eb9742d4bf41a3ae5b76ac6dfd9b2,11bc8d1eb2eabfde47e1666d2f66828bbc20e236aaa3f44e484a87b92c3e0d15,prompts/agent-product-launches/runs/foundation-pvp_expressgoc.com_2026-05-13.json
prompts/agent-product-launches/runs/foundation-pvp_extremereach.com_2026-05-13.json,0f188298f0c6c34f63b774d4e48f33b2686fd1dd,9331a6587ab755ccdde353ce1090a2fd25138dd21044664709d13ed7a361eb0b,prompts/agent-product-launches/runs/foundation-pvp_extremereach.com_2026-05-13.json
prompts/agent-product-launches/runs/foundation-pvp_ezugi.com_2026-05-13.json,0e33f15132a90f04a82f64a58e24aae8de1e4bf1,e50b4f56d9bd86eed4c08b0e776e86cceabf1fc3c746ca0f5850ef94eda0af15,prompts/agent-product-launches/runs/foundation-pvp_ezugi.com_2026-05-13.json
prompts/agent-product-launches/runs/foundation-pvp_fairplaysportsmedia.com_2026-05-13.json,f7e5b51e5a582dc0066574db62cc09c810f645f3,6b67cca77670670417c009a9fb6734f1df588ca27b7af635f8b7ddfb9d3dc626,prompts/agent-product-launches/runs/foundation-pvp_fairplaysportsmedia.com_2026-05-13.json
prompts/agent-product-launches/runs/foundation-pvp_faithlife.com_2026-05-13.json,c19341221ec15472c8d75f2dd132433b891d7c26,98521ea7ee04bbe685e57ea561202b4ab3ac053f35f7066deee0b4315d21f510,prompts/agent-product-launches/runs/foundation-pvp_faithlife.com_2026-05-13.json
prompts/agent-product-launches/runs/foundation-pvp_fareharbor.com_2026-05-13.json,ab7bc43a946cf41de915af254503002dd74d1b92,1642acd7ffdb6ca8970c595b244cc1d977592aafe06808f0c0db6774e6e53f11,prompts/agent-product-launches/runs/foundation-pvp_fareharbor.com_2026-05-13.json
prompts/agent-product-launches/runs/foundation-pvp_faria.org_2026-05-13.json,e827cfc90d09d49c0e4887ed88a75f12d0830d2a,046b89afebc52403684f91c8aba44e8f47f79266ba88d2cba638435e57689951,prompts/agent-product-launches/runs/foundation-pvp_faria.org_2026-05-13.json
prompts/agent-product-launches/runs/foundation-pvp_fci-ccm.com_2026-05-13.json,c005934d62b758b666767dbd1f9437a7629bb257,9fe1b0480c0bae334cd4d50ba0da81d318eac926dccf1f50dfe0dde1c6d8eed8,prompts/agent-product-launches/runs/foundation-pvp_fci-ccm.com_2026-05-13.json
prompts/agent-product-launches/runs/foundation-pvp_fcmtravel.com_2026-05-13.json,2e764646b8500ced0f74060461e08854326237bd,bb279149cbec52fe7fb408dd4807a9b4fc80f96472cbd6e77af25295c96f915b,prompts/agent-product-launches/runs/foundation-pvp_fcmtravel.com_2026-05-13.json
prompts/agent-product-launches/runs/foundation-pvp_fcssecurity.us_2026-05-13.json,3b6f7b30aee4bb467fdf43667d93278796aa9ab4,0b474c95027209289d4ecfdeb3107118125c2588596ea8165cb6d37d71e7ecc1,prompts/agent-product-launches/runs/foundation-pvp_fcssecurity.us_2026-05-13.json
prompts/agent-product-launches/runs/foundation-pvp_fedcapgroup.org_2026-05-13.json,21c29a15f1ed99dab64d4ecc1911de98f8811a75,b0038f0bb5ac70c26f6019f26cf8cd9b25c6903d4be3e123b665e5d0992dfdef,prompts/agent-product-launches/runs/foundation-pvp_fedcapgroup.org_2026-05-13.json
prompts/agent-product-launches/runs/foundation-pvp_feedonomics.com_2026-05-13.json,a456c339c9e9bb13fb4009964c7ae62bd44bd58a,33712790e6027789c6d54d73f40197083caa4b3721e28761ab99e699ef66bdb9,prompts/agent-product-launches/runs/foundation-pvp_feedonomics.com_2026-05-13.json
prompts/agent-product-launches/runs/foundation-pvp_fefundinfo.com_2026-05-13.json,4b0b1c8ff69564089398592101ca1163b2f5114c,150215b04158546c4aa97a5dd460d2a0a745f5d6b836ef79a3730cd916617820,prompts/agent-product-launches/runs/foundation-pvp_fefundinfo.com_2026-05-13.json
prompts/agent-product-launches/runs/foundation-pvp_feisystems.com_2026-05-13.json,20aff49c8cce58a7b6f812e21485068c73608bba,74d7ac771f3e0a80a1482bf2b71a76a99b53061a93e0345d6ef1ae82b2d95122,prompts/agent-product-launches/runs/foundation-pvp_feisystems.com_2026-05-13.json
prompts/agent-product-launches/runs/foundation-pvp_feuji.com_2026-05-13.json,416d066ff0a59c716b5c15558af5a43c79178429,6878291b6ca8dfd4e06d47a7e70659babc1de7b7d933db38e2841f55c0942af3,prompts/agent-product-launches/runs/foundation-pvp_feuji.com_2026-05-13.json
prompts/agent-product-launches/runs/foundation-pvp_ffgl.com.au_2026-05-13.json,343866e00f42da7db0e890a1d9a421e3466b1fc0,48ad922e299494eb66008601ccbfa1e64c401162ffb5cfd1892cbee44718a065,prompts/agent-product-launches/runs/foundation-pvp_ffgl.com.au_2026-05-13.json
prompts/agent-product-launches/runs/foundation-pvp_fi-tek.com_2026-05-13.json,e5b1d616f812bc2c7acc90b0aabbe17804c734d0,29814423ffd84af280e0533ba85fe1000134d4c1198763350ba6f47e3d5da176,prompts/agent-product-launches/runs/foundation-pvp_fi-tek.com_2026-05-13.json
prompts/agent-product-launches/runs/foundation-pvp_fiberondecking.com_2026-05-13.json,d3a8a64d2e454e0bec04b6641e92d83d8ea14f0b,43c4f8fd7ee32dc53d417b13a48ce4ae9913dfcf07cd9465ec6d6e47652e8e07,prompts/agent-product-launches/runs/foundation-pvp_fiberondecking.com_2026-05-13.json
prompts/agent-product-launches/runs/foundation-pvp_fiducial.com_2026-05-13.json,37d211ca5e4b823606f6a2fd680b98933aeb6883,c33332e4e1b52297b6d5b3b1dd9e784d76b41c0468ac9f79a44a2a2d09d675f7,prompts/agent-product-launches/runs/foundation-pvp_fiducial.com_2026-05-13.json
prompts/agent-product-launches/runs/foundation-pvp_figmd.com_2026-05-13.json,26e937092e60ca4d237da72b7c767451e5ac75d5,eddd5aa11c4a38e176817ee3108771a61871ecec37d46f399d14c9de49d60773,prompts/agent-product-launches/runs/foundation-pvp_figmd.com_2026-05-13.json
prompts/agent-product-launches/runs/foundation-pvp_financialexpress.net_2026-05-13.json,affbfda4f9dcddf41eabcc57fe0ab6e224d01738,2ff7452a367715d2a352a200e939ce49ed08c2a0c1a6a5a87ea04ea7dc01f15d,prompts/agent-product-launches/runs/foundation-pvp_financialexpress.net_2026-05-13.json
prompts/agent-product-launches/runs/foundation-pvp_fintech.com_2026-05-13.json,b660820f35af8ac0aa6b095a81781f09d166dd16,38afac607b26d8d13e56df6d5241b4eae7cdf7680a60536237ab3bc27164a1a4,prompts/agent-product-launches/runs/foundation-pvp_fintech.com_2026-05-13.json
prompts/agent-product-launches/runs/foundation-pvp_first.media_2026-05-13.json,f03e1e5805eb7e7e4e3f4f81f78d649b9f6af719,4647d260299ce27b5627dd02b3bd71bd194f711b890260a13e8c73872994fdd3,prompts/agent-product-launches/runs/foundation-pvp_first.media_2026-05-13.json
prompts/agent-product-launches/runs/foundation-pvp_firsthospitality.com_2026-05-13.json,c071d0d74942702de73fd56fd2cef6efa08dbeb5,ffeab4c2774bf1d29b1b4fcde37d886b2387e846ff78046ebcc288f2952153b1,prompts/agent-product-launches/runs/foundation-pvp_firsthospitality.com_2026-05-13.json
prompts/agent-product-launches/runs/foundation-pvp_firstnational.ca_2026-05-13.json,e679179e511e47596356936cd753ce0592dbfb16,c2a065b480b77efa69937d35abb43daab2ab610617ae5872ab35cf067bdb726a,prompts/agent-product-launches/runs/foundation-pvp_firstnational.ca_2026-05-13.json
prompts/agent-product-launches/runs/foundation-pvp_firstrate.co.uk_2026-05-13.json,ffc36e6bc23e38ad866638c8b0e8476fd63e7b3d,32c21bbbf0ec248ae6c0ba8edfd2eaf64c5e2e14ca96451e45172e8111a18494,prompts/agent-product-launches/runs/foundation-pvp_firstrate.co.uk_2026-05-13.json
prompts/agent-product-launches/runs/foundation-pvp_fitchsolutions.com_2026-05-13.json,192afc729783730ada4f2c17734a3a112711fd0f,5db7a366f578f6a376856e4095a9a98fa167682bf35d18e8c69566973bb7cad3,prompts/agent-product-launches/runs/foundation-pvp_fitchsolutions.com_2026-05-13.json
prompts/agent-product-launches/runs/foundation-pvp_flashglobal.com_2026-05-13.json,35e776f478cd4905c23d8bdd62713ef29e25d529,6679dfc654b07f333bcc9d6d7c599440b1a100fba83e035b14e48ccb39aec35c,prompts/agent-product-launches/runs/foundation-pvp_flashglobal.com_2026-05-13.json
prompts/agent-product-launches/runs/foundation-pvp_fleetcomplete.com_2026-05-13.json,f01e415ac7b052c3ec6d799f48757b099963a033,4725437696253ec77ec2d485f468e8a7f5a23bb5233654590323158ffbcfb444,prompts/agent-product-launches/runs/foundation-pvp_fleetcomplete.com_2026-05-13.json
prompts/agent-product-launches/runs/foundation-pvp_flexmls.com_2026-05-13.json,7c5ad35ab140efac4170f4f38da45d5a9c7dd2b5,f9c83c5894f5bb94d297b53f99b6db55550685a083fbd58a6ef162c3ec1d08a0,prompts/agent-product-launches/runs/foundation-pvp_flexmls.com_2026-05-13.json
prompts/agent-product-launches/runs/foundation-pvp_flexsin.com_2026-05-13.json,b88a466fb7b1ef37af0b77f1b160d787675048d4,ccc97bd23be89c5ee9bda783433a983913a8a9e46a1250fd8fa26e8abce10ada,prompts/agent-product-launches/runs/foundation-pvp_flexsin.com_2026-05-13.json
prompts/agent-product-launches/runs/foundation-pvp_flextrade.com_2026-05-13.json,3e5ffa375edf412c4838d9bd162c4b767898d381,a14e0acd48a60fad076749df8c09caaefdb241db13013ec0008bbb6eae95131c,prompts/agent-product-launches/runs/foundation-pvp_flextrade.com_2026-05-13.json
prompts/agent-product-launches/runs/foundation-pvp_flogistix.com_2026-05-13.json,61b8b4b1ba9da402590a6bfd755fe16fb96f58b5,4509aa4be03f078affe19ea381cc6298309a025c743a0100b649ed5813c1a9e4,prompts/agent-product-launches/runs/foundation-pvp_flogistix.com_2026-05-13.json
prompts/agent-product-launches/runs/foundation-pvp_flstransport.com_2026-05-13.json,721d19338af7eff0a53d4ed9ba44b6af8726f024,315a6ae12e1c7c9199695a6c78e530396e71051845b13fd1d02552f0cfae6859,prompts/agent-product-launches/runs/foundation-pvp_flstransport.com_2026-05-13.json
prompts/agent-product-launches/runs/foundation-pvp_fluidone.com_2026-05-13.json,cfaf7357922e27b8d9e8cd7c8fc91758662f5081,863a05c5838d83b16af96c942061f8199ce7188dedc9b78fb1cd15b984e1b5a5,prompts/agent-product-launches/runs/foundation-pvp_fluidone.com_2026-05-13.json
prompts/agent-product-launches/runs/foundation-pvp_flydocs.aero_2026-05-13.json,8aed3a8498005029c808d98ca78af15543f7d1ce,0f6aab575954c540edcb4bf22c89c2900823d56e37718107ea7071af4707ff95,prompts/agent-product-launches/runs/foundation-pvp_flydocs.aero_2026-05-13.json
prompts/agent-product-launches/runs/foundation-pvp_flyswiftair.com_2026-05-13.json,3fdcd27b83d273b69d04a744885106f49e07c410,e68f009cc7a6cefaf7a7bc763bcdbdb3ac43a4dc00c7d0d521ce7ff42795404d,prompts/agent-product-launches/runs/foundation-pvp_flyswiftair.com_2026-05-13.json
prompts/agent-product-launches/runs/foundation-pvp_fm.co_2026-05-13.json,280e3279335ac7c606ac1970f15d671e3dd3bb4a,29c0dfe07834731099384c4abb28153d2c9c031bcccdc04322cd521e7d3061b1,prompts/agent-product-launches/runs/foundation-pvp_fm.co_2026-05-13.json
prompts/agent-product-launches/runs/foundation-pvp_fmssolutions.com_2026-05-13.json,49f7b5c28f36c2a2086e08f6c3184d79d6ac7b13,f937c043665389001ef070e7a750b1f510f5b8f9b2b5d81dc1d8a597c931c4e0,prompts/agent-product-launches/runs/foundation-pvp_fmssolutions.com_2026-05-13.json
prompts/agent-product-launches/runs/foundation-pvp_fnf.ca_2026-05-13.json,99f89fe062313a071a25393ef2897e2aef183ad8,70ce0f2f89ddc66f5a2b22f86c07d040f75a11b7604a78e52c8e7c9b74f7f3a6,prompts/agent-product-launches/runs/foundation-pvp_fnf.ca_2026-05-13.json
prompts/agent-product-launches/runs/foundation-pvp_focusgroup.co.uk_2026-05-13.json,56a99cc8b7657ee50da7bfb969ae23b478d46e7f,aea5f3ab103f36c2a562593948bf2f747e3153cfe5c99608c7aafd2cd9dfd256,prompts/agent-product-launches/runs/foundation-pvp_focusgroup.co.uk_2026-05-13.json
prompts/agent-product-launches/runs/foundation-pvp_folio3.com_2026-05-13.json,c0853b0cb2a77ca4dd186099548bd48f7e7408cb,bb44cb56e2d10e1e66c69ab7f9a48056d621ede748bec76f6aa0e755b41fc8ff,prompts/agent-product-launches/runs/foundation-pvp_folio3.com_2026-05-13.json
prompts/agent-product-launches/runs/foundation-pvp_folksvfx.com_2026-05-13.json,5ff29f9110abea303b4ce948556a016c9cd81249,560022961d62d82cc629fabe0500d5d8756f1c516fc990e9db8588cb793628a0,prompts/agent-product-launches/runs/foundation-pvp_folksvfx.com_2026-05-13.json
prompts/agent-product-launches/runs/foundation-pvp_follettlearning.com_2026-05-13.json,c2ca7f8c4a6a72d745f9f389808bacb4df77d244,b138a0f07938a1ebcdab57c04c9de8eddea1c38b0275cad8a7edd80b826e871e,prompts/agent-product-launches/runs/foundation-pvp_follettlearning.com_2026-05-13.json
prompts/agent-product-launches/runs/foundation-pvp_followoz.com_2026-05-13.json,d5f32f737a98ddc2d5e6f65285fa8ba33a91b4d9,52af6930e8cd649463f4eb6d9bf51baf23361f98033c5cdfe576335dd0eef705,prompts/agent-product-launches/runs/foundation-pvp_followoz.com_2026-05-13.json
prompts/agent-product-launches/runs/foundation-pvp_foodbuy.com_2026-05-13.json,4e0aeb1b8fff93a584804466c5071622c7c5c8e2,c63e40ad3d3b63f7019a7f0a5888530eb162fd8be35e9b2187395ec5e28f1cbc,prompts/agent-product-launches/runs/foundation-pvp_foodbuy.com_2026-05-13.json
prompts/agent-product-launches/runs/foundation-pvp_foodchainid.com_2026-05-13.json,3d4f32d6db29536087dab184c39da0f7ecc8b3c0,adb9a45c6b2fad8e727e00ee84d84cd6ab708c661574ae5a3afbb8bd4b8f98e5,prompts/agent-product-launches/runs/foundation-pvp_foodchainid.com_2026-05-13.json
prompts/agent-product-launches/runs/foundation-pvp_formerra.com_2026-05-13.json,f7db8da0ffb63641e1e4bf2b0f7cf49550b97d34,92ab4bf7629891168fe0d45505f741ef0be406bd3c3ae8165b69fc7e94bd94f9,prompts/agent-product-launches/runs/foundation-pvp_formerra.com_2026-05-13.json
prompts/agent-product-launches/runs/foundation-pvp_forsta.com_2026-05-13.json,7446456ecedf68db419c8cf279329fc6e7944863,89356b4a046b5b4cd77ea5b771a0f10d045ce582c2d496b0a14a98ad335e0705,prompts/agent-product-launches/runs/foundation-pvp_forsta.com_2026-05-13.json
prompts/agent-product-launches/runs/foundation-pvp_forsysinc.com_2026-05-13.json,b39214d68f514a6659b95346caf8cc29fc744f39,4a049a21a74448a7b70062d81e849b8889dd1c44016923a1e8a9a4a628df562b,prompts/agent-product-launches/runs/foundation-pvp_forsysinc.com_2026-05-13.json
prompts/agent-product-launches/runs/foundation-pvp_fortegrp.com_2026-05-13.json,8ef244e1811f4006f3919f6f240035d3a3e6a0a8,b40f26129b2a0ff85c22863a2cc9b9e9642b862021a2297c487280635df011a3,prompts/agent-product-launches/runs/foundation-pvp_fortegrp.com_2026-05-13.json
prompts/agent-product-launches/runs/foundation-pvp_forterro.com_2026-05-13.json,453d1c1c9f3ba25d4b987dc6e39999103cc714b8,6614dba1420327e3392187cb0e15751cc11fe8abafb6d623dfe4edbb2d3d652c,prompts/agent-product-launches/runs/foundation-pvp_forterro.com_2026-05-13.json
prompts/agent-product-launches/runs/foundation-pvp_fortherecord.com_2026-05-13.json,ced0ba1146d737f6fcff3db11056c34860a667d5,306bcb892296718487bf3e138ece7c7b8fdc1c9bcab8db5a837a31861c552181,prompts/agent-product-launches/runs/foundation-pvp_fortherecord.com_2026-05-13.json
prompts/agent-product-launches/runs/foundation-pvp_fortna.com_2026-05-13.json,5cb2fb5f8e9cde9a0fce9711f694957940d636e5,dfdf244699b3c96060935fde920f0c85383d29506570f62f7c4c7b3e97dc3d59,prompts/agent-product-launches/runs/foundation-pvp_fortna.com_2026-05-13.json
prompts/agent-product-launches/runs/foundation-pvp_fortude.co_2026-05-13.json,9af022f7c2d4c2d00b778bd0dc1295373f2f5dc3,c70d0bb9c6ee3fd3ddfac48fc627f17c50cc31a1f52489e84fe43fc5da3cdbfd,prompts/agent-product-launches/runs/foundation-pvp_fortude.co_2026-05-13.json
prompts/agent-product-launches/runs/foundation-pvp_fortunapix.com_2026-05-13.json,38301351cc7838957b41ea8128f58385ee351a90,dc49c9072ef22dbf2f775f060b4880333c6ea1776122ca0af75a8c01141c602e,prompts/agent-product-launches/runs/foundation-pvp_fortunapix.com_2026-05-13.json
prompts/agent-product-launches/runs/foundation-pvp_fosbel.com_2026-05-13.json,b2d01d8ea06e31ed0ba88dc9728e05014d07c149,1ff254429424edda51b05cfe552b8651f1990c9023045b6d917237e52aa4dd2f,prompts/agent-product-launches/runs/foundation-pvp_fosbel.com_2026-05-13.json
prompts/agent-product-launches/runs/foundation-pvp_fotolia.com_2026-05-13.json,1173fce8d4afae7633bca33b964adc8742df193a,62e14cf2f0b9ea307bea23fe30320f048e6fa8c293815ce9621c08de86c4012b,prompts/agent-product-launches/runs/foundation-pvp_fotolia.com_2026-05-13.json
prompts/agent-product-launches/runs/foundation-pvp_foundry.com_2026-05-13.json,e4924a0c37c28bbccae0d25c577622605b35ff1e,c3ab6424f8f8606246f028d8afc8777e1385bc616925a9ad10b0c9dc1d1ef696,prompts/agent-product-launches/runs/foundation-pvp_foundry.com_2026-05-13.json
prompts/agent-product-launches/runs/foundation-pvp_fourquest.com_2026-05-13.json,c906ac057f49a86ad0facc16432929caa5985ccb,950e853e5d31e89dae2537dc64ad073e5c4a82588f16c5439add5de2071ac220,prompts/agent-product-launches/runs/foundation-pvp_fourquest.com_2026-05-13.json
prompts/agent-product-launches/runs/foundation-pvp_foxitsoftware.com_2026-05-13.json,0e77f7cf7f23cfd0838ed64e706b4b9a7efb81fd,e9e16ad39888917e580a3b16fb97effaa023b9732cab15cb76838fde6cf6d80c,prompts/agent-product-launches/runs/foundation-pvp_foxitsoftware.com_2026-05-13.json
prompts/agent-product-launches/runs/foundation-pvp_freightcenter.com_2026-05-13.json,12c4aa25d24694ed99ffb00aa8615f576c1770b4,08636cb8549be72cc1105a2aadf24b1143c8587f0b61751d5522eecd863c42ea,prompts/agent-product-launches/runs/foundation-pvp_freightcenter.com_2026-05-13.json
prompts/agent-product-launches/runs/foundation-pvp_fresatechnologies.com_2026-05-13.json,1977f875905c9e2e8b7b33ea8796a03f2013d053,36976f2720183f8bef6fee19dbb6f6456ba17ee2895f6c02d83aa67ef02bf1ba,prompts/agent-product-launches/runs/foundation-pvp_fresatechnologies.com_2026-05-13.json
prompts/agent-product-launches/runs/foundation-pvp_freshconsulting.com_2026-05-13.json,95dc36603edd2b4f9e9142e134cda22fc53bb57b,530ea9d2e988befeb9f23d83c66d8ed4c5402eb988c82d4fc67be2abdd89418f,prompts/agent-product-launches/runs/foundation-pvp_freshconsulting.com_2026-05-13.json
prompts/agent-product-launches/runs/foundation-pvp_freshprints.com_2026-05-13.json,560ec32dad1a1445a5c4a2609490a33a16bf612f,bcb5f1c3313abb3d0a134577227d392ec3b6fa5840176e94f7ed44b85237b3b1,prompts/agent-product-launches/runs/foundation-pvp_freshprints.com_2026-05-13.json
prompts/agent-product-launches/runs/foundation-pvp_freshservice.com_2026-05-13.json,4302ed5d4bf69e66c0974c01365c572da8614fd6,2229a01ec3b2ff6a0221f23831a6efb274420041106d9b8500999503341cb90d,prompts/agent-product-launches/runs/foundation-pvp_freshservice.com_2026-05-13.json
prompts/agent-product-launches/runs/foundation-pvp_frontieradjusters.com_2026-05-13.json,6a8c0844331e3e8f40bdb2e48717762a0678c899,80bb33f619dfb234361bcd73368be6d7812d4c37e739a2502b0a933417aa999d,prompts/agent-product-launches/runs/foundation-pvp_frontieradjusters.com_2026-05-13.json
prompts/agent-product-launches/runs/foundation-pvp_frontiersoftware.com_2026-05-13.json,de3e38ac7ad9d306e3257207ac10035a86b0e128,f502d887cccc899c0edabf47a889af3123d10adb996c19f29608692f63107583,prompts/agent-product-launches/runs/foundation-pvp_frontiersoftware.com_2026-05-13.json
prompts/agent-product-launches/runs/foundation-pvp_frontlinepg.com_2026-05-13.json,dd973a1f2614e33c813df15418e2895df0f718e5,cbca99a680522544cecad93c3c169e8014ff53df23998ce510c2e432cb8ab6c0,prompts/agent-product-launches/runs/foundation-pvp_frontlinepg.com_2026-05-13.json
prompts/agent-product-launches/runs/foundation-pvp_fsns.com_2026-05-13.json,bdbb73ab692e63497bc385e78af55384b021fe0b,989762055c1580d1ab7b062647cfd3a32e1d8b3c18ee222d010cd8c7294a2542,prompts/agent-product-launches/runs/foundation-pvp_fsns.com_2026-05-13.json
prompts/agent-product-launches/runs/foundation-pvp_ftechi.com_2026-05-13.json,333b6bd43ad6765b84bc3410c918a33aa1142901,238a9a6790c43e7932cf596566bc67c3944b863b8eb2ece19bd64f4811136a5e,prompts/agent-product-launches/runs/foundation-pvp_ftechi.com_2026-05-13.json
prompts/agent-product-launches/runs/foundation-pvp_fti-net.com_2026-05-13.json,ac0a564805d59aef28a8f825edc130244c6ffd5f,2e497ee2d47e5ffadf365ac86c7632c333800c8dfce8cc00be824f5a06b92c88,prompts/agent-product-launches/runs/foundation-pvp_fti-net.com_2026-05-13.json
prompts/agent-product-launches/runs/foundation-pvp_fujifilm.com.au_2026-05-13.json,697a8bb57f733f7b6b87f6efaea04145657a0e44,4079886bed492b173f5bb60e5a8a0392eecac05cc214c27e212535e81cc581e8,prompts/agent-product-launches/runs/foundation-pvp_fujifilm.com.au_2026-05-13.json
prompts/agent-product-launches/runs/foundation-pvp_fulcrumgt.com_2026-05-13.json,1f32514b3edf24dbcc07f1956343008212466375,c7fa24c16c6243f7a2c3e1018547a14d99bf5012e7e83ca619358c97d2ec07d2,prompts/agent-product-launches/runs/foundation-pvp_fulcrumgt.com_2026-05-13.json
prompts/agent-product-launches/runs/foundation-pvp_fundtech.com_2026-05-13.json,e40e18a75cd702dadaf2aa915f159c5eb5c6b865,61ede34045ce676fadd4d74c53caef7aa13fbb8d15520ef64e7c630cb1ad411a,prompts/agent-product-launches/runs/foundation-pvp_fundtech.com_2026-05-13.json
prompts/agent-product-launches/runs/foundation-pvp_funnl.ai_2026-05-13.json,62583e1afc6171529e40d54c95f8b585598411b8,59af02dc1c25487f45848b8a110ab7c072d29019cb927401dbcdad36f3ef204c,prompts/agent-product-launches/runs/foundation-pvp_funnl.ai_2026-05-13.json
prompts/agent-product-launches/runs/foundation-pvp_fusable.com_2026-05-13.json,3b1444c54f5281f66bdb0944fe07607402175bea,5aa430f448969f830cfb9f40b7ba8e46f7e4ec786f77fd1e9a08f04f1309e826,prompts/agent-product-launches/runs/foundation-pvp_fusable.com_2026-05-13.json
prompts/agent-product-launches/runs/foundation-pvp_fusion5.com_2026-05-13.json,8ce9f6b03879b6bc6aa382f8a6def004f7cd910f,796c812f4097ea99096aad0750bed4d948a70da6ad95af22c81ff93bf3ed547a,prompts/agent-product-launches/runs/foundation-pvp_fusion5.com_2026-05-13.json
prompts/agent-product-launches/runs/foundation-pvp_fusion92.com_2026-05-13.json,a7a63d061d75af0fadd6c2476233e0e3d30f76df,9b3ef9cbc4a8130e792b65ec12cfc874be900242d0fd352759e777e5d79cd301,prompts/agent-product-launches/runs/foundation-pvp_fusion92.com_2026-05-13.json
prompts/agent-product-launches/runs/foundation-pvp_fusionpractices.com_2026-05-13.json,5280ef47eb73f3fea0e198f980644e0aefe327de,ee25e67595045067f52cb964a9f05aacdf588220cfdb871aaa65e46abf9ae6a2,prompts/agent-product-launches/runs/foundation-pvp_fusionpractices.com_2026-05-13.json
prompts/agent-product-launches/runs/foundation-pvp_fusionww.com_2026-05-13.json,e098263f6ab55a6a042fd9d4e9ec421fff22edc4,5cf9365d63e4a925a6be9186050b33d9d0ab58e4c6cebbec3b540571d6e06d8f,prompts/agent-product-launches/runs/foundation-pvp_fusionww.com_2026-05-13.json
prompts/agent-product-launches/runs/foundation-pvp_g1.com_2026-05-13.json,62a4d672ed61d18e0749ec917bbedaae51a4b2f8,ddff21c849d4e8951d71f7d0c697b128b01430f2b0dba495d8187ad4e09a8eed,prompts/agent-product-launches/runs/foundation-pvp_g1.com_2026-05-13.json
prompts/agent-product-launches/runs/foundation-pvp_gadgeon.com_2026-05-13.json,64f91f28a37a72b1fd14a0f5a736faa4323f1b92,97ce1ae7406b7ffe2f0ed8ba6b6c47576a74627a6349918dcffecc8358e98c9f,prompts/agent-product-launches/runs/foundation-pvp_gadgeon.com_2026-05-13.json
prompts/agent-product-launches/runs/foundation-pvp_galaxe.com_2026-05-13.json,faa59aca94a19e0dc6612e33d74fa98380a1baa1,8e24171933f44d56d49d00dbcbc6d841b058d1517ec7e4ad997f2f9a20d52c76,prompts/agent-product-launches/runs/foundation-pvp_galaxe.com_2026-05-13.json
prompts/agent-product-launches/runs/foundation-pvp_galenhealthcare.com_2026-05-13.json,6714b04115374e5782bc0001e38af86270b5c086,db8c8c1d11156cd9d6497ac5ccb6e0d46a93885b467afa1e4f28bc7d7089e9c6,prompts/agent-product-launches/runs/foundation-pvp_galenhealthcare.com_2026-05-13.json
prompts/agent-product-launches/runs/foundation-pvp_gamil.com_2026-05-13.json,82bfc760baefad5bcf384ac0625ec8aadf812784,cdc4e9b255937edee5f978b311bf990177a831a730f51c023a5fb6d9ce28b2bc,prompts/agent-product-launches/runs/foundation-pvp_gamil.com_2026-05-13.json
prompts/agent-product-launches/runs/foundation-pvp_gammagroup.co_2026-05-13.json,0bba46e457136615331c6015f81f4e3421cb1fea,4ca7d632a25519d48e3fbcf3b91830fa466a4ba0d836a204aaaa38acbf0a8ee7,prompts/agent-product-launches/runs/foundation-pvp_gammagroup.co_2026-05-13.json
prompts/agent-product-launches/runs/foundation-pvp_gaotek.com_2026-05-13.json,f1976fd0aec68fdd9f9e3fec7a29723b8652fb98,729c7e223276d017ab4f9de8f4f664127794519a2cc94c55f77d6966467a2d2b,prompts/agent-product-launches/runs/foundation-pvp_gaotek.com_2026-05-13.json
prompts/agent-product-launches/runs/foundation-pvp_gasandsupply.com_2026-05-13.json,eb76521b91b297ea166fef07b5b82bd9e14c0a72,55738707c7384cf81d7dc20d10b1d8308ef7dda3a693a167f40034915271e3d2,prompts/agent-product-launches/runs/foundation-pvp_gasandsupply.com_2026-05-13.json
prompts/agent-product-launches/runs/foundation-pvp_gatan.com_2026-05-13.json,9f0cbc9c85ee6b64b1114837c8f55be633703428,42fb875194b334969fac9aeeb159475b6c1b09704d05bbea727e1619a855427d,prompts/agent-product-launches/runs/foundation-pvp_gatan.com_2026-05-13.json
prompts/agent-product-launches/runs/foundation-pvp_gatewayservicesinc.com_2026-05-13.json,daffc1d6ca96992f88f0b4795d06fd1754aab808,72e1732a11af29714a44824bfa749407f7a6fb6d158d52b3514066bf249d4238,prompts/agent-product-launches/runs/foundation-pvp_gatewayservicesinc.com_2026-05-13.json
prompts/agent-product-launches/runs/foundation-pvp_gbg.com_2026-05-13.json,341217ec359c73393a19662f8de3d650f8fc58c8,00b4ad11dd473c0abb085b055c9f3ae12c26d20497258e781fd760b209e18865,prompts/agent-product-launches/runs/foundation-pvp_gbg.com_2026-05-13.json
prompts/agent-product-launches/runs/foundation-pvp_gbrands.com_2026-05-13.json,188800ae70ee4c9839d54a044d391d2138b65102,4e494f889746d61084845f94252e848e29ad04819e00ff8c7869ada66bd6d3bf,prompts/agent-product-launches/runs/foundation-pvp_gbrands.com_2026-05-13.json
prompts/agent-product-launches/runs/foundation-pvp_gbscorp.com_2026-05-13.json,5c34b28fbcf3ede5d8a648d33a483c7f1b18362c,d991cdf134fffd00ea6578251b2c428fe351bbe2e19bb28e0736878320c2e68e,prompts/agent-product-launches/runs/foundation-pvp_gbscorp.com_2026-05-13.json
prompts/agent-product-launches/runs/foundation-pvp_gcicom.net_2026-05-13.json,dca133073522e50e9a7c5f1983d532035658c14b,1893adfbca2eca03ae979f71405bf0e3c204435cb92261a3a63ede3214c267a5,prompts/agent-product-launches/runs/foundation-pvp_gcicom.net_2026-05-13.json
prompts/agent-product-launches/runs/foundation-pvp_gdg.travel_2026-05-13.json,a5bb76c3ba94658374354da5b4e2491c37de635a,26329f01c17bf4cbd0ae915f1542b50873b88a069ff79e082a1380e1c87b7c47,prompts/agent-product-launches/runs/foundation-pvp_gdg.travel_2026-05-13.json
prompts/agent-product-launches/runs/foundation-pvp_gdt.com_2026-05-13.json,dfe16b09bb0c1fa895debe8c5c7dc711d20152ee,73dca8380e03fc53df9a1285247ac3904967f1445db6b77ce03503d19d1ec05e,prompts/agent-product-launches/runs/foundation-pvp_gdt.com_2026-05-13.json
prompts/agent-product-launches/runs/foundation-pvp_gdx.net_2026-05-13.json,6f692566074c572eb0ff3bbfc74d871e300dbd3c,fa30109106bf1aa63a4814c5fc27ffdf9e52bd34576b82df5423666383032e9c,prompts/agent-product-launches/runs/foundation-pvp_gdx.net_2026-05-13.json
prompts/agent-product-launches/runs/foundation-pvp_gecurrent.com_2026-05-13.json,6e89fc181290f8bef930ca8a52817f0b6c1a6656,6bb387e867d8b078bd07c56fedc508fd74573add65eb6f891d2d89c5a0615c6c,prompts/agent-product-launches/runs/foundation-pvp_gecurrent.com_2026-05-13.json
prompts/agent-product-launches/runs/foundation-pvp_gemini.legal_2026-05-13.json,0d51df14f769061626c49195d7cf94c29bad078c,3520f10854c9b8b8b7cb82eebbe9ad1234393ad206d96b64f8f325dd841e1fc2,prompts/agent-product-launches/runs/foundation-pvp_gemini.legal_2026-05-13.json
prompts/agent-product-launches/runs/foundation-pvp_gemline.com_2026-05-13.json,90e865309204410f9abf4d17be830cc9f970432f,d3ebbbe56e47c9cd98d3cd58fdbe4cecd7bfba7f679db91439d72e0a9d75b769,prompts/agent-product-launches/runs/foundation-pvp_gemline.com_2026-05-13.json
prompts/agent-product-launches/runs/foundation-pvp_general-data.com_2026-05-13.json,cb36c42cdbc157e235ca3d24027f52a86abf9f0c,3216e026cbd48f23bdce0ef9db7fe478a47a1300356e13d0f01b4243f1f77df5,prompts/agent-product-launches/runs/foundation-pvp_general-data.com_2026-05-13.json
prompts/agent-product-launches/runs/foundation-pvp_genzeon.com_2026-05-13.json,6fd5fc6bb30f4ac3340fd660d862bbd5e9cdb4a3,a05b86c62e1c72c4212127c65f4ec41063a982ef0a336a733042e6e8e5c190b8,prompts/agent-product-launches/runs/foundation-pvp_genzeon.com_2026-05-13.json
prompts/agent-product-launches/runs/foundation-pvp_geographicsolutions.com_2026-05-13.json,eea280fe52c0fd4517013f00a2da743ce043daa6,5539697b4d30e5555fd5f31b0266049467a81a39f2685c6738a414eb40129cc4,prompts/agent-product-launches/runs/foundation-pvp_geographicsolutions.com_2026-05-13.json
prompts/agent-product-launches/runs/foundation-pvp_geometry.com_2026-05-13.json,afef75f908522cdeec26b06814481fcd233652c8,5d43844a9cdaa959bc3bb0d9c00bea9ea2d251791a2f032444c825820d487552,prompts/agent-product-launches/runs/foundation-pvp_geometry.com_2026-05-13.json
prompts/agent-product-launches/runs/foundation-pvp_gerbertechnology.com_2026-05-13.json,703eb368f6214b396e301df9b7165ac308398963,5af799edf0f8baef77bbc4f9d57b512ba56bad0c0190b536daa6e3ce93364e13,prompts/agent-product-launches/runs/foundation-pvp_gerbertechnology.com_2026-05-13.json
prompts/agent-product-launches/runs/foundation-pvp_gerent.com_2026-05-13.json,4c1b963392d5ab4224b3e25580513fa491d3d9a1,9d14a4346a57a0cf946dfa87263f8d7fbd68a2bae3b217de3d0bb9c39a6c8c59,prompts/agent-product-launches/runs/foundation-pvp_gerent.com_2026-05-13.json
prompts/agent-product-launches/runs/foundation-pvp_getcaret.com_2026-05-13.json,c87b0249c9f7aeea34a66f62a55c5fb7375969ae,05ceaf84ee94f2a92fafb04c3f249b312c1ccee82c9d248a5ee7d04e1ca39128,prompts/agent-product-launches/runs/foundation-pvp_getcaret.com_2026-05-13.json
prompts/agent-product-launches/runs/foundation-pvp_getflex.com_2026-05-13.json,6612310b128be4a518df33c1b76901e6a55a8399,f9bfc14080998321ead304402afaf288ca1e5f0a8098d2b9bf03a8f6255d8eca,prompts/agent-product-launches/runs/foundation-pvp_getflex.com_2026-05-13.json
prompts/agent-product-launches/runs/foundation-pvp_getg5.com_2026-05-13.json,d4a89a31f0312315bcaaedfc0781651c597cb353,e6256bee578422a98bb77de797f7a0dbe451f2239b012e0cbbd650af88069a68,prompts/agent-product-launches/runs/foundation-pvp_getg5.com_2026-05-13.json
prompts/agent-product-launches/runs/foundation-pvp_getgds.com_2026-05-13.json,a658542e939ae550ae8d31b0dfc3f9519b880910,ecbe0602708bd56abcf6e2b1f3e7f869dd5cfd395721feea6a8292b7b696c79c,prompts/agent-product-launches/runs/foundation-pvp_getgds.com_2026-05-13.json
prompts/agent-product-launches/runs/foundation-pvp_getixhealth.com_2026-05-13.json,e4cbd0c7bb0e76c8e2bdaadd7cfb5b3eee1608ee,94751cb06609f1071f830c0dc3551f903d64205cf955411f20fcf2c0e11299e2,prompts/agent-product-launches/runs/foundation-pvp_getixhealth.com_2026-05-13.json
prompts/agent-product-launches/runs/foundation-pvp_getmagicbox.com_2026-05-13.json,ea94670bf2f39e9832b9e0f0de2b18cf4b3bd902,90f4673d3144a34b1c5910b3342faa0df8f4ee3c68be5fabaa1619395b36a00f,prompts/agent-product-launches/runs/foundation-pvp_getmagicbox.com_2026-05-13.json
prompts/agent-product-launches/runs/foundation-pvp_giantgroup.com_2026-05-13.json,8f0311c3b40f5147fbcd4cbbb79bbea36dee172e,466fdefdcb5f4e280debbfef804c136fd7d8a451a1a0928eeeee37514e83f2d3,prompts/agent-product-launches/runs/foundation-pvp_giantgroup.com_2026-05-13.json
prompts/agent-product-launches/runs/foundation-pvp_giglogistics.com_2026-05-13.json,10f25bc89d3f135311d343647722c8cb97028047,02c12754683caf113ee9beed687ec6f88097028b5133b046dd39d9db3fe22331,prompts/agent-product-launches/runs/foundation-pvp_giglogistics.com_2026-05-13.json
prompts/agent-product-launches/runs/foundation-pvp_gilson.com_2026-05-13.json,1cfbd70d1506d103a16564e8aac41c40058c38fa,330f687f81fbd79b84a1cc6b0703c63a2d4b02cef463ba2bb922b4824dd4a26e,prompts/agent-product-launches/runs/foundation-pvp_gilson.com_2026-05-13.json
prompts/agent-product-launches/runs/foundation-pvp_girikon.com_2026-05-13.json,8d1393b0ae7da2dd40255519e8befeb7c73600ac,cba0c497c74a3ce3515020427235e2a60e740cebc6ac20af5339f4ae6a9e0094,prompts/agent-product-launches/runs/foundation-pvp_girikon.com_2026-05-13.json
prompts/agent-product-launches/runs/foundation-pvp_girmiti.com_2026-05-13.json,06c20ae456add49b8dfbbec4a7fc69004e7cf3fa,6f7ed3edb2eb7a1e4a7f53dafca9887bccb121c197cdd53fc2fb9b1d1f121a36,prompts/agent-product-launches/runs/foundation-pvp_girmiti.com_2026-05-13.json
prompts/agent-product-launches/runs/foundation-pvp_givesmart.com_2026-05-13.json,d38b4107c34bb690ca272896183bb789e02345af,7b9217eb97d991b220a2e59393e1ef4eb52b62897e3407c781f8b238d955a47c,prompts/agent-product-launches/runs/foundation-pvp_givesmart.com_2026-05-13.json
prompts/agent-product-launches/runs/foundation-pvp_gk-software.com_2026-05-13.json,375db8037165908090ca027db33787a152db2094,f77249f3ce14bf1989ff70b9b66b8e72f2a0353867055638d453eb28fca57b27,prompts/agent-product-launches/runs/foundation-pvp_gk-software.com_2026-05-13.json
prompts/agent-product-launches/runs/foundation-pvp_glidefast.com_2026-05-13.json,e9a10f719232ccb0c8bda3c48617b2994e69f7e3,0c3e23175b99c8fca22489def1c8c8c3ac53b9d8273239ab107844aa42040610,prompts/agent-product-launches/runs/foundation-pvp_glidefast.com_2026-05-13.json
prompts/agent-product-launches/runs/foundation-pvp_glidewelldental.com_2026-05-13.json,969e08d0b84c901edfff01ee9e5080d6803f08ce,cb74353ed7d43e802408ddb1b4dc9d95c93b9ac098f31d6fdd6d722257b21295,prompts/agent-product-launches/runs/foundation-pvp_glidewelldental.com_2026-05-13.json
prompts/agent-product-launches/runs/foundation-pvp_global-csg.com_2026-05-13.json,e11f06cafd2093b01fe98f55fb754785d6880682,13df074bc0ffbd7a6c0463dedc0234356e144a249eade84de22d5eb855646ab0,prompts/agent-product-launches/runs/foundation-pvp_global-csg.com_2026-05-13.json
prompts/agent-product-launches/runs/foundation-pvp_globalguardian.com_2026-05-13.json,c420b9203f1d536691bd8fa3e2ae8e16af5f5177,8195aae40c75d8962461ff2af5a2f35b9898d7e9ad8d26f12c1f9803a9092f63,prompts/agent-product-launches/runs/foundation-pvp_globalguardian.com_2026-05-13.json
prompts/agent-product-launches/runs/foundation-pvp_globalnorthstar.com_2026-05-13.json,7ac8e49e641a0d49d39d2e81ccfc42f9e5406209,6436423edcf3b0185ed3c9cb2df3c19ff7a35772f75594f96e2063493c99f7aa,prompts/agent-product-launches/runs/foundation-pvp_globalnorthstar.com_2026-05-13.json
prompts/agent-product-launches/runs/foundation-pvp_globalresponse.com_2026-05-13.json,02f27f6b4835a442e5d0b938cd61787baf41463c,00160f203bf92a18945d1be22e6c27e5edefd5446de9d5a9dd7c0899ce925f9c,prompts/agent-product-launches/runs/foundation-pvp_globalresponse.com_2026-05-13.json
prompts/agent-product-launches/runs/foundation-pvp_globalsign.com_2026-05-13.json,2a5c20852d6568bcde132bd004ace396da4f9953,015b359bc9a954089022573f8bef2b7092d69daf3b38c0f8b79a6d7e8b1815af,prompts/agent-product-launches/runs/foundation-pvp_globalsign.com_2026-05-13.json
prompts/agent-product-launches/runs/foundation-pvp_globaltranz.com_2026-05-13.json,453484ad97de90915124823465f7ffc32e363c4a,c2195625fcdb79d5a750b588e2d03f25a8839b6ccae6f1657e6b07486932b828,prompts/agent-product-launches/runs/foundation-pvp_globaltranz.com_2026-05-13.json
prompts/agent-product-launches/runs/foundation-pvp_gls-us.com_2026-05-13.json,f239dbb706e30da8f96f01fe2317ea246e68a7ff,39807cfd66847f83e1ec8d5842ffd927fee0642049258b41696bb33fe415ccce,prompts/agent-product-launches/runs/foundation-pvp_gls-us.com_2026-05-13.json
prompts/agent-product-launches/runs/foundation-pvp_gls.com_2026-05-13.json,5bd140b830dbebe3932f0a0133a48fa255f56566,79db7fb5e7f8920aedc1dbb98c543b7ee09d55270919058edd7b6b08eb6f8075,prompts/agent-product-launches/runs/foundation-pvp_gls.com_2026-05-13.json
prompts/agent-product-launches/runs/foundation-pvp_gmgcolor.com_2026-05-13.json,f939cdea2eaa65492debc38e659d76b828a83216,735101f4493af681326a1d13f1792bde7b8f902a44f7ca6f90c1b9174ed8d62d,prompts/agent-product-launches/runs/foundation-pvp_gmgcolor.com_2026-05-13.json
prompts/agent-product-launches/runs/foundation-pvp_gofrontrow.com_2026-05-13.json,683c5eef8c5e9cb6e9a9e3228acdf1d284528dee,f09d1693a71c28aabe349329a5194265efcce7b76ae5f085b30770dc083ee515,prompts/agent-product-launches/runs/foundation-pvp_gofrontrow.com_2026-05-13.json
prompts/agent-product-launches/runs/foundation-pvp_gogpac.com_2026-05-13.json,7d0b1b34796e61a282206a82d82d8ced5f35c08c,9ecb57cc40efcc3abd846f64dec1ffc088d57aac699e4a08581ce0e0311d48c6,prompts/agent-product-launches/runs/foundation-pvp_gogpac.com_2026-05-13.json
prompts/agent-product-launches/runs/foundation-pvp_golance.com_2026-05-13.json,556459055ecd3c5792799a3bb24e424716877403,2bd7495ce05882ab4457194a5c17a4fcb7f10e266ad7eaa3bd5c99d3d818788f,prompts/agent-product-launches/runs/foundation-pvp_golance.com_2026-05-13.json
prompts/agent-product-launches/runs/foundation-pvp_goldcast.io_2026-05-13.json,f33b49e36ffe1d3244fd21e81c4c05c49567e598,1b844e3a523c18910bb412ce045d292f82a750594ce9f2db10072c157e34e8eb,prompts/agent-product-launches/runs/foundation-pvp_goldcast.io_2026-05-13.json
prompts/agent-product-launches/runs/foundation-pvp_goldfeinclaims.com_2026-05-13.json,4ad05c28777bb7670b26314fc669766ab4387031,b1d053e75cd79a91c8708c9cf398121f619bca25790c37f3e439fcab605e70d4,prompts/agent-product-launches/runs/foundation-pvp_goldfeinclaims.com_2026-05-13.json
prompts/agent-product-launches/runs/foundation-pvp_goprecise.com_2026-05-13.json,89d4c8e220a426278f74c4326c0cd9fdda7e3a6c,1d33e214091fad99ee94593a1ced6c8ea5c0988d57ca58ae0c7eb0665c3eb36e,prompts/agent-product-launches/runs/foundation-pvp_goprecise.com_2026-05-13.json
prompts/agent-product-launches/runs/foundation-pvp_gosaas.io_2026-05-13.json,ee8308dfaa642b61cedb4cd7e4dbc8fbc2a8e054,198afc08a5007e2dd11de459a808d93d7e4c2ddfff6749ebbfc51893438f956e,prompts/agent-product-launches/runs/foundation-pvp_gosaas.io_2026-05-13.json
prompts/agent-product-launches/runs/foundation-pvp_gowell.energy_2026-05-13.json,c06792ebb08e3a22a8dfd88b2e026e1259094007,c64ba7557e9bbd9696713cd26e19a9aeefe1ffa9d35a69c3768e8404a797f739,prompts/agent-product-launches/runs/foundation-pvp_gowell.energy_2026-05-13.json
prompts/agent-product-launches/runs/foundation-pvp_grainprocessing.com_2026-05-13.json,a59ae26920a0ba6ae2cf877546f4b9aff85487b2,815874fb0842ab1aff575aa84334a5649911e5de3358ca775f2a285b6b305fbd,prompts/agent-product-launches/runs/foundation-pvp_grainprocessing.com_2026-05-13.json
prompts/agent-product-launches/runs/foundation-pvp_gramener.com_2026-05-13.json,68ed0123946111384d1a7496fa48c51740f15131,3626a2c6cfe310b835a43edb65dddf996e03fdc879e13d4a84b6fcb7a6e0c833,prompts/agent-product-launches/runs/foundation-pvp_gramener.com_2026-05-13.json
prompts/agent-product-launches/runs/foundation-pvp_grantstreet.com_2026-05-13.json,ef12e6b57870d28191c6a82df23eda8dbcb7a654,b9552660bde18d008ffc65956f6955c626178c78ceda80ca953eeacd368accd6,prompts/agent-product-launches/runs/foundation-pvp_grantstreet.com_2026-05-13.json
prompts/agent-product-launches/runs/foundation-pvp_graphy.com_2026-05-13.json,e819d2aa2b920d16e93a93bfaeb57b989da0c5f2,2bdbcf0505f21fee8aa57aef97e84bac1e7e56b2e558faf1f7b72dd7950605ad,prompts/agent-product-launches/runs/foundation-pvp_graphy.com_2026-05-13.json
prompts/agent-product-launches/runs/foundation-pvp_gravitypayments.com_2026-05-13.json,4bcc07e83cfe5465f61dd252865ac74689f8e436,2ceef38dedb0887b1c88b68788853b4f82044003e6a01a09e1a0fc18c07b30cb,prompts/agent-product-launches/runs/foundation-pvp_gravitypayments.com_2026-05-13.json
prompts/agent-product-launches/runs/foundation-pvp_grenergyservices.com_2026-05-13.json,0be740547eb78904f3af14bcefd240558f00bad9,77f2791320571e214cbfcafbc81e4e1681b90b471090302f859d3f3c2b785a28,prompts/agent-product-launches/runs/foundation-pvp_grenergyservices.com_2026-05-13.json
prompts/agent-product-launches/runs/foundation-pvp_grics.ca_2026-05-13.json,3fc8424ee8ef74cded7bf44dfc29f261fee3d0a0,e41e4adac948dc43a25f160f8832ce5aea9f9cedb20e1a56026dbc6d9d16078e,prompts/agent-product-launches/runs/foundation-pvp_grics.ca_2026-05-13.json
prompts/agent-product-launches/runs/foundation-pvp_gritstonetech.com_2026-05-13.json,e16680b603b7cc7de3519a4ab0da68708ca36ed0,294e6fe0a5804495f9e5b1c9fd86d6ac15c9d8831ba2af392b397e03ad341d71,prompts/agent-product-launches/runs/foundation-pvp_gritstonetech.com_2026-05-13.json
prompts/agent-product-launches/runs/foundation-pvp_grmdocumentmanagement.com_2026-05-13.json,38141849ef5430fdbd7fd0a3363f262f67a8cf97,3996dd19f6cb9318adf34b57fd8665f29a55b6273ccc8669fc9ea869aa2b0bb5,prompts/agent-product-launches/runs/foundation-pvp_grmdocumentmanagement.com_2026-05-13.json
prompts/agent-product-launches/runs/foundation-pvp_group.one_2026-05-13.json,045b57596e82c9cce19edc0f96efd95b9524c0a7,d0fbce6ee196a51b58b2469d1fda665e200a9129d188f71ccf1773f19fb2f2b7,prompts/agent-product-launches/runs/foundation-pvp_group.one_2026-05-13.json
prompts/agent-product-launches/runs/foundation-pvp_growthnatives.com_2026-05-13.json,a42e6e4c07e82f966028f0c12e017e2b87816af2,919a85fb764537256153cb808dddca90d5fee3bb5b988a842b92a7aaf98841c4,prompts/agent-product-launches/runs/foundation-pvp_growthnatives.com_2026-05-13.json
prompts/agent-product-launches/runs/foundation-pvp_gshgroup.com_2026-05-13.json,58f4fa541f04076f76e6e338b254e1668b977bae,10763964ba39b5defc25c60a730e543283fad71c1a187fefad4a4158abed4924,prompts/agent-product-launches/runs/foundation-pvp_gshgroup.com_2026-05-13.json
prompts/agent-product-launches/runs/foundation-pvp_gslate.com_2026-05-13.json,0b3eb4f031bd9eecc6e5db2e8373ff91c1d82295,4857a3cecbc074fb88d386b5c598d39c02791d328437a8f5a9b079341a2f61cf,prompts/agent-product-launches/runs/foundation-pvp_gslate.com_2026-05-13.json
prompts/agent-product-launches/runs/foundation-pvp_gsmsystems.com_2026-05-13.json,75ed8c154e093b05005ebc9f1424bf1af17b0d28,2e4da22e8702991f5557691dcd2885ad14db99f9045b7a6418f93928466330d0,prompts/agent-product-launches/runs/foundation-pvp_gsmsystems.com_2026-05-13.json
prompts/agent-product-launches/runs/foundation-pvp_gswell.com_2026-05-13.json,9dcb3ea4945a30611204000c54f60ddfbcd31aff,8e8d0b0cac2af35533d1c7fc8b23ac159e97dd7e6b611d78dd63bafc7499e1ae,prompts/agent-product-launches/runs/foundation-pvp_gswell.com_2026-05-13.json
prompts/agent-product-launches/runs/foundation-pvp_gta-travel.com_2026-05-13.json,b55840e1a027dd86ceafc5077c786049c4bb45e2,5f3da86547548150e330ec2adc5b6a9bcde8df5dff31ea1d078fc41b18614adf,prompts/agent-product-launches/runs/foundation-pvp_gta-travel.com_2026-05-13.json
prompts/agent-product-launches/runs/foundation-pvp_gtindependence.com_2026-05-13.json,1238f4a793605daa16f1d97c2bccb41345e8ea98,aced827bbac1973d5e85b2e03ba7f2b0bbd5c225067ccf030e7566f3c8140eac,prompts/agent-product-launches/runs/foundation-pvp_gtindependence.com_2026-05-13.json
prompts/agent-product-launches/runs/foundation-pvp_gubagoo.com_2026-05-13.json,7e7f68f5d153859754d798c3b16dca8a96be11e6,4ba7c7fbd581e01353f0660cec2b154c51c819491dad4a93de7f73a253ed0a45,prompts/agent-product-launches/runs/foundation-pvp_gubagoo.com_2026-05-13.json
prompts/agent-product-launches/runs/foundation-pvp_guesttek.com_2026-05-13.json,e9f2142176cb0b467676e85e226b73dce8efbedb,a722990192d5e33318e3f35340651447f1c65421be17bdee99777df6f00aa8db,prompts/agent-product-launches/runs/foundation-pvp_guesttek.com_2026-05-13.json
prompts/agent-product-launches/runs/foundation-pvp_gurtam.com_2026-05-13.json,4991eafac02add988b12979857f0ae4d2609631f,5321da2356c3621b48f7f68cc09ba9bd9f2620feb661a56cc9a1cccceaa11370,prompts/agent-product-launches/runs/foundation-pvp_gurtam.com_2026-05-13.json
prompts/agent-product-launches/runs/foundation-pvp_hach.com_2026-05-13.json,18560081439029d1be7f8fcb72bdbabecf9da063,298c21a3c97fbaacdf9c7745dedf9f517f965a0c0ef9277480d144dfa5fd2bf7,prompts/agent-product-launches/runs/foundation-pvp_hach.com_2026-05-13.json
prompts/agent-product-launches/runs/foundation-pvp_hackinghrlab.io_2026-05-13.json,82fa473d7d041c2d8a4e463d15ed8fdeac9f5f0f,4a79d2fc218bc60aee5f090d1084d9cd9edd4a15d20f5ab7b437af1f98e77db3,prompts/agent-product-launches/runs/foundation-pvp_hackinghrlab.io_2026-05-13.json
prompts/agent-product-launches/runs/foundation-pvp_hah.co.uk_2026-05-13.json,d40945a485e1cddd84b7fdd2f5b00bedde12f18d,a97f6ed19b940d94f8bbd75bc8357d30906b29e81e13c5763b5e129480edc804,prompts/agent-product-launches/runs/foundation-pvp_hah.co.uk_2026-05-13.json
prompts/agent-product-launches/runs/foundation-pvp_hakimgroup.co.uk_2026-05-13.json,916bb0f53d9548e61fd54e9c8e01226a7645eeb4,ed94bdeee09bf6046e452807cf0abba01b809b268f7ad6f5e229f6dd6cbab89d,prompts/agent-product-launches/runs/foundation-pvp_hakimgroup.co.uk_2026-05-13.json
prompts/agent-product-launches/runs/foundation-pvp_hammer.com_2026-05-13.json,b4bc16f04c6156ccda167c6f5acff05d40c5fd07,e93b0c7f0097239b1f00c6b54fad4674d6ff8b6483d9d495df3fd26caba7320a,prompts/agent-product-launches/runs/foundation-pvp_hammer.com_2026-05-13.json
prompts/agent-product-launches/runs/foundation-pvp_hansencx.com_2026-05-13.json,681b9ce897f353069dee25984eb9266e16385fef,3cf92caa8fcd4223a58ebeae0b90a86024cdc906702f09287549bccb396f77f3,prompts/agent-product-launches/runs/foundation-pvp_hansencx.com_2026-05-13.json
prompts/agent-product-launches/runs/foundation-pvp_happening.xyz_2026-05-13.json,cffa8db682fc472b1aeeffcc2cd432aadec22874,4b10efdfe675f34b9aa6a7fc509694d9300e7458ec7ce7e18f2f61c00c3b759f,prompts/agent-product-launches/runs/foundation-pvp_happening.xyz_2026-05-13.json
prompts/agent-product-launches/runs/foundation-pvp_harmelin.com_2026-05-13.json,800e0e636ded1723f894ca625d588bf8a6288220,4035698265a6ed85a054462a039d416b8db672d2e5523be82fa13d830811d89f,prompts/agent-product-launches/runs/foundation-pvp_harmelin.com_2026-05-13.json
prompts/agent-product-launches/runs/foundation-pvp_harmonia.com_2026-05-13.json,a8d9e54d6d5d4ad1273e2a6ceebd342065638c95,011a24682e7bca1de93ccabda9414a4023654ecea6f4e4fecafeb3ca39746b70,prompts/agent-product-launches/runs/foundation-pvp_harmonia.com_2026-05-13.json
prompts/agent-product-launches/runs/foundation-pvp_harrishealthcare.com_2026-05-13.json,558827afae25a4ea1fee96dbfdcbde80e8ec0bb5,7d86fda014fc5257db2d81e54e79c5a15db38b7a3399d34f4de159d215f6f54d,prompts/agent-product-launches/runs/foundation-pvp_harrishealthcare.com_2026-05-13.json
prompts/agent-product-launches/runs/foundation-pvp_harvardbusiness.org_2026-05-13.json,7f636603e2df0cb00bfb3aa2e12d54d9ccadec72,4c3592e1fb5d4549b38df22bd8f3ce7c0c0c29e2ae3239101830754b5386ad42,prompts/agent-product-launches/runs/foundation-pvp_harvardbusiness.org_2026-05-13.json
prompts/agent-product-launches/runs/foundation-pvp_hashroot.com_2026-05-13.json,81767c1105fa8d59165f70e38dd6c4f7590e5b4b,112f117ab310354b8d7516a3e0ec3e3373e51d89509f436a20bec846ee6c6e12,prompts/agent-product-launches/runs/foundation-pvp_hashroot.com_2026-05-13.json
prompts/agent-product-launches/runs/foundation-pvp_hawkeyeinnovations.com_2026-05-13.json,d94c14fc9691fa4b95599f9fc967e5b8e3e573de,db129b9d755e67e1f8363619dd9566a832aa4d68ee58436593a1c5eefe3cc226,prompts/agent-product-launches/runs/foundation-pvp_hawkeyeinnovations.com_2026-05-13.json
prompts/agent-product-launches/runs/foundation-pvp_hbs.net_2026-05-13.json,b13532dcbb46b82019e3e2197df0433faa04b88c,706cb4ca517c4f23d75896bc9aefa549fb8fd7427ade3f0443845d2e64a62581,prompts/agent-product-launches/runs/foundation-pvp_hbs.net_2026-05-13.json
prompts/agent-product-launches/runs/foundation-pvp_hco.com_2026-05-13.json,fea9929c4595b6faf9b53325396071221961577c,f638ccde953aca5e6773e1ed50bffbad7153969feb2d1c68c02e7d0e9cdad237,prompts/agent-product-launches/runs/foundation-pvp_hco.com_2026-05-13.json
prompts/agent-product-launches/runs/foundation-pvp_healthadvocate.com_2026-05-13.json,074e8e851d281a51de3879f71198fd11acda0c31,2eb17ab9f5d0e11ca382385be2e81bca035ba60973b0ef7495ecc47b3222f8e6,prompts/agent-product-launches/runs/foundation-pvp_healthadvocate.com_2026-05-13.json
prompts/agent-product-launches/runs/foundation-pvp_healthcarousel.com_2026-05-13.json,c75a8901db5df33fd0ddb9ff4c7afa92c311b168,683014c47ad3d858f0741b1278043cd46d9f28c55f08c8c76493043d9e126375,prompts/agent-product-launches/runs/foundation-pvp_healthcarousel.com_2026-05-13.json
prompts/agent-product-launches/runs/foundation-pvp_healthcomp.com_2026-05-13.json,c0ba3d775ef62df6575be1eca0b534020d3e32c1,e5cffc2236fad1137e2df37df0150138014c05040e92ee93eff466d89adea53c,prompts/agent-product-launches/runs/foundation-pvp_healthcomp.com_2026-05-13.json
prompts/agent-product-launches/runs/foundation-pvp_healthdialog.com_2026-05-13.json,ddcd0966f579f980c7f38f0b0611925cb4cd6d64,227ba25d9f2da93139f978177226dcc3d3c39d67feca0d50f3e8eb7b11019b01,prompts/agent-product-launches/runs/foundation-pvp_healthdialog.com_2026-05-13.json
prompts/agent-product-launches/runs/foundation-pvp_healthesystems.com_2026-05-13.json,6a1b40e58f7faae1a850959c187476545fdb9e2b,28c770e6f961789267779278c4428ee2f7dd1f614d8695ae39fc18ec751ef8e6,prompts/agent-product-launches/runs/foundation-pvp_healthesystems.com_2026-05-13.json
prompts/agent-product-launches/runs/foundation-pvp_healthmark-group.com_2026-05-13.json,d6749317304f8c7090fbc5a2630f24bf7015f6f0,7ed7a4b30ec9fe245f17d959f1e582840e42f7535db790d6d53f09d8ba27145b,prompts/agent-product-launches/runs/foundation-pvp_healthmark-group.com_2026-05-13.json
prompts/agent-product-launches/runs/foundation-pvp_heartlandsig.com_2026-05-13.json,fd383baba006156b881606583257a3b3ccb47eee,b2da76ee39710097f4f73048ac0f5a464b5a323f35e1d41a3194fa8cf02d5799,prompts/agent-product-launches/runs/foundation-pvp_heartlandsig.com_2026-05-13.json
prompts/agent-product-launches/runs/foundation-pvp_heartmath.com_2026-05-13.json,e97ad9d66b5f34eb5dac1902f81465addc842646,5b4cf864b9a8aeb553704e1c41423452ba7ac6e92a6fe77387cbf890733c8b15,prompts/agent-product-launches/runs/foundation-pvp_heartmath.com_2026-05-13.json
prompts/agent-product-launches/runs/foundation-pvp_heatsoftware.com_2026-05-13.json,534294f26bc44760e969b53a59e0543ba6c875f0,8690ffa14b3ed662786135fe7398408c436ae48ed66d7ec79df5a4a81bf450a4,prompts/agent-product-launches/runs/foundation-pvp_heatsoftware.com_2026-05-13.json
prompts/agent-product-launches/runs/foundation-pvp_helixops.ai_2026-05-13.json,cce65ec5355c0b950282b8a84514482f5cd844e6,b21326500297dda18147307f12cb044a492a9d855e6d6ad7f32f65744e07c1a8,prompts/agent-product-launches/runs/foundation-pvp_helixops.ai_2026-05-13.json
prompts/agent-product-launches/runs/foundation-pvp_hellobenefex.com_2026-05-13.json,952bdaa98030af28b5233280bf013be7b486fcac,fab984b220506776e6f23a68b8767d9617ce3b8ec6e47cd51654fea15e42cad1,prompts/agent-product-launches/runs/foundation-pvp_hellobenefex.com_2026-05-13.json
prompts/agent-product-launches/runs/foundation-pvp_helloezra.com_2026-05-13.json,8b5f130bb678fd159786308b8c21537c4e730f0e,a05267ed0e530b1d6fced3cd606c41cd8cda6e65b7f3ae8a3dedce9426acbb3c,prompts/agent-product-launches/runs/foundation-pvp_helloezra.com_2026-05-13.json
prompts/agent-product-launches/runs/foundation-pvp_hertzcarsales.com_2026-05-13.json,ea514a32c581c84d000362fbfb28fffe4c696efe,ed8d6be94d8def5fc70d4afff433d1c9d6ac313348dcac2ee49d5bb6abadeb46,prompts/agent-product-launches/runs/foundation-pvp_hertzcarsales.com_2026-05-13.json
prompts/agent-product-launches/runs/foundation-pvp_hexacorp.com_2026-05-13.json,7e3606e26f4a6fa7c57eb1d4c8cb5a5fbd35dffb,08f99215ff8cf1e5dfccd0930baafa058af1afdf16747fad14c52de7b98d263d,prompts/agent-product-launches/runs/foundation-pvp_hexacorp.com_2026-05-13.json
prompts/agent-product-launches/runs/foundation-pvp_hexagonmining.com_2026-05-13.json,f71e2a770331aadb626016924e3edee6ee44aee3,3e50ed73aae0fc9ab0af459a43af519dc8db37c11a58af672df6817b4fcc82ea,prompts/agent-product-launches/runs/foundation-pvp_hexagonmining.com_2026-05-13.json
prompts/agent-product-launches/runs/foundation-pvp_hexaviewtech.com_2026-05-13.json,898e27613279408f131ef8e3f637a08ab2af4ac6,9b1c177f19c16f5633c4e05fce96231daae9a53d8ef5d3376009f285b36f9009,prompts/agent-product-launches/runs/foundation-pvp_hexaviewtech.com_2026-05-13.json
prompts/agent-product-launches/runs/foundation-pvp_hexure.com_2026-05-13.json,1eac713314c610c8eb7979d188f6d09a3cbe3576,ba9f36eeb3f1efffec97d3a2516c33d093ab7c9f7e4aba87123f68e049f9d8c7,prompts/agent-product-launches/runs/foundation-pvp_hexure.com_2026-05-13.json
prompts/agent-product-launches/runs/foundation-pvp_high5games.com_2026-05-13.json,d0ac570c2dc9b8da3c470e2792fb99eb6ef88271,a29b196ad69a4c3f3d9eb2af6b8bf426cb65e9a5504df18728f1aca63bcaf725,prompts/agent-product-launches/runs/foundation-pvp_high5games.com_2026-05-13.json
prompts/agent-product-launches/runs/foundation-pvp_highstreetit.com_2026-05-13.json,98313e9c7017e89796a3a729905eacb727d6bd4b,abd21cbfa275c78a4399421e44109e9bb122ab4bd00ba92c6e801b9da5103cd0,prompts/agent-product-launches/runs/foundation-pvp_highstreetit.com_2026-05-13.json
prompts/agent-product-launches/runs/foundation-pvp_hirschsecure.com_2026-05-13.json,8097608d0f30e2acfd0fcca5cc8c24113a50592e,5f73ab9fcb687f8994b2ad2e99c39680e01a4dc14f564c31a8171beb0588b045,prompts/agent-product-launches/runs/foundation-pvp_hirschsecure.com_2026-05-13.json
prompts/agent-product-launches/runs/foundation-pvp_hlres.com_2026-05-13.json,ce82dc24adecbc13557bab8f4c788665fd442745,4f4b893fcda24223b15482be59d508fc31516388d348509750f00f0d9f476aef,prompts/agent-product-launches/runs/foundation-pvp_hlres.com_2026-05-13.json
prompts/agent-product-launches/runs/foundation-pvp_hobsons.com_2026-05-13.json,07ee100ce5ca24479691a6a4ffdec19998b0c30f,7bc70c36bed731925d6c6530591c3c457ec3ffd597f3670fc47a1c2d8be5aa96,prompts/agent-product-launches/runs/foundation-pvp_hobsons.com_2026-05-13.json
prompts/agent-product-launches/runs/foundation-pvp_hoist.tech_2026-05-13.json,11ea590c36911a9dbb02779f34509967c51dceb8,de85e31f1dfc8f1996fb5ed239c530e258c1f220585726e5ee976a02da121d48,prompts/agent-product-launches/runs/foundation-pvp_hoist.tech_2026-05-13.json
prompts/agent-product-launches/runs/foundation-pvp_holtcat.com_2026-05-13.json,974d1b958f09727bde7da9cf1805113c95572d91,6064891d2231525c3e75c3539a0ea1fd7301d3c77717f9096269442271f7ca91,prompts/agent-product-launches/runs/foundation-pvp_holtcat.com_2026-05-13.json
prompts/agent-product-launches/runs/foundation-pvp_holtlogistics.com_2026-05-13.json,9a21e1bafef687d606a2a13bb7e41bdc5d887246,9dca75d76cd2cd5db461074de5ed222decb3ae740add4314afe6dab018173f3c,prompts/agent-product-launches/runs/foundation-pvp_holtlogistics.com_2026-05-13.json
prompts/agent-product-launches/runs/foundation-pvp_hostgator.com_2026-05-13.json,e19c362146c7e53ebac64a88a9c7e4274646e979,bc4030cbd7bccd39e478a77ab80ac6e548c8ec0192c9875f69520d3699c81772,prompts/agent-product-launches/runs/foundation-pvp_hostgator.com_2026-05-13.json
prompts/agent-product-launches/runs/foundation-pvp_hostway.com_2026-05-13.json,7f06254161bc2514d14f42c7012e6b9ade898e33,a7f93bade1119d49f1dce4292018e5153758a520f78d7057ecb66d7ce149be01,prompts/agent-product-launches/runs/foundation-pvp_hostway.com_2026-05-13.json
prompts/agent-product-launches/runs/foundation-pvp_hotelhub.com_2026-05-13.json,b6ca9a585ab68a5b8c609acc694120d350c81a78,9f5f5ba51d2c6938f67706b66fcbc42a81bfc34994831fe132c7632b5f06eae1,prompts/agent-product-launches/runs/foundation-pvp_hotelhub.com_2026-05-13.json
prompts/agent-product-launches/runs/foundation-pvp_howardbank.com_2026-05-13.json,1b85316f36841ffd9c53fb5d9d963827f4afee64,e80dabf1e0427e05827e642e999b42eedd6f9f003cbf23bbdb6a5aefa000476e,prompts/agent-product-launches/runs/foundation-pvp_howardbank.com_2026-05-13.json
prompts/agent-product-launches/runs/foundation-pvp_hpe.com_2026-05-13.json,35276653cc712608222f5bbae141a709c1fc4cd6,fc13129b307fe83f1b2727008f89f3959a50c69fb2d2e9e633e76aa3d88c280f,prompts/agent-product-launches/runs/foundation-pvp_hpe.com_2026-05-13.json
prompts/agent-product-launches/runs/foundation-pvp_hrperformancesolutions.net_2026-05-13.json,43c9f8d8188fe65741f031f1ad5aa7bdf9a42d47,f0b99180dca3d2f60963d59bba254a948baaa2222f846a7ff7cb61bda618496b,prompts/agent-product-launches/runs/foundation-pvp_hrperformancesolutions.net_2026-05-13.json
prompts/agent-product-launches/runs/foundation-pvp_hso.com_2026-05-13.json,d1c7e4df88f0707ea246a2a367796b968f9b061b,c645956aeb360da05048f57956a8d5985a6a40d13e9ea9af1501b304c27adbb7,prompts/agent-product-launches/runs/foundation-pvp_hso.com_2026-05-13.json
prompts/agent-product-launches/runs/foundation-pvp_hub24.com.au_2026-05-13.json,a68cfd2a3e530f8975ce2b30f52298baec18f5b9,f82b442fec459d825d8d2596ee067c293f531a356aa8d4401b9d07ee95f8d05f,prompts/agent-product-launches/runs/foundation-pvp_hub24.com.au_2026-05-13.json
prompts/agent-product-launches/runs/foundation-pvp_humach.com_2026-05-13.json,7b8998b811007f47d8dc2e269a2f9f365d80e82f,e9110c1a64f07bfa4764c92cdb54940f0007e6fe589eeb397dbff8c976e48e6f,prompts/agent-product-launches/runs/foundation-pvp_humach.com_2026-05-13.json
prompts/agent-product-launches/runs/foundation-pvp_humanarc.com_2026-05-13.json,b6a5ba60d1ead1606d51896817183abb5fc6cb7e,0fd92c6e20e2ba08fdca4b8578edf5e84de358c7e8973d623adef00ffc4aa7b6,prompts/agent-product-launches/runs/foundation-pvp_humanarc.com_2026-05-13.json
prompts/agent-product-launches/runs/foundation-pvp_hunterindustries.com_2026-05-13.json,50b244e63fedd7fdc515311c7663a647c6263f61,ae5c4e0afed371c16e7f286e092858388ef17713b6fc9bac584f6cee9b3f3d69,prompts/agent-product-launches/runs/foundation-pvp_hunterindustries.com_2026-05-13.json
prompts/agent-product-launches/runs/foundation-pvp_hy-tek.com_2026-05-13.json,236300ddff6538e81fc31f8f40f6b09cb864eca7,0e2f1b5405c808169d7e9c1453b4384a4cb7d203beee3b0b9f5fbd986c56c3fa,prompts/agent-product-launches/runs/foundation-pvp_hy-tek.com_2026-05-13.json
prompts/agent-product-launches/runs/foundation-pvp_hygiena.com_2026-05-13.json,94defa0111a32cd9079692bc7790b57f247e84bc,841cb9bc7587168f9f2a7794aa4c359dfb5aaf3c5bbd76acae57a0ddaa00a573,prompts/agent-product-launches/runs/foundation-pvp_hygiena.com_2026-05-13.json
prompts/agent-product-launches/runs/foundation-pvp_hymans.co.uk_2026-05-13.json,39d7d4074cc7756b119b830b21146f3e8decfe93,e21722d65c78fe09840baec3c76f3ccc4c3a7c1df607f92f72b13cf6b2a063ad,prompts/agent-product-launches/runs/foundation-pvp_hymans.co.uk_2026-05-13.json
prompts/agent-product-launches/runs/foundation-pvp_hyosunginnovue.com_2026-05-13.json,637e1d51678c0fcf8b92af156ccf5ede03be515d,e9993752adcbe2c0c104e7f31f065d4af14f1b109a161de7ed8dc985c12fb015,prompts/agent-product-launches/runs/foundation-pvp_hyosunginnovue.com_2026-05-13.json
prompts/agent-product-launches/runs/foundation-pvp_hypertec.com_2026-05-13.json,7ae85d67df5b7e57de2422fc0f38e06545f56ed6,91a73a6542339f9e1ae324e12d10fb9b902a3769940c57f955445e8784b96af9,prompts/agent-product-launches/runs/foundation-pvp_hypertec.com_2026-05-13.json
prompts/agent-product-launches/runs/foundation-pvp_hytorc.com_2026-05-13.json,573393308e42a311ee56c2dc44ee3414d4d02f2e,485ed0446b5c61b47dbb54482fd184fb82a36ce557e066d9e310a3450a6ef348,prompts/agent-product-launches/runs/foundation-pvp_hytorc.com_2026-05-13.json
prompts/agent-product-launches/runs/foundation-pvp_i-exceed.com_2026-05-13.json,72b925a1e662686e0f453d991d2d067763bf83fe,48653285453542553deceac37374916c25b73bf486e818c81e380ea65875d632,prompts/agent-product-launches/runs/foundation-pvp_i-exceed.com_2026-05-13.json
prompts/agent-product-launches/runs/foundation-pvp_i-med.com.au_2026-05-13.json,57d08577eed20b00bd7584eb4bbdaadec06c96dc,4e9444a165c3883925f81fc09fb660c76a1dc5625839ccdec310b2d22946409e,prompts/agent-product-launches/runs/foundation-pvp_i-med.com.au_2026-05-13.json
prompts/agent-product-launches/runs/foundation-pvp_iamproperty.com_2026-05-13.json,be6ae54b3f39cb71b2b75186243c7e27f4a9a6a9,c1a7fb688b80046edf96c4804d4a3e0f44ccd881a9279e8a73f6cd350fb32a08,prompts/agent-product-launches/runs/foundation-pvp_iamproperty.com_2026-05-13.json
prompts/agent-product-launches/runs/foundation-pvp_iarx.com_2026-05-13.json,c30ec10e764e0d19856c831c50e7fcaded972eee,fddb726717e559dd21cb7f63a0ebd776ebe2b699e7209895f5025eba58512279,prompts/agent-product-launches/runs/foundation-pvp_iarx.com_2026-05-13.json
prompts/agent-product-launches/runs/foundation-pvp_iatric.com_2026-05-13.json,b00d1075d0a480c2b8b08bd7bf430ae45e471e85,50ded4b6f85aefbfd37d2674225167a9872b66e44aa73657e1eca2569e108338,prompts/agent-product-launches/runs/foundation-pvp_iatric.com_2026-05-13.json
prompts/agent-product-launches/runs/foundation-pvp_ibasis.com_2026-05-13.json,fc3bb1d448090ef89078bf654fb1f656a61c7083,327a15df78dce2915ac4c55f22d12b3d7f97ad7a975e0bb365ab106ebb1b9598,prompts/agent-product-launches/runs/foundation-pvp_ibasis.com_2026-05-13.json
prompts/agent-product-launches/runs/foundation-pvp_ibisworld.com_2026-05-13.json,3191734160d2af16edf772c18f0c34ae362d2762,3b157c0ab32a7d7259bbf3fff93d9e03d70342dea3ea84e95860d2c9f674b16b,prompts/agent-product-launches/runs/foundation-pvp_ibisworld.com_2026-05-13.json
prompts/agent-product-launches/runs/foundation-pvp_ibml.com_2026-05-13.json,2d25d9282c49cf26c0aa8e13e26fa3f46db22048,ec289e51252d67827cf294733f995509dabde4896440fb5c20a908e3a9e7d851,prompts/agent-product-launches/runs/foundation-pvp_ibml.com_2026-05-13.json
prompts/agent-product-launches/runs/foundation-pvp_icap.com_2026-05-13.json,90f943f30f8bb653f58aa55f10c540189f2562fc,ebc49b38c82537c2efaf91a366b5cd3efbef22aa81d7c7190ca8db7b0472a98c,prompts/agent-product-launches/runs/foundation-pvp_icap.com_2026-05-13.json
prompts/agent-product-launches/runs/foundation-pvp_icevonline.com_2026-05-13.json,904025e8070bdc3c7ce6dedc835831c40cdd5e02,42dda9c3103a3440f796b16702e0722915016e189978707a9469a5c38c172f20,prompts/agent-product-launches/runs/foundation-pvp_icevonline.com_2026-05-13.json
prompts/agent-product-launches/runs/foundation-pvp_iconics.com_2026-05-13.json,e8d3df9a1afa9fc0285108db0fd06affce63b034,8cf635f63c8c04df3ae394ab2060edd24ea2b62d02342f266b699653baa7278e,prompts/agent-product-launches/runs/foundation-pvp_iconics.com_2026-05-13.json
prompts/agent-product-launches/runs/foundation-pvp_icpms.com_2026-05-13.json,fac2c3bc237618c61cb5c54e02917b0a544a9284,53aa9b40563d4bb8bc2abbdc4043e1e3e78576ada0c237ae99f794b1d634913e,prompts/agent-product-launches/runs/foundation-pvp_icpms.com_2026-05-13.json
prompts/agent-product-launches/runs/foundation-pvp_idbs.com_2026-05-13.json,e58e33709cf6c09674562a076ba0f82ab89d07cc,4dde0661eb89305c60f8f2a5079111ba520fe0e78dcaa5ad7aca9a0bf2eee4a8,prompts/agent-product-launches/runs/foundation-pvp_idbs.com_2026-05-13.json
prompts/agent-product-launches/runs/foundation-pvp_identisgroup.com_2026-05-13.json,805328e6a3af4c2e47a964e6f5349e286960f85b,a3df5192f91904a2d38ff186d9987ad2d529ba76ba793698613bbd8637eb17f4,prompts/agent-product-launches/runs/foundation-pvp_identisgroup.com_2026-05-13.json
prompts/agent-product-launches/runs/foundation-pvp_idhlagency.com_2026-05-13.json,60b21ec513c6c4b5cae9c1bda5d543cfe230e36e,15bbddda3e162e514fb74eb735ac672debf96008a02d58955494cfc2d58bc8d7,prompts/agent-product-launches/runs/foundation-pvp_idhlagency.com_2026-05-13.json
prompts/agent-product-launches/runs/foundation-pvp_idoxgroup.com_2026-05-13.json,829ca6edef7d54de507d9564579b793283cf8969,0ee8d9b2f267a3fb307ecb3f47f24bfe8eebe7977eec273bc3cc08e89e5cb7f9,prompts/agent-product-launches/runs/foundation-pvp_idoxgroup.com_2026-05-13.json
prompts/agent-product-launches/runs/foundation-pvp_idoxplc.com_2026-05-13.json,8d2278ea85692fd87cda35d47ab240be22435660,2f86f92a4cb252d309106e37796888166497d97fbe840d8f30c3f31edcbd8d7e,prompts/agent-product-launches/runs/foundation-pvp_idoxplc.com_2026-05-13.json
prompts/agent-product-launches/runs/foundation-pvp_idtechnology.com_2026-05-13.json,f5657f1f1e3360973961fcb5cc8645ae0deec45e,6442721f83b4f642c0b18807e6247e79def93bd017b746aa19158b63164cbd2a,prompts/agent-product-launches/runs/foundation-pvp_idtechnology.com_2026-05-13.json
prompts/agent-product-launches/runs/foundation-pvp_ielfreight.com_2026-05-13.json,23c101c0d98de1ae05259b4bb8a088aaafaa979e,afe5c0325c075f37c3b60d699bfda788cb7d3e7fddf8eb0326c2014400f0dd78,prompts/agent-product-launches/runs/foundation-pvp_ielfreight.com_2026-05-13.json
prompts/agent-product-launches/runs/foundation-pvp_iesve.com_2026-05-13.json,60ed40fb1549a7626fbda85845cab6bfcd06ed76,fd99aa610a0bad8d5460643078717dd18fd28d69c0d41e10beb3ca06ccd2f2ee,prompts/agent-product-launches/runs/foundation-pvp_iesve.com_2026-05-13.json
prompts/agent-product-launches/runs/foundation-pvp_iflo.com_2026-05-13.json,ac9541a307d764eeba72c32c128c561951623b66,98a13c563842134226f4d47384ba5687f49fd5b62f283bc854dc0c31a0c5e16f,prompts/agent-product-launches/runs/foundation-pvp_iflo.com_2026-05-13.json
prompts/agent-product-launches/runs/foundation-pvp_ifxnetworks.com_2026-05-13.json,6358f91440f0ae636a477f4671ba6d5579545e2b,dff0f83cb5a50bcdc026597b6d46ccb56786dcea749a7e369eeead7fe9d93c01,prompts/agent-product-launches/runs/foundation-pvp_ifxnetworks.com_2026-05-13.json
prompts/agent-product-launches/runs/foundation-pvp_igtb.com_2026-05-13.json,c26d0def0b64095fab4fd40ed1b96ecfc0572600,14c1632d8339d54c057183fa11222d412d6d8e8cf4ce851a34d692a7d9d95b42,prompts/agent-product-launches/runs/foundation-pvp_igtb.com_2026-05-13.json
prompts/agent-product-launches/runs/foundation-pvp_ihealthlabs.com_2026-05-13.json,f884b4a0faa6b19b73983b2d419f3a04b718d3f3,37b70b1cb459a050aec20ce6a9cff1b6359ff2e88d304b56f8ecca1f97bc8a5e,prompts/agent-product-launches/runs/foundation-pvp_ihealthlabs.com_2026-05-13.json
prompts/agent-product-launches/runs/foundation-pvp_ilabquality.com_2026-05-13.json,0de5d5febf7fcc0d078dddc4760bb8a75bed49f7,3e2bebd6b7255cee30f662502806daf1125f6fb8084821683c2ed62c252e6b46,prompts/agent-product-launches/runs/foundation-pvp_ilabquality.com_2026-05-13.json
prompts/agent-product-launches/runs/foundation-pvp_illumifin.com_2026-05-13.json,d79a657c4852eb68478a855e03513fb35062d500,21dc2e014b6cc67c297f44e135e68cd55b3aa4be804e520da801866cdcf6e838,prompts/agent-product-launches/runs/foundation-pvp_illumifin.com_2026-05-13.json
prompts/agent-product-launches/runs/foundation-pvp_ilm.com_2026-05-13.json,260376a544dbbe23a8a7a26a83e204030c620e0e,c42e3562e2fc4dd841953f91e413cab3982de49b856b204f2f81049138e3f2c4,prompts/agent-product-launches/runs/foundation-pvp_ilm.com_2026-05-13.json
prompts/agent-product-launches/runs/foundation-pvp_ilsmart.com_2026-05-13.json,252efcfcdbcf3db40b2fee8891c1c8c9e97bfabf,5d973e7c5806a76cf5f213e1d652338ec2eef0276e0d3ad9f63c8c5ae73f6323,prompts/agent-product-launches/runs/foundation-pvp_ilsmart.com_2026-05-13.json
prompts/agent-product-launches/runs/foundation-pvp_imagineps.com_2026-05-13.json,cd12b3c556659b6d772ce661611282c247db1a4b,5950b79af8c2cd36f546052206039b03daaa4a2202272fee12ac048e6efe2264,prompts/agent-product-launches/runs/foundation-pvp_imagineps.com_2026-05-13.json
prompts/agent-product-launches/runs/foundation-pvp_imagnumhealthcare.com_2026-05-13.json,43f415cbe350b295b99f58bf7461140660824105,5c98464c3b560c9001f22b68e80eaeeb42523448dbb19dfee7db9be6b1b7a83b,prompts/agent-product-launches/runs/foundation-pvp_imagnumhealthcare.com_2026-05-13.json
prompts/agent-product-launches/runs/foundation-pvp_imcc.com_2026-05-13.json,6047712b278a843d0cd6569e850f68f12d2b05f3,75cc634a6c858092bb518877db38b0ed157d5ae2682a032ec3830de4700f4cf8,prompts/agent-product-launches/runs/foundation-pvp_imcc.com_2026-05-13.json
prompts/agent-product-launches/runs/foundation-pvp_imdcloud.net_2026-05-13.json,1d87db0b29ac9478b75571451a0923e0b9d9eee3,09e0218ce85c05953d26c4d8d73a5b6e269050dfc7ffbd25583cf87e7ab45c8e,prompts/agent-product-launches/runs/foundation-pvp_imdcloud.net_2026-05-13.json
prompts/agent-product-launches/runs/foundation-pvp_imgarena.com_2026-05-13.json,a6758bc516ff6b524e5ee82d97d0baa19137f781,bcada5b591455555d5eb48c0cd0755a5207c0b0e6395f1e6028496ab12739e41,prompts/agent-product-launches/runs/foundation-pvp_imgarena.com_2026-05-13.json
prompts/agent-product-launches/runs/foundation-pvp_immcoinc.com_2026-05-13.json,9b6a65061a6798d99bf119e6f98c443235e2ddd2,4d00523c74def5d3086c3988d3cad55e52816913328e4321617559e2835512d5,prompts/agent-product-launches/runs/foundation-pvp_immcoinc.com_2026-05-13.json
prompts/agent-product-launches/runs/foundation-pvp_impark.com_2026-05-13.json,c18094c7321bc4b288689c363aee1d180d9f9fef,b9091170416305b04cd6aa777a913bc31eb6d0cef313214b1dc84c7af6d55c94,prompts/agent-product-launches/runs/foundation-pvp_impark.com_2026-05-13.json
prompts/agent-product-launches/runs/foundation-pvp_ims.tech_2026-05-13.json,1c23f2592673e130b4df1d6f3c4377226239931d,87ac0fb51233a40792360f55bb879c4047542dbff2fa6b1d0eda127ae9804f11,prompts/agent-product-launches/runs/foundation-pvp_ims.tech_2026-05-13.json
prompts/agent-product-launches/runs/foundation-pvp_imserv.com_2026-05-13.json,42ccc5eb822c94509de36efbcec43ae3f17bf269,c0ac0d6e29317a0ad5ae525f0ddcd8521955361f76032fabc0f6848f23b036e8,prompts/agent-product-launches/runs/foundation-pvp_imserv.com_2026-05-13.json
prompts/agent-product-launches/runs/foundation-pvp_inapp.com_2026-05-13.json,e63bbaac94445bddd10a446be4d1c80cf11e1a7c,b40079591c43052ed89a6cae747b632256108379ed337164fb8ea27be592d7d1,prompts/agent-product-launches/runs/foundation-pvp_inapp.com_2026-05-13.json
prompts/agent-product-launches/runs/foundation-pvp_inatech.com_2026-05-13.json,06490bba83c3b28feb118955eed24da2cdf6a12d,9980f731524b44785de690dd20f6f802e6bad5c24b9ef267d80ea29a8df70c77,prompts/agent-product-launches/runs/foundation-pvp_inatech.com_2026-05-13.json
prompts/agent-product-launches/runs/foundation-pvp_incytediagnostics.com_2026-05-13.json,9fab0d1271cda3a17968533cbb4b161e523d6e22,6c7c5210e29f70af13c610feb8da820e84a3f49b471c497fdbfa6b393064ff07,prompts/agent-product-launches/runs/foundation-pvp_incytediagnostics.com_2026-05-13.json
prompts/agent-product-launches/runs/foundation-pvp_indecomm.com_2026-05-13.json,b14dd52c1db4f50759d8aa54f8e5977072b2f5bf,f31b76adb9749c27514911b014dcebd706d00000973547ec319971ee3267b83a,prompts/agent-product-launches/runs/foundation-pvp_indecomm.com_2026-05-13.json
prompts/agent-product-launches/runs/foundation-pvp_indeedflex.com_2026-05-13.json,8c542a870bbef54009359b48b439eed43957b3b9,7008245e0adf52b6563d230638a7aadd82bd29324198abb786c4a86b7e33584e,prompts/agent-product-launches/runs/foundation-pvp_indeedflex.com_2026-05-13.json
prompts/agent-product-launches/runs/foundation-pvp_indragroup-usa.com_2026-05-13.json,4578af6985c75f2cb90203914182bfdab56a9915,172b854e5e7dbdab52d7e8a89ff0d1646c9584cf01eaab598cd53fe4bf96d47d,prompts/agent-product-launches/runs/foundation-pvp_indragroup-usa.com_2026-05-13.json
prompts/agent-product-launches/runs/foundation-pvp_industrialinfo.com_2026-05-13.json,b807c9304121629f412fbd721739f04a40dc890b,b3a71dd420644f096999d602872cf152c7014a9e93e1c26333d9e9ff41d288c9,prompts/agent-product-launches/runs/foundation-pvp_industrialinfo.com_2026-05-13.json
prompts/agent-product-launches/runs/foundation-pvp_infobeans.com_2026-05-13.json,f4cb7138b844916419d4cef48c85d973c21cd6cd,dc7165cbd444b7aa9bedebde352edd4debab556ca0a4f0910eb0ed0c5ebb4d72,prompts/agent-product-launches/runs/foundation-pvp_infobeans.com_2026-05-13.json
prompts/agent-product-launches/runs/foundation-pvp_infocenter.io_2026-05-13.json,92ba133c470a22b64be0a42fd1d782230a23d7a2,9e5ea59692b20a237a199efd5ba0248ac186073ebe4341efdc287b0ea88ba2df,prompts/agent-product-launches/runs/foundation-pvp_infocenter.io_2026-05-13.json
prompts/agent-product-launches/runs/foundation-pvp_infomedia.com.au_2026-05-13.json,63ff90d37265fb09716e65e8cf84514295f463fd,b366d1844a0b98b6949a4062457b4a6eeed39cf79e8ae2697c97cd9930dafe96,prompts/agent-product-launches/runs/foundation-pvp_infomedia.com.au_2026-05-13.json
prompts/agent-product-launches/runs/foundation-pvp_infoobjects.com_2026-05-13.json,79881dc58ddb6c314082dc72d833d007194ff874,29a6c103592ab91889839a5baf16d67d1bdff346f6472a6be0e52ae49715e33b,prompts/agent-product-launches/runs/foundation-pvp_infoobjects.com_2026-05-13.json
prompts/agent-product-launches/runs/foundation-pvp_informatech.com_2026-05-13.json,2c5273172ffacaa28104c3aba3f88627ace31506,79bd68cee6703393a7abce1e94d0b914cf782f7dc746bf6c82c6fae96d4fea0d,prompts/agent-product-launches/runs/foundation-pvp_informatech.com_2026-05-13.json
prompts/agent-product-launches/runs/foundation-pvp_infosecinstitute.com_2026-05-13.json,3fd7dc66303e72140b969500ee371d90aaec742b,822d264482da8e81f81811b864a401521ed8de0ff63db4fcd2171b34dd5f9b11,prompts/agent-product-launches/runs/foundation-pvp_infosecinstitute.com_2026-05-13.json
prompts/agent-product-launches/runs/foundation-pvp_infosyspublicservices.com_2026-05-13.json,9d5eff0588b9d2eea84f4c7ad1d4ce123159ec22,433b057de51e70099ade298ac88d2882a2da0b95bca458b10de6d27ce6727b27,prompts/agent-product-launches/runs/foundation-pvp_infosyspublicservices.com_2026-05-13.json
prompts/agent-product-launches/runs/foundation-pvp_infotechinc.com_2026-05-13.json,11b3e3d5855dfd94ed72cd4b9fa17c6191390998,d873b1aa1cf5f003bb770ee391060068a7978b9e14cdeec017ca4ec0aeb327a1,prompts/agent-product-launches/runs/foundation-pvp_infotechinc.com_2026-05-13.json
prompts/agent-product-launches/runs/foundation-pvp_infotrack.co.uk_2026-05-13.json,b7b9c4a73d93157ea6a99a18436fe4da0b2970be,e4e0654b5764b8c255bb10bf187101641a60191f322942f68d5030d0d5434b16,prompts/agent-product-launches/runs/foundation-pvp_infotrack.co.uk_2026-05-13.json
prompts/agent-product-launches/runs/foundation-pvp_infotrack.com_2026-05-13.json,6c8834fd67af23045911bd7c68574f037b22158f,221e8f868f44990863b81791d24889e22fc4b36d35a907addbff5b623f2eb85e,prompts/agent-product-launches/runs/foundation-pvp_infotrack.com_2026-05-13.json
prompts/agent-product-launches/runs/foundation-pvp_infovision.com_2026-05-13.json,18ecf96ab2c4731750142fe076b2d21385527db4,6dc21bfbe5e3d52fc4075ba81b3a52e14e210f51e39b63e1a067023db07c2de4,prompts/agent-product-launches/runs/foundation-pvp_infovision.com_2026-05-13.json
prompts/agent-product-launches/runs/foundation-pvp_ingun.com_2026-05-13.json,bb1c26e9366cba8061f3ad6153ee09e1d9715f6c,e47efc9677e932c09eb090dcded278e0951fc5aa3cb7c721211b998cf9b80ab7,prompts/agent-product-launches/runs/foundation-pvp_ingun.com_2026-05-13.json
prompts/agent-product-launches/runs/foundation-pvp_innovatemr.com_2026-05-13.json,22b1ef900d6955ad075144305bc62bcc5b43c023,2b0d3c549032c78a5c80d28c00db7f4d1252518d59c95017174a32250c5b53b0,prompts/agent-product-launches/runs/foundation-pvp_innovatemr.com_2026-05-13.json
prompts/agent-product-launches/runs/foundation-pvp_innovation.group_2026-05-13.json,c80e9e3d3e5d075145de0217751ba3e13b342718,2da552cb1df5547f911259cc7e1a2f2e7024e2050a96944665def98ae989e86f,prompts/agent-product-launches/runs/foundation-pvp_innovation.group_2026-05-13.json
prompts/agent-product-launches/runs/foundation-pvp_innovativedriven.com_2026-05-13.json,e37a01aa5dc0b7e22b39739dbed2e6f82a7452b8,e5b25de607fdb15a9f57053f615fdd1f10b076e73f03c608dd86f34e039db00a,prompts/agent-product-launches/runs/foundation-pvp_innovativedriven.com_2026-05-13.json
prompts/agent-product-launches/runs/foundation-pvp_innovecs.com_2026-05-13.json,f9276d3aa931867c423cc52fea6df50f2da7e6d0,1c13a4cd20471f9597e1e9992e37b593ecbba54b513e24dfcbb22a4b332e2674,prompts/agent-product-launches/runs/foundation-pvp_innovecs.com_2026-05-13.json
prompts/agent-product-launches/runs/foundation-pvp_innoverdigital.com_2026-05-13.json,a4b95c6288a01bf1b30aef7b024b652b3623d1c2,fa9c10ef7c5d07c17ccb52c88a3681346a3c47ad7c1bc7791ec90af4be623fb2,prompts/agent-product-launches/runs/foundation-pvp_innoverdigital.com_2026-05-13.json
prompts/agent-product-launches/runs/foundation-pvp_inovaare.com_2026-05-13.json,74f9d6e2abf9042c1cff16e4f0025a22bdbf81b8,07bde883bfca2a13526084ce955271981c7727e7945b2c951d5f83d3773aee78,prompts/agent-product-launches/runs/foundation-pvp_inovaare.com_2026-05-13.json
prompts/agent-product-launches/runs/foundation-pvp_insights.com_2026-05-13.json,0ac3b1caf91c42aef6fa98f04310e90e28980776,c4de559efa88a2bc5159776e892dc7cfc810cc03b5aa1153681f1d9793fecfeb,prompts/agent-product-launches/runs/foundation-pvp_insights.com_2026-05-13.json
prompts/agent-product-launches/runs/foundation-pvp_insperity.com_2026-05-13.json,fb448b60ff2c1312544062c8259ecb92642775c3,8f7d56029fa9f98b68058eadc8797992fcf69d791703bed4fd4dc87941f0701b,prompts/agent-product-launches/runs/foundation-pvp_insperity.com_2026-05-13.json
prompts/agent-product-launches/runs/foundation-pvp_inspiredtesting.com_2026-05-13.json,7c576810c314ac3d81189a82018e71b47026e4e2,9b1348b07aedd932e84cecb5feff6782591ebe2f74237987b44ef5e525ed310f,prompts/agent-product-launches/runs/foundation-pvp_inspiredtesting.com_2026-05-13.json
prompts/agent-product-launches/runs/foundation-pvp_instinet.com_2026-05-13.json,6cd31ccb54144309d36eb69696ad1347c387ba77,29575e589671d51863593d41bc8971b06126cf2d950299cba8f17647f1ac9544,prompts/agent-product-launches/runs/foundation-pvp_instinet.com_2026-05-13.json
prompts/agent-product-launches/runs/foundation-pvp_insyncanalytics.com_2026-05-13.json,7118e40bb2c406e4cf88aadec95bc40b314e4d9b,f50b6157e43473c95fabd30fc5b3df81bdf349c98e81e5f450ae005f86bd6aa9,prompts/agent-product-launches/runs/foundation-pvp_insyncanalytics.com_2026-05-13.json
prompts/agent-product-launches/runs/foundation-pvp_integertel.com_2026-05-13.json,80295f08dd523263ddc34e29777e724eecdefd20,aa42a1a256c2ca30130a83b33243ccdfde94fdac6dfe8471d3cf27de43fd4b65,prompts/agent-product-launches/runs/foundation-pvp_integertel.com_2026-05-13.json
prompts/agent-product-launches/runs/foundation-pvp_integraconnect.com_2026-05-13.json,d30e3c4df56b5f3c2140385cb2607ed4dcd1fb7c,89a28f52ac52734e4a2b8511b101d32d2304675a7c59383cb9b1058800a4367c,prompts/agent-product-launches/runs/foundation-pvp_integraconnect.com_2026-05-13.json
prompts/agent-product-launches/runs/foundation-pvp_integratedmedsys.com_2026-05-13.json,7dbd86eca426e234cb791b50893dc74f40b5d51e,9848da3386103a557973be835ba4a575feb8ad204550e28192cd419c3e5d1f65,prompts/agent-product-launches/runs/foundation-pvp_integratedmedsys.com_2026-05-13.json
prompts/agent-product-launches/runs/foundation-pvp_intelcom.ca_2026-05-13.json,c014b43625ef1095aed6b0f48d76a9968ede622f,649062923ddfc28342c2165204744b812cb40a037413a009d63c68ccf92f4666,prompts/agent-product-launches/runs/foundation-pvp_intelcom.ca_2026-05-13.json
prompts/agent-product-launches/runs/foundation-pvp_intelliflo.com_2026-05-13.json,c7a27eb2be06a1990c321483419396f0f7d23081,a413904fa6777ea2fdd669044321af5174ecfc8899374138cc8d4f2af01c97e0,prompts/agent-product-launches/runs/foundation-pvp_intelliflo.com_2026-05-13.json
prompts/agent-product-launches/runs/foundation-pvp_intellinum.com_2026-05-13.json,547aabf6cecbbd8b8a34612c33c049363fdde7dd,cde5a956f646f1c370f4e960a677d53d8fd64e35c55e580fda73c07c4929cddf,prompts/agent-product-launches/runs/foundation-pvp_intellinum.com_2026-05-13.json
prompts/agent-product-launches/runs/foundation-pvp_intergraph.com_2026-05-13.json,6e78129922ce9e013c533bada3da5c6d46b7be0c,74b2a9aee2ab6c961e0ed79d273d63665536f4d2f319f6ed266416271739dda2,prompts/agent-product-launches/runs/foundation-pvp_intergraph.com_2026-05-13.json
prompts/agent-product-launches/runs/foundation-pvp_interlakemecalux.com_2026-05-13.json,a49d306f8a9f67037fbc25d9309058df5b7b7b79,ccaa6d433f916024e26e7209bd655ead493bab8e95947fd022be7c9993c3df89,prompts/agent-product-launches/runs/foundation-pvp_interlakemecalux.com_2026-05-13.json
prompts/agent-product-launches/runs/foundation-pvp_interraeda.com_2026-05-13.json,00eb4b09f4f74a7d3ff114fb2ac5f6ded9272b39,f2ec23f6ccf84ad5b6c6e9c58d29aadd1742d1528bee71752ffde1f684f2a5b8,prompts/agent-product-launches/runs/foundation-pvp_interraeda.com_2026-05-13.json
prompts/agent-product-launches/runs/foundation-pvp_interrait.com_2026-05-13.json,9c88e01f197292832907fe4852b0060cf40e2a9a,9105f4ed9d5a23dcd235b714d2abdedcbfe83afcd905e88e660f5d6e99b05db6,prompts/agent-product-launches/runs/foundation-pvp_interrait.com_2026-05-13.json
prompts/agent-product-launches/runs/foundation-pvp_intex.com_2026-05-13.json,28ec2731cd52ceef272460aeaeb37372d0e89ecf,93e7f764f8b8f713f91e3042943ee3d0c216d5d416d20c6dff9e969bb43bc8a7,prompts/agent-product-launches/runs/foundation-pvp_intex.com_2026-05-13.json
prompts/agent-product-launches/runs/foundation-pvp_intimetec.com_2026-05-13.json,db65c1d8301c5a373d714af0c0ba6dc72141545e,4304da873745e1d477c0c5f51bc36b891d99506a43c0dce0156f69a7283e731f,prompts/agent-product-launches/runs/foundation-pvp_intimetec.com_2026-05-13.json
prompts/agent-product-launches/runs/foundation-pvp_intone.com_2026-05-13.json,1b58e6b2cfed5012a0ea32b338fd7fd803e8f4d9,c0c18c48530d04a76d936cdccaa14007a6225abf2cff7fb10e3ff2e2dfad5c1c,prompts/agent-product-launches/runs/foundation-pvp_intone.com_2026-05-13.json
prompts/agent-product-launches/runs/foundation-pvp_intrado.com_2026-05-13.json,e5d95a4d4b65158a575cb671d57fc73c55e14342,36cc0528659d90e049b6bec0651043f2ccd607f008b1db37f4a6a06f0670e8b2,prompts/agent-product-launches/runs/foundation-pvp_intrado.com_2026-05-13.json
prompts/agent-product-launches/runs/foundation-pvp_intralinks.com_2026-05-13.json,672f255948b63572138fb54359a01dd489a14d23,6ffe10998e17ed665b6fd5a38a9068d08ed5db2a52254c5ff3ac64f650629754,prompts/agent-product-launches/runs/foundation-pvp_intralinks.com_2026-05-13.json
prompts/agent-product-launches/runs/foundation-pvp_intsof.com_2026-05-13.json,c68242a633d7b0d9ae2b6881cd724f921a328ffe,cf084ae3e553ee217f1f5659eb9dae3295289e78e1eef571989819149c2a4797,prompts/agent-product-launches/runs/foundation-pvp_intsof.com_2026-05-13.json
prompts/agent-product-launches/runs/foundation-pvp_investcloud.com_2026-05-13.json,d9ef718a4f08eea7dea1765447efd485995a1afa,b4a825c44de5f7ac66c1d4c6b0218fcfdea706eb8c1d7bf95c6b486dd208b695,prompts/agent-product-launches/runs/foundation-pvp_investcloud.com_2026-05-13.json
prompts/agent-product-launches/runs/foundation-pvp_ionidea.com_2026-05-13.json,62b7ed17eea9de333202df95ee824d401331adcf,d8e64bcb5a60894f452510e1208eb7330b019c78cbbf6cdf8c66d673c8901fc8,prompts/agent-product-launches/runs/foundation-pvp_ionidea.com_2026-05-13.json
prompts/agent-product-launches/runs/foundation-pvp_ionos.com_2026-05-13.json,368fb2a219925245c17eef23db11042e4dd510ee,7fb3ffef342cf61734007d4bff4c40728415823140c5c0b7b6172a9a5c1d30cd,prompts/agent-product-launches/runs/foundation-pvp_ionos.com_2026-05-13.json
prompts/agent-product-launches/runs/foundation-pvp_iontrading.com_2026-05-13.json,3671ef148188bce769ee610c65b20a412b6bf522,22d085c62c8babf3d5fe4b15a3889a03e08c09ae20fc777c306056592ce20db2,prompts/agent-product-launches/runs/foundation-pvp_iontrading.com_2026-05-13.json
prompts/agent-product-launches/runs/foundation-pvp_iopex.com_2026-05-13.json,30dff996d162d3779f02103e7a93846bfac0a172,901171d5f305af08c20de0d2dea31feb85d95b569c9f70ec4e96b9b491d064a5,prompts/agent-product-launches/runs/foundation-pvp_iopex.com_2026-05-13.json
prompts/agent-product-launches/runs/foundation-pvp_ipfs.com_2026-05-13.json,4ea0543ef39c99cab00f35a361c28c524868fc5c,88197715b54dd4631c89e2c360757fee62f1152d1bed20a057b882df689948aa,prompts/agent-product-launches/runs/foundation-pvp_ipfs.com_2026-05-13.json
prompts/agent-product-launches/runs/foundation-pvp_ir.com_2026-05-13.json,8841c4c5a739c465f30b542dfe69bc29bbf28983,a330ba83cc8b2691911488f2b98117eda9d5b0b5a1fcbb0e5a4ec273224a4839,prompts/agent-product-launches/runs/foundation-pvp_ir.com_2026-05-13.json
prompts/agent-product-launches/runs/foundation-pvp_iress.com_2026-05-13.json,fb0b67db463e94a3549512e4a36e352a8150bbb8,46155f653e44484a610800695f0e9a2f2fcdbff0ba5e36a83d90532960f6cad7,prompts/agent-product-launches/runs/foundation-pvp_iress.com_2026-05-13.json
prompts/agent-product-launches/runs/foundation-pvp_irissoftware.com_2026-05-13.json,bb037dc8f9f08ea272344c4b32bbd65539bf714d,f7e6652b7fef740b7040adfa8e2f59815331384d06be95f71e565b0a098d6c97,prompts/agent-product-launches/runs/foundation-pvp_irissoftware.com_2026-05-13.json
prompts/agent-product-launches/runs/foundation-pvp_irongalaxystudios.com_2026-05-13.json,9a3067308328d62f11421f299c123a7a6435e812,4cdad2e7e8be9a5caac809937de1d355eef913eb5aa948275895870b27d16c88,prompts/agent-product-launches/runs/foundation-pvp_irongalaxystudios.com_2026-05-13.json
prompts/agent-product-launches/runs/foundation-pvp_isc.ca_2026-05-13.json,c76df1d72d130dacb23f5e53679ed1429f659f39,7a4ab85aaa676d4a173f47ce64d06aef8d70a1056b00d9ec3642d295d1a154cb,prompts/agent-product-launches/runs/foundation-pvp_isc.ca_2026-05-13.json
prompts/agent-product-launches/runs/foundation-pvp_ishir.com_2026-05-13.json,f345251afc0fc635a74c156615b6ff5d837c94b0,67b8f1113b71b0a9208a2d3f3873d663809b19b64c3d7911de688e8981b91a8b,prompts/agent-product-launches/runs/foundation-pvp_ishir.com_2026-05-13.json
prompts/agent-product-launches/runs/foundation-pvp_isimarkets.com_2026-05-13.json,ecce3763634b8a605590e909497b5d6457af7a4a,45ac10196575121fd587dfc87e5760ea949a7494e116363a32acc0a7bbc7abf9,prompts/agent-product-launches/runs/foundation-pvp_isimarkets.com_2026-05-13.json
prompts/agent-product-launches/runs/foundation-pvp_ispringsolutions.com_2026-05-13.json,194a0cd0b23c722e09c9d677350cb9c0fef2c060,e3dd3fcaffd6024ef0d1ae4b08af177c4a17d6e7298d8201b551e5453cac2927,prompts/agent-product-launches/runs/foundation-pvp_ispringsolutions.com_2026-05-13.json
prompts/agent-product-launches/runs/foundation-pvp_isqft.com_2026-05-13.json,d5c0165f7dedaeaafe80e956819da9ed3ea4a95e,f3501752d0306abe39276413f0587a97f254f071c450cca90bcee36e8d023bc5,prompts/agent-product-launches/runs/foundation-pvp_isqft.com_2026-05-13.json
prompts/agent-product-launches/runs/foundation-pvp_iss-shipping.com_2026-05-13.json,d6813c2bb95410870bd502e14f0bacfba996a7b3,7cf48051ebf0d22de6a1f920859123257ff5f3f75eb647a6542ea03f4743d7a9,prompts/agent-product-launches/runs/foundation-pvp_iss-shipping.com_2026-05-13.json
prompts/agent-product-launches/runs/foundation-pvp_isteer.com_2026-05-13.json,397f868c27b02b81d7ce5e6cad634d1ddf0c230f,74e49396a5747fb9c0c1ee3a9c0f645026d4163b04455e67295b0ca398b22dc5,prompts/agent-product-launches/runs/foundation-pvp_isteer.com_2026-05-13.json
prompts/agent-product-launches/runs/foundation-pvp_istockphoto.com_2026-05-13.json,df39ac31fcb31c760788c87da17ac01cc6148948,6530baeff138dd58ff9a399bb3e0cf9fc95744c68dd74e34f46b85a7c34e9add,prompts/agent-product-launches/runs/foundation-pvp_istockphoto.com_2026-05-13.json
prompts/agent-product-launches/runs/foundation-pvp_it-labs.com_2026-05-13.json,38367eae554e23916fb167c7d9f7d4f1d6ed1727,e7266a767a1992d5015c74692fac5fe11928b8eb5034e3f3dc63bc74561baed5,prompts/agent-product-launches/runs/foundation-pvp_it-labs.com_2026-05-13.json
prompts/agent-product-launches/runs/foundation-pvp_it1.com_2026-05-13.json,de7fc1751066e984aa90f624bdd050f718f4ca49,30a57022ee0771c822eef91f7d03a9d810205fac8bd68a75458c3d0249c62f1b,prompts/agent-product-launches/runs/foundation-pvp_it1.com_2026-05-13.json
prompts/agent-product-launches/runs/foundation-pvp_ita-intl.com_2026-05-13.json,959d3f57bd5cbde523279e095819b566ba89ff60,4e8e97d87e900fb4cb242bbda57177a227866f390efc4c4e625c7b5968b7809b,prompts/agent-product-launches/runs/foundation-pvp_ita-intl.com_2026-05-13.json
prompts/agent-product-launches/runs/foundation-pvp_itagroup.com_2026-05-13.json,2634ab75fb775eb5c0421b315e63985f1fbf8f98,2d425b91b7cd12f03d9aed0a6348e0e7db5ef8e50ba37d9db2c4f0b38ef1d74f,prompts/agent-product-launches/runs/foundation-pvp_itagroup.com_2026-05-13.json
prompts/agent-product-launches/runs/foundation-pvp_itelinc.com_2026-05-13.json,8249b41e0e175d504ea3536e525c9f78247c6a18,52986ccc017e7013699ae34de7377aafa159c98497ea390b9e36cb2f09004d8c,prompts/agent-product-launches/runs/foundation-pvp_itelinc.com_2026-05-13.json
prompts/agent-product-launches/runs/foundation-pvp_iteris.com_2026-05-13.json,7b84bf0d00eab6e834cf16945a0c347dff9f0d94,c18c14904b2ee1f126a0126c99255b2a1f506fcf05bd6e77004f765e2c47e0c4,prompts/agent-product-launches/runs/foundation-pvp_iteris.com_2026-05-13.json
prompts/agent-product-launches/runs/foundation-pvp_iuvity.com_2026-05-13.json,724630f5ef7e5768b737340629555b76c83bb38f,d84650448f7610cdfb687f2b6b3aca8787383a5016b627ba6777dce0bbe62675,prompts/agent-product-launches/runs/foundation-pvp_iuvity.com_2026-05-13.json
prompts/agent-product-launches/runs/foundation-pvp_iyc.com_2026-05-13.json,fbc23b7fc7bb1496b9af1b8ae3788513439f4124,24dc1aee826610767d28a7237360ab76567dd496d74d901e0949e013effcf9b3,prompts/agent-product-launches/runs/foundation-pvp_iyc.com_2026-05-13.json
prompts/agent-product-launches/runs/foundation-pvp_j2interactive.com_2026-05-13.json,17ae5d1295e5391997d6e11b96596e4fab93e2ef,a3d3d189d12153052c77771233dc591ba48bd00b76d5582afbe5a1242aa2024b,prompts/agent-product-launches/runs/foundation-pvp_j2interactive.com_2026-05-13.json
prompts/agent-product-launches/runs/foundation-pvp_jacksonhealthcare.com_2026-05-13.json,2c623ade112f1757b319ca59e101abd3cc3f9474,c33571e59e02037df460d7ab26de2ae4a2ad54b6e929b030620d3ba8df410529,prompts/agent-product-launches/runs/foundation-pvp_jacksonhealthcare.com_2026-05-13.json
prompts/agent-product-launches/runs/foundation-pvp_jacksonlewis.com_2026-05-13.json,6144313303ef939ca07d27245712548ffebf7706,c2813c8620e5e6136bfeac530daed4602f9d9e2aae4a7292beda90a13e14af3a,prompts/agent-product-launches/runs/foundation-pvp_jacksonlewis.com_2026-05-13.json
prompts/agent-product-launches/runs/foundation-pvp_jafra.com_2026-05-13.json,56918572eed7a0f532e2fbb0e4006595f40d90c4,48db4f3e041f406205e81c71ea02c43c12bbda5a965f906955e44e0b7e8def0b,prompts/agent-product-launches/runs/foundation-pvp_jafra.com_2026-05-13.json
prompts/agent-product-launches/runs/foundation-pvp_janes.com_2026-05-13.json,430675955a8bf10b45340f30264cf526080942a3,41f18dc9cdffd153d59096bac9bf5c436973ba04eed0b69df47bbdd1e2b2afe1,prompts/agent-product-launches/runs/foundation-pvp_janes.com_2026-05-13.json
prompts/agent-product-launches/runs/foundation-pvp_janusresearch.com_2026-05-13.json,326546cdc8cc1d6f320d00ef0ba71d0188547562,7d73391a50a55e063df8a33845dfa11d8d9df2da2c85e623c7bdb31badeb126a,prompts/agent-product-launches/runs/foundation-pvp_janusresearch.com_2026-05-13.json
prompts/agent-product-launches/runs/foundation-pvp_jato.com_2026-05-13.json,a07a0fa93c5b2e0361dcf5f70bf02725bc15eeb7,cd6ff584496b0116c82b0234dd0df8cc3dee04dfad93ee245ec3310fd47be28b,prompts/agent-product-launches/runs/foundation-pvp_jato.com_2026-05-13.json
prompts/agent-product-launches/runs/foundation-pvp_jdpierce.co.uk_2026-05-13.json,9684c918c402ecc2fabadece1b2824f88a5a09d0,042ed72ff5b79eedadead72e0794e914129ceda80b81bffb163d177873fd5c37,prompts/agent-product-launches/runs/foundation-pvp_jdpierce.co.uk_2026-05-13.json
prompts/agent-product-launches/runs/foundation-pvp_jdpowervalues.com_2026-05-13.json,174c2fb9e6a81aa98d5eac323453fdc99a30554e,98f8334afb9e18c4c6961ec85725c641739e9ca70738c07f1835c9a6e1a344f2,prompts/agent-product-launches/runs/foundation-pvp_jdpowervalues.com_2026-05-13.json
prompts/agent-product-launches/runs/foundation-pvp_jeevantechnologies.com_2026-05-13.json,84dc2bda62df90abea78ca27c1dd8967786be9d1,2175417d331a1c121914f5cb8dccd928392fda1876c4a682d3bf2a8ce9f50d90,prompts/agent-product-launches/runs/foundation-pvp_jeevantechnologies.com_2026-05-13.json
prompts/agent-product-launches/runs/foundation-pvp_jendamark.co.za_2026-05-13.json,321671a0348ebfc717ed4fa098ca14717d88e2ad,681a434174b8ecb6f0952d60a506cd0ff237c734438a4b8f7788173464ffd498,prompts/agent-product-launches/runs/foundation-pvp_jendamark.co.za_2026-05-13.json
prompts/agent-product-launches/runs/foundation-pvp_jeppesen.com_2026-05-13.json,34901067f9b0af541998c0739759d41401f6ea1c,5d6f723fc2112fa2a2ebb318d089b57e358e3ef2f68fab12518d0bc811d725e6,prompts/agent-product-launches/runs/foundation-pvp_jeppesen.com_2026-05-13.json
prompts/agent-product-launches/runs/foundation-pvp_jjkeller.com_2026-05-13.json,0484fe59f48cc7ffb66d7bc4d03bdb87fda0b9ef,f93ba43742ba9b5b1240b0c98089cc173f6b3ce4433c3c5892e31f29bb164c0e,prompts/agent-product-launches/runs/foundation-pvp_jjkeller.com_2026-05-13.json
prompts/agent-product-launches/runs/foundation-pvp_jllt.com_2026-05-13.json,d2cb903867b09599414154999506963b0d373735,566780b00fb67e594ab97d62d9c26fb99e197cbc58ccb284f95840174e458ee6,prompts/agent-product-launches/runs/foundation-pvp_jllt.com_2026-05-13.json
prompts/agent-product-launches/runs/foundation-pvp_jmp.com_2026-05-13.json,c43f4b8f1636c68d84bfc1d455961d68b85ca12a,27eb60c2e198a5034169e3245a94bcd9065aecdc45806ee1c80721a6f7ea6f69,prompts/agent-product-launches/runs/foundation-pvp_jmp.com_2026-05-13.json
prompts/agent-product-launches/runs/foundation-pvp_joerns.com_2026-05-13.json,e73cb496b045d5a4d79337c6caa6d6fd5c808b85,c50d39c54ebe528363d7da603a808c4a90d905d0926b43dca1f5b6d37dd7dfd3,prompts/agent-product-launches/runs/foundation-pvp_joerns.com_2026-05-13.json
prompts/agent-product-launches/runs/foundation-pvp_joffreys.com_2026-05-13.json,2e0817771736e64ac98484e5ff01c4410b49c266,7d26101022c8015916b6585918e59949e5841637967e79de032474d33e53c25a,prompts/agent-product-launches/runs/foundation-pvp_joffreys.com_2026-05-13.json
prompts/agent-product-launches/runs/foundation-pvp_johnsonfinancialgroup.com_2026-05-13.json,bd25a999296f9f8840f2f1d2712ccd402fec3276,33187faab2bdc4bf42aae3d2266f845c3d07a3f56b8ec6b6394f59a5f4984e7d,prompts/agent-product-launches/runs/foundation-pvp_johnsonfinancialgroup.com_2026-05-13.json
prompts/agent-product-launches/runs/foundation-pvp_jotform.com_2026-05-13.json,29f03cba20c6e893eb52b403e23cbe86936c84e6,e2ede9ccd91ef2502444b56fb9fefa7c8b4f68b9effd6a8bf85c29d485dc2c38,prompts/agent-product-launches/runs/foundation-pvp_jotform.com_2026-05-13.json
prompts/agent-product-launches/runs/foundation-pvp_jouve.com_2026-05-13.json,ea53ff524d9a7e0756df9254a32adb0e483edbac,eaa22059702c7f063f4e54493fa6106309f5e22e1125ddc9296b291bacc5f55d,prompts/agent-product-launches/runs/foundation-pvp_jouve.com_2026-05-13.json
prompts/agent-product-launches/runs/foundation-pvp_jsitelecom.com_2026-05-13.json,05337482cd1d2eed92675dfe31ea3e1c330c7a99,697f531380e8d287602a01a33aa55cb999c5e5b4e44dcef3dc8230f79e933b72,prompts/agent-product-launches/runs/foundation-pvp_jsitelecom.com_2026-05-13.json
prompts/agent-product-launches/runs/foundation-pvp_jungleworks.com_2026-05-13.json,a69b0b7d530f3703b209d1cd5fc2b790e1223ddc,e096deb56a316ab0804e74998d126861cf75b5169d8401bc34cf3b82e076230f,prompts/agent-product-launches/runs/foundation-pvp_jungleworks.com_2026-05-13.json
prompts/agent-product-launches/runs/foundation-pvp_jwpconnatix.com_2026-05-13.json,1b63fbd354a280ce9d8d302a3de50d7d6779f964,25a5dc96a98890fa3cf2f1a487dd384a8f400c439074487a91eb01b101e5be77,prompts/agent-product-launches/runs/foundation-pvp_jwpconnatix.com_2026-05-13.json
prompts/agent-product-launches/runs/foundation-pvp_k12coalition.com_2026-05-13.json,df9f83e480b818b0f5bc5da451482104e96af9b7,f430e3404f8233abd376bd0b46600ef2e23bd36569e06ac19c02e1bc723c5dad,prompts/agent-product-launches/runs/foundation-pvp_k12coalition.com_2026-05-13.json
prompts/agent-product-launches/runs/foundation-pvp_kainos.com_2026-05-13.json,7ca85b68ca0c9ef0472ab817277004e7a2357037,f72f1886cfe0f3d789709bcadbf8274cce736c260064577ad60b0c85d4e461c8,prompts/agent-product-launches/runs/foundation-pvp_kainos.com_2026-05-13.json
prompts/agent-product-launches/runs/foundation-pvp_kaizentek.com_2026-05-13.json,faf2304bcb9ce58cba257ae716fcb5888d6efbaa,e37748aa3c94362517001a0d31c2d746985bb7c8eaba063ed80de038f6baec7f,prompts/agent-product-launches/runs/foundation-pvp_kaizentek.com_2026-05-13.json
prompts/agent-product-launches/runs/foundation-pvp_kana.com_2026-05-13.json,31657226202d72603b313ecb23c10500c3048811,fbe9ac9b9bf0655b7f9bd63f03c825f258e093ce0da0a24c6e301d323fa1e8e2,prompts/agent-product-launches/runs/foundation-pvp_kana.com_2026-05-13.json
prompts/agent-product-launches/runs/foundation-pvp_kandasoft.com_2026-05-13.json,92ade9b7d3435e74575899d231bc2acea27eff1b,766439a40bd1d26d103e7fad4660906c69a8144717a2cacc3929d3948533d088,prompts/agent-product-launches/runs/foundation-pvp_kandasoft.com_2026-05-13.json
prompts/agent-product-launches/runs/foundation-pvp_kanini.com_2026-05-13.json,b36115948209f5b9e528275e5e9b684bcd3e030e,d10c297a72153d000d4de3da58d84b6b4f7157458aa43dbc4f541999f759f731,prompts/agent-product-launches/runs/foundation-pvp_kanini.com_2026-05-13.json
prompts/agent-product-launches/runs/foundation-pvp_karsun-llc.com_2026-05-13.json,8964759f6e63274806cba8952c0dd52d90b36d01,76b6ae1bdc9c010b01a6ddb0a1dc52a0c4135f154ca908c49c5dbc21b51264b5,prompts/agent-product-launches/runs/foundation-pvp_karsun-llc.com_2026-05-13.json
prompts/agent-product-launches/runs/foundation-pvp_kasmodigital.com_2026-05-13.json,0bfd64571d5ec6d44f2f11dfe99d8610f00eaefc,09ce9e3af353dcd4f0833a6e98f619372bcf2a82bf3278d07bf6efbb370847dd,prompts/agent-product-launches/runs/foundation-pvp_kasmodigital.com_2026-05-13.json
prompts/agent-product-launches/runs/foundation-pvp_kastle.com_2026-05-13.json,5c814240354be67bec8ae89b0a5e797d3b2e2e5b,3568c4636f5a71a1081191eb0e94c93af7c867c79f7b0d97601716346603a8fc,prompts/agent-product-launches/runs/foundation-pvp_kastle.com_2026-05-13.json
prompts/agent-product-launches/runs/foundation-pvp_katalystdm.com_2026-05-13.json,c6a8ab8c67b7f638fa35c6a75c463d9c71b11d28,9986fba19267385894d3ca3811959225f07fe6370ea4da4c27b7c7b0b64b0825,prompts/agent-product-launches/runs/foundation-pvp_katalystdm.com_2026-05-13.json
prompts/agent-product-launches/runs/foundation-pvp_kawasaki.com_2026-05-13.json,d66736a6c5364533fa6cb91d2b016647af03f93c,c47a211345320cf79584a58e29ee20c5c0f17a6374f7b15a8e2c3b09693ec9c5,prompts/agent-product-launches/runs/foundation-pvp_kawasaki.com_2026-05-13.json
prompts/agent-product-launches/runs/foundation-pvp_kcftech.com_2026-05-13.json,870f6a43e815e218114374d7b277cbc9005df2f4,fc5b28961d42e04ea934237f60cec30fbda5b37ea526d457c57a98f06cc5a60f,prompts/agent-product-launches/runs/foundation-pvp_kcftech.com_2026-05-13.json
prompts/agent-product-launches/runs/foundation-pvp_keatax.com_2026-05-13.json,25cf41bd7ad4e2a371e61daec6de509b9b88f2ca,2f107de1ece1df77142de557f25dc1ac4b26f58b5a5073a449e5897287445027,prompts/agent-product-launches/runs/foundation-pvp_keatax.com_2026-05-13.json
prompts/agent-product-launches/runs/foundation-pvp_kellton.com_2026-05-13.json,122ef87fb69f9d1bb56ae193c7e4f6f70cbc5ca0,3eb3306cf79de56c41b7e05e58c9e9c0fb9b26c6bf5e953702ba5ad2336978c1,prompts/agent-product-launches/runs/foundation-pvp_kellton.com_2026-05-13.json
prompts/agent-product-launches/runs/foundation-pvp_kellybenefits.com_2026-05-13.json,9d3d6ed9903263a9c538817bf5acc4d527f16318,2f7607cc1a227d1d86a1e8ce06d13e82473b9b99567e31d369d1c8c65f07833c,prompts/agent-product-launches/runs/foundation-pvp_kellybenefits.com_2026-05-13.json
prompts/agent-product-launches/runs/foundation-pvp_kensium.com_2026-05-13.json,20cb3424c51bc040c7ca51a6ebfa14b01d00e2d0,5c8eaae3c800f64283ab442726ec160c63610d8968806cc05db1f781325cbe46,prompts/agent-product-launches/runs/foundation-pvp_kensium.com_2026-05-13.json
prompts/agent-product-launches/runs/foundation-pvp_kentico.com_2026-05-13.json,18e22a584e29bf86a5cc557b68f4b259bd9a4377,63714fa98e05af2e26c4d0abba88d1f9e84847bcdce20b5315e5287ee021a236,prompts/agent-product-launches/runs/foundation-pvp_kentico.com_2026-05-13.json
prompts/agent-product-launches/runs/foundation-pvp_kentww.com_2026-05-13.json,01437c7b322bedecb9c7207c806884f2af45ee2b,b70221b2762e66ff58989d6fea8be1de20ede47248405ed7c02419e697ba2246,prompts/agent-product-launches/runs/foundation-pvp_kentww.com_2026-05-13.json
prompts/agent-product-launches/runs/foundation-pvp_kerridgecs.com_2026-05-13.json,565aa028a871cfdd7a6594254aa9484def240f63,55416a8474c0947922a06217c8784395a5c8a44e329fff9cb64de6d1f8d50eb7,prompts/agent-product-launches/runs/foundation-pvp_kerridgecs.com_2026-05-13.json
prompts/agent-product-launches/runs/foundation-pvp_kerv.com_2026-05-13.json,22bf6a2bbede0b376a201994cf97b9d8ef030e7d,8e1b99b221cf1dea29942967361bc42f4f8c9a30fc46c758fd26921c11aed8f6,prompts/agent-product-launches/runs/foundation-pvp_kerv.com_2026-05-13.json
prompts/agent-product-launches/runs/foundation-pvp_kewire.com_2026-05-13.json,ff6fe40d58a042105c3250633adb94984e043e98,9485faa7fe5d4b35fff2bd7cf5d26b90bb4936b12aae0dacd137925add2a57dd,prompts/agent-product-launches/runs/foundation-pvp_kewire.com_2026-05-13.json
prompts/agent-product-launches/runs/foundation-pvp_keyconstruction.com_2026-05-13.json,665592824cedcaef32de9020028e4b2f60e03f9f,b7e9a3277cda2582b2795e93e96d0b211f83d38011dcb11ec9b8bad9fd0c1950,prompts/agent-product-launches/runs/foundation-pvp_keyconstruction.com_2026-05-13.json
prompts/agent-product-launches/runs/foundation-pvp_khealth.ai_2026-05-13.json,9d17042d95cdff99260f8e5e41d4608fd21f5e5a,591d52ae0193ea3226380346e7510aab4f8715d7d05cb068e3662ddfd9323d1d,prompts/agent-product-launches/runs/foundation-pvp_khealth.ai_2026-05-13.json
prompts/agent-product-launches/runs/foundation-pvp_kicthermal.com_2026-05-13.json,fd3a5b79f617bafc46215a4a66a5cf3e2bd2ea13,961751e2e29dabf8800756a10c55ed446d8e01c63574737af05675eb11a92841,prompts/agent-product-launches/runs/foundation-pvp_kicthermal.com_2026-05-13.json
prompts/agent-product-launches/runs/foundation-pvp_kinesso.com_2026-05-13.json,cad1fd208767c8f8278b1ee933f68c555a17f3e3,f0a463907f2fef6f3fb4e72fb58a87546a581db3e5211672ed85da28bc6daed6,prompts/agent-product-launches/runs/foundation-pvp_kinesso.com_2026-05-13.json
prompts/agent-product-launches/runs/foundation-pvp_kingsiii.com_2026-05-13.json,ee9e6f22b71ca65883b0cc121bc39c5ceb1614a9,851b8eec16d3b1847b27f8c8e32aab06383c752306366de4785c0d0747e8455b,prompts/agent-product-launches/runs/foundation-pvp_kingsiii.com_2026-05-13.json
prompts/agent-product-launches/runs/foundation-pvp_kingsleygate.com_2026-05-13.json,19390a07948295f5e91842790854db00c6e6296c,dcd0a1eb17faef693ae244845f5c3550ba98a008b94e85fce922a4399556b81a,prompts/agent-product-launches/runs/foundation-pvp_kingsleygate.com_2026-05-13.json
prompts/agent-product-launches/runs/foundation-pvp_kiwitech.com_2026-05-13.json,f0f13f24ed548fe937b9d5ed54d2ec51754f3dbe,79e42c7bfe6c0e31b88886908a3fac130ddf968f96119286c3b357f5d741b011,prompts/agent-product-launches/runs/foundation-pvp_kiwitech.com_2026-05-13.json
prompts/agent-product-launches/runs/foundation-pvp_klasresearch.com_2026-05-13.json,a657737aad1af71d744247d3939e2e49d10dce77,83228a2c91673dda4934e3c3586409058eb5109942d6fb5af0cbe778bbb165f1,prompts/agent-product-launches/runs/foundation-pvp_klasresearch.com_2026-05-13.json
prompts/agent-product-launches/runs/foundation-pvp_klsmartin.com_2026-05-13.json,955e483c68c7af5e527d6a66b45e19ae9eea0d29,f3a0c062f1047bcb63c4e751df2cd66e346459bc20a0717c1a5e5dbb57aa9786,prompts/agent-product-launches/runs/foundation-pvp_klsmartin.com_2026-05-13.json
prompts/agent-product-launches/runs/foundation-pvp_kmccontrols.com_2026-05-13.json,a33364914fb738a4b52e5760e2238aa20c2cf72b,ea16d8963987246e2ead1e744b150ba377f6bdeafe3d10e7675b07ce6c93c7c6,prompts/agent-product-launches/runs/foundation-pvp_kmccontrols.com_2026-05-13.json
prompts/agent-product-launches/runs/foundation-pvp_kmkconsultinginc.com_2026-05-13.json,cd76048ce08f828e2d615d797a4d29d18303fdbe,857ae96bee906145add99e82a09252fdfda89be2f75b6093a0f9871e08124799,prompts/agent-product-launches/runs/foundation-pvp_kmkconsultinginc.com_2026-05-13.json
prompts/agent-product-launches/runs/foundation-pvp_knovos.com_2026-05-13.json,dccadd1c77229e64981185bab7c58a2597232db4,7b57d3bfe4e2466a47c244f3f5dc6cdbfeda23175c1e321198b4b6d0a9d2e65e,prompts/agent-product-launches/runs/foundation-pvp_knovos.com_2026-05-13.json
prompts/agent-product-launches/runs/foundation-pvp_knowledgeservices.com_2026-05-13.json,ad704fea7751b14f4c8f0d3fce29ae452a61a55d,c61342fdec58c7d54969c48f7742f9fd0dbcd540abac264dd1015d403118f1e1,prompts/agent-product-launches/runs/foundation-pvp_knowledgeservices.com_2026-05-13.json
prompts/agent-product-launches/runs/foundation-pvp_koantek.com_2026-05-13.json,f05f4d6c9b28fcb578ed7dd462fdc778345b602f,c838945cb30ad64edd54472fca343f4963e873261e00f89a5ea37753cda06c54,prompts/agent-product-launches/runs/foundation-pvp_koantek.com_2026-05-13.json
prompts/agent-product-launches/runs/foundation-pvp_kodiakbp.com_2026-05-13.json,1c0b43eb6c04ece1a72181844fceb3bea3b6d9ea,396d8850fd0ad1ca50294a80b8607270d36eecfe7808fe59e890b69e6a78a560,prompts/agent-product-launches/runs/foundation-pvp_kodiakbp.com_2026-05-13.json
prompts/agent-product-launches/runs/foundation-pvp_koiautoparts.com_2026-05-13.json,a999a64f8bd163300ac80960e220c01faf438afe,34f288ecac50fbb2faacf1b42dbb2350b722d4f79d9604f9fe2a1ab801587252,prompts/agent-product-launches/runs/foundation-pvp_koiautoparts.com_2026-05-13.json
prompts/agent-product-launches/runs/foundation-pvp_kollmorgen.com_2026-05-13.json,65b8394813c5b1da56a038201c736aed5f20c2d6,b479e085fa28a07d5cb00d2342dc3cf468caa789e4b7475eeff40f5cd3ed3942,prompts/agent-product-launches/runs/foundation-pvp_kollmorgen.com_2026-05-13.json
prompts/agent-product-launches/runs/foundation-pvp_konamigaming.com_2026-05-13.json,e14a05cf02775834895db16e66962dab22e73a14,0607b3f0ca63c83df8231c098f17a651e75e1fa6a3b1ff9532fe0a5aafee4b27,prompts/agent-product-launches/runs/foundation-pvp_konamigaming.com_2026-05-13.json
prompts/agent-product-launches/runs/foundation-pvp_kpcorp.com_2026-05-13.json,d8f399c42f316768dc3023d69e083889d46133b7,e5e7a4a54a3092d1488f810955b930728676c7e32e60aec003fed86d50c359f8,prompts/agent-product-launches/runs/foundation-pvp_kpcorp.com_2026-05-13.json
prompts/agent-product-launches/runs/foundation-pvp_kpisolutions.com_2026-05-13.json,f9f2097c1498ff106efb97c593188fa545c2c1c9,02eec637599b852bf3af3582b2fe015ab8e847f0292ee57b48fa31874268fc54,prompts/agent-product-launches/runs/foundation-pvp_kpisolutions.com_2026-05-13.json
prompts/agent-product-launches/runs/foundation-pvp_krasdalefoods.com_2026-05-13.json,794504004109a2acce4193f727fd2859487bfaae,3f8d5f5d36fa654686fea6515e57e325f803cb523736672b084d06c93148c6ea,prompts/agent-product-launches/runs/foundation-pvp_krasdalefoods.com_2026-05-13.json
prompts/agent-product-launches/runs/foundation-pvp_kubra.com_2026-05-13.json,ddc80b752fff1b9a856e4210f1fd91dd4dbf4c4e,17ea07f651bb798b2fad085fd8e7b0cf4d96e014239aa68a7d46aee0ea6b4e80,prompts/agent-product-launches/runs/foundation-pvp_kubra.com_2026-05-13.json
prompts/agent-product-launches/runs/foundation-pvp_kubrickgroup.com_2026-05-13.json,b1644f1f96e811eaee6595bebc2dfb144f7a4995,d7b96a25070c3c0216a096e243106df0f9263c82a47779d30c882033518f15ac,prompts/agent-product-launches/runs/foundation-pvp_kubrickgroup.com_2026-05-13.json
prompts/agent-product-launches/runs/foundation-pvp_kwsandysprings.com_2026-05-13.json,23335cb61677828c090d962897cf61a4d023df5c,ab5fbc297d52d797be8a71a16425e7e69442e01cb8be850d067b25ab5e5deeab,prompts/agent-product-launches/runs/foundation-pvp_kwsandysprings.com_2026-05-13.json
prompts/agent-product-launches/runs/foundation-pvp_kynetec.com_2026-05-13.json,a7591738518beb8cc4464e47d62586a645542840,27ffd5071ea776a33590de8a777a16cef361e06837f9290b8918495a823a4331,prompts/agent-product-launches/runs/foundation-pvp_kynetec.com_2026-05-13.json
prompts/agent-product-launches/runs/foundation-pvp_kyoceradocumentsolutions.co.uk_2026-05-13.json,63b1c1bf225273edf7a8a7f16f31941d541b44b4,3173c8eaa9617e5b187c98205c916b01783513d172b27df362107ce365e0210b,prompts/agent-product-launches/runs/foundation-pvp_kyoceradocumentsolutions.co.uk_2026-05-13.json
prompts/agent-product-launches/runs/foundation-pvp_kyyba.com_2026-05-13.json,7f94fd8ba6b2d776f3941d39d56c811c818e14c3,dcce74b01bb954021617ec24fb0e203b4a79273cc40c416e8f2fb1db864420a0,prompts/agent-product-launches/runs/foundation-pvp_kyyba.com_2026-05-13.json
prompts/agent-product-launches/runs/foundation-pvp_l1.com_2026-05-13.json,436aec15f176af2022d225704928ac182c5598c9,b728e6c6693622cbe279555a0def75f23dc5445792653262adf1e5d9d56336cc,prompts/agent-product-launches/runs/foundation-pvp_l1.com_2026-05-13.json
prompts/agent-product-launches/runs/foundation-pvp_laborworks.com_2026-05-13.json,d759c701a23b687b2c40f692d87a8dde67eee315,98a2ca50b89921039d3e1c302b3d644d86c29d1d196882a023c152f5b75dab89,prompts/agent-product-launches/runs/foundation-pvp_laborworks.com_2026-05-13.json
prompts/agent-product-launches/runs/foundation-pvp_labware.com_2026-05-13.json,505e9bfdc13e42a35fbf302ce5bc3489fc0bf018,ff70046308413554d2e1e35cd2998b1c6910d8f22feb4e80a437dca0d507f601,prompts/agent-product-launches/runs/foundation-pvp_labware.com_2026-05-13.json
prompts/agent-product-launches/runs/foundation-pvp_lac-group.com_2026-05-13.json,bd9b665309e0306733918b5806feeb021f473e9a,ea44c5d4d119ec42394a2f809d46fba11c7f9239cd6d3c9d4fcf58a6a0867b37,prompts/agent-product-launches/runs/foundation-pvp_lac-group.com_2026-05-13.json
prompts/agent-product-launches/runs/foundation-pvp_lairdconnect.com_2026-05-13.json,67b663f5788688e592b793aeeac7989974c49a08,56bacd5131bf61073a508682e2d4533c0b7f6da0625440ec3b904ec38ba6e7b3,prompts/agent-product-launches/runs/foundation-pvp_lairdconnect.com_2026-05-13.json
prompts/agent-product-launches/runs/foundation-pvp_laminarprojects.com_2026-05-13.json,c8ff0a05901087cf6f978661bc5e79c0ac5d2f50,caf0af0ae3ab9b917cc9254f528acb0c0274f4c27e3487336a6e16b744a1f707,prompts/agent-product-launches/runs/foundation-pvp_laminarprojects.com_2026-05-13.json
prompts/agent-product-launches/runs/foundation-pvp_landmark.co.uk_2026-05-13.json,0514f31154498c8a1e7c875306d77a9bfbd80d32,af6bed7c284e5c5acc62acdaca7f7a4167e985fda05c5aa1db1ae01b51485e91,prompts/agent-product-launches/runs/foundation-pvp_landmark.co.uk_2026-05-13.json
prompts/agent-product-launches/runs/foundation-pvp_landsberg.com_2026-05-13.json,86bc1da40e498f209468baa008739fc77d20446f,644540787d9e4c9f70f083b301beed859dca22d8115b1199dc5e83f02bcefcfc,prompts/agent-product-launches/runs/foundation-pvp_landsberg.com_2026-05-13.json
prompts/agent-product-launches/runs/foundation-pvp_language.link_2026-05-13.json,3ac5c0716b225f5544f39003a9e8fce9945579f3,c6c18ba60ca8ff90b58330d131ae39884ccbd42b2ac32d955413caa6757266c5,prompts/agent-product-launches/runs/foundation-pvp_language.link_2026-05-13.json
prompts/agent-product-launches/runs/foundation-pvp_lannerinc.com_2026-05-13.json,aaf2041f8c6c365a75242ae4b271701638fe450e,9e2d3193297537da2203d021584ee96a359c15b308ff77b42a5a166f0dcf6a22,prompts/agent-product-launches/runs/foundation-pvp_lannerinc.com_2026-05-13.json
prompts/agent-product-launches/runs/foundation-pvp_laurentide.com_2026-05-13.json,b9b890aa24a71f1c23434ede9f5a357d9b800d05,8663d4014984038180e095bb45b2d00952267597e9c3df464c8aff79634e3516,prompts/agent-product-launches/runs/foundation-pvp_laurentide.com_2026-05-13.json
prompts/agent-product-launches/runs/foundation-pvp_law360.com_2026-05-13.json,faf0888e8754842a68d964d35a7f2a0157716a48,c9343ba530d5845a6fe0179bbd41a6999775b15fa48eaee52b336d4412d70db4,prompts/agent-product-launches/runs/foundation-pvp_law360.com_2026-05-13.json
prompts/agent-product-launches/runs/foundation-pvp_lbresearch.com_2026-05-13.json,a3f47cf3b1906d599b9a1fa6f47d1f5b9cc768d2,de22536a467d00f4a32c9db526e6eba4392d55e6008f934ae53effe024b5bf0e,prompts/agent-product-launches/runs/foundation-pvp_lbresearch.com_2026-05-13.json
prompts/agent-product-launches/runs/foundation-pvp_leadersystems.com.au_2026-05-13.json,b8f0a470b4678d8c8c857bb9d40aa866cadfad00,5d0b42fce323439ea61b42438b147f9e636f714b40bebf842988d41cea8de653,prompts/agent-product-launches/runs/foundation-pvp_leadersystems.com.au_2026-05-13.json
prompts/agent-product-launches/runs/foundation-pvp_leadforensics.com_2026-05-13.json,669d1dfabc51e1a8ddea845082dd501b5e37ed22,53f937aeca96aed29cad2481504bd7500c6045751fc6cbf8b1f5e5a3bdaf28c9,prompts/agent-product-launches/runs/foundation-pvp_leadforensics.com_2026-05-13.json
prompts/agent-product-launches/runs/foundation-pvp_leap.com.au_2026-05-13.json,ce61424c983d099529adaf63ec9aebb10f766c68,f7bdc360c949b8fb3b0da58a9d8ff5a64e0f3568da518a9e24d304f46c7b9356,prompts/agent-product-launches/runs/foundation-pvp_leap.com.au_2026-05-13.json
prompts/agent-product-launches/runs/foundation-pvp_leapfrog.com_2026-05-13.json,0777d9818ce1b9ad01e3ffebee78f3e9a9025bce,cb33c0993a746549c1ed882ff5ed4ee24a8d31c212b7c418aab950996e66bd86,prompts/agent-product-launches/runs/foundation-pvp_leapfrog.com_2026-05-13.json
prompts/agent-product-launches/runs/foundation-pvp_leaplegalsoftware.com_2026-05-13.json,f9f56c56040a9c377ced568e9111ea4be372d5d2,35716bc260184e85ebc45620c376cabaae99474a408c68f15ef482ee198796d4,prompts/agent-product-launches/runs/foundation-pvp_leaplegalsoftware.com_2026-05-13.json
prompts/agent-product-launches/runs/foundation-pvp_leaptools.com_2026-05-13.json,4ac88a8ec6028f7e01cea56e2ccfb7fab791426c,2cd69982ebf25e9c1273c5a1802d7d7d248b3526cf2ca57469ca2709a9214158,prompts/agent-product-launches/runs/foundation-pvp_leaptools.com_2026-05-13.json
prompts/agent-product-launches/runs/foundation-pvp_learnd.co.uk_2026-05-13.json,dde4725376a1a0dc49a07baa3f96f620d2025dd1,6d0bc069990f2c41574b3ce512cd0229904ebf65993b3b4b8c37588d64bad143,prompts/agent-product-launches/runs/foundation-pvp_learnd.co.uk_2026-05-13.json
prompts/agent-product-launches/runs/foundation-pvp_learnlight.com_2026-05-13.json,c114bfdd5db62d5eef75c227bbc4bbf890587779,7d5d1109af0f2d4cce0d438a99ff296c2302c575d9f8e12f61d04ec4754024df,prompts/agent-product-launches/runs/foundation-pvp_learnlight.com_2026-05-13.json
prompts/agent-product-launches/runs/foundation-pvp_legaleasesolutions.com_2026-05-13.json,bf8e1072e7bf7b403457d6ee2a19a6eaf96978b7,801fc0c6ef0939455ad2be4b9e4393d313a2a79e0c9ec4c33ebf8894de4c3d8c,prompts/agent-product-launches/runs/foundation-pvp_legaleasesolutions.com_2026-05-13.json
prompts/agent-product-launches/runs/foundation-pvp_leger360.com_2026-05-13.json,38cc30955adfe943670e0c24b7371370a7bd655d,c7d64649c3d03ef8091e7c62ccbc71f92011db63d9f20178cd6ec7ede5500e61,prompts/agent-product-launches/runs/foundation-pvp_leger360.com_2026-05-13.json
prompts/agent-product-launches/runs/foundation-pvp_legrandav.com_2026-05-13.json,25f17b9401a003680ffb778747683d4391979f0f,7ac6b921b8af2574e19242ae7a37328d8293ad32e2ce53ae4047d6effd526992,prompts/agent-product-launches/runs/foundation-pvp_legrandav.com_2026-05-13.json
prompts/agent-product-launches/runs/foundation-pvp_legumnorman.com_2026-05-13.json,253b308ef10dec09159a986f97b90a95dbf0ec32,5533e0ab45d2979a90a2a0701fcf40e8fe43e14e1272cc1f1f4cfae6dfa4a138,prompts/agent-product-launches/runs/foundation-pvp_legumnorman.com_2026-05-13.json
prompts/agent-product-launches/runs/foundation-pvp_leicabiosystems.com_2026-05-13.json,7d2c3abf2fbeeab5186d3eb012c2fc7024b3167f,68fc8463159129ed01a656326b35e7abd861c259c53d6f8aaac8aaef92cc3867,prompts/agent-product-launches/runs/foundation-pvp_leicabiosystems.com_2026-05-13.json
prompts/agent-product-launches/runs/foundation-pvp_leighton.com_2026-05-13.json,f9b3a044714b237ac907af4691f765e861157a4d,2ff1daeb38914aa04395185cb43c2322153330ee6831dc44fa15997fa34ad1ee,prompts/agent-product-launches/runs/foundation-pvp_leighton.com_2026-05-13.json
prompts/agent-product-launches/runs/foundation-pvp_lek.com_2026-05-13.json,ac7f880b245e2b423c028d820d9c949843f845fa,000f74598578c08811ee211207b35ef22861f789fdd431c2666a72faf3b552fd,prompts/agent-product-launches/runs/foundation-pvp_lek.com_2026-05-13.json
prompts/agent-product-launches/runs/foundation-pvp_lemay.com_2026-05-13.json,620e1b745c60315603d950ad64912909417c7680,3079c65ca3fc6ace1a5eb4a6e87ed61f5d0878010a4d58d17223f0a36d63f6e8,prompts/agent-product-launches/runs/foundation-pvp_lemay.com_2026-05-13.json
prompts/agent-product-launches/runs/foundation-pvp_lendscape.com_2026-05-13.json,e885f40bcb55804ea28f9c5186895e3d442158cf,912a54d6798ae4d79115329bab0b7cabc53ba87c53e0938432015806c1130659,prompts/agent-product-launches/runs/foundation-pvp_lendscape.com_2026-05-13.json
prompts/agent-product-launches/runs/foundation-pvp_leptonsoftware.com_2026-05-13.json,66b682d56fa13bc033196653a86e5bba26c8c837,a8e792cc07a9426192eee64c558fb09c3b09ae2e4619b678209097548ffc945c,prompts/agent-product-launches/runs/foundation-pvp_leptonsoftware.com_2026-05-13.json
prompts/agent-product-launches/runs/foundation-pvp_lera.us_2026-05-13.json,e2a09436a39bf6e7f5a41c4350e2c8ff2892911a,1137a9522e8d5d586dd873555e029608410c8cd8e52d17a0f6ac77909d5118d4,prompts/agent-product-launches/runs/foundation-pvp_lera.us_2026-05-13.json
prompts/agent-product-launches/runs/foundation-pvp_lereta.com_2026-05-13.json,aa31e8b50d6d9aca7d9944a41b46e76727495466,093d5a0aebc23205ff01e4f09c6055c158391a0e88f946e156bb38c442b6a559,prompts/agent-product-launches/runs/foundation-pvp_lereta.com_2026-05-13.json
prompts/agent-product-launches/runs/foundation-pvp_lertechforce.com_2026-05-13.json,0d9d73f32b32952500a0d5382d411a85b41efecc,0675326e1e6fadb93075fadfca5e7b1dcf392dfba4cd32d9cdc293ba20367156,prompts/agent-product-launches/runs/foundation-pvp_lertechforce.com_2026-05-13.json
prompts/agent-product-launches/runs/foundation-pvp_level.agency_2026-05-13.json,304355173a7074e6044840ef204f4dacff495e83,1df399fb841e849a25cdf8df41c7469353b8afcc842dbcbd52937a28f028cccf,prompts/agent-product-launches/runs/foundation-pvp_level.agency_2026-05-13.json
prompts/agent-product-launches/runs/foundation-pvp_lexialearning.com_2026-05-13.json,be568eaf260879148321edf8722e1abf77e93d46,f2365885377f758869d4ff98cf1aa6a01c20592fe194ab23a3448c025b1bbe7f,prompts/agent-product-launches/runs/foundation-pvp_lexialearning.com_2026-05-13.json
prompts/agent-product-launches/runs/foundation-pvp_lexipol.com_2026-05-13.json,6f875e6a6a1ee308cc281080b1117c2133606a81,9e078e86b573a8151274a818562cf06cba6611029a5f9cc3fc215b53cc0b944e,prompts/agent-product-launches/runs/foundation-pvp_lexipol.com_2026-05-13.json
prompts/agent-product-launches/runs/foundation-pvp_lge-ku.com_2026-05-13.json,517b4eaf4cc1299fd31e6c961b05eefc1165d6a5,b39fc3f91d011e4fb51f0c6ff46edd8869cab81f0993a1224094dbbbe937bd57,prompts/agent-product-launches/runs/foundation-pvp_lge-ku.com_2026-05-13.json
prompts/agent-product-launches/runs/foundation-pvp_lgsstaffing.com_2026-05-13.json,3e5b52b6fd0eeb24e8c8116929180fdc5b289358,ef3c3c2197cc8960d4e2bd40d4cfdee4e9b36c90a4de97345b060cd7ebff508f,prompts/agent-product-launches/runs/foundation-pvp_lgsstaffing.com_2026-05-13.json
prompts/agent-product-launches/runs/foundation-pvp_liaisonedu.com_2026-05-13.json,f293ce1d47da35e93626ce09d7b6086e31d80935,d5b776fd76b343db38ac1c4ddbbbc7df2a29b38cffd7892a23b549a9c23ea8a2,prompts/agent-product-launches/runs/foundation-pvp_liaisonedu.com_2026-05-13.json
prompts/agent-product-launches/runs/foundation-pvp_liberty-it.co.uk_2026-05-13.json,034d488173014826c562b51f429892416b36bc4f,64de3e2a49b4df5c07216e20bb3e224f8f21ff6ba7269329a816edf1b921fbdb,prompts/agent-product-launches/runs/foundation-pvp_liberty-it.co.uk_2026-05-13.json
prompts/agent-product-launches/runs/foundation-pvp_lifefitness.com_2026-05-13.json,7e2956b4b2ef2dbd0270d171223349cff97a1e07,dafc7631148856ed5dcc8be4750296dfa297b5bd5a150ba26b49494f2949f321,prompts/agent-product-launches/runs/foundation-pvp_lifefitness.com_2026-05-13.json
prompts/agent-product-launches/runs/foundation-pvp_ligentia.com_2026-05-13.json,2a91ff402b9efb618d6c4be5d30845fbcc32f9ba,dde6f44cb7a30371287b829bf680ef62d28e09e123ce0ca024da81b982b678a5,prompts/agent-product-launches/runs/foundation-pvp_ligentia.com_2026-05-13.json
prompts/agent-product-launches/runs/foundation-pvp_lightspeeddms.com_2026-05-13.json,58182ce44f00303da769b65a1f4ed4da66fa24c3,f6009ae3db977e2ee756c423e14a769349436d85b691b520d521a314c01e6e74,prompts/agent-product-launches/runs/foundation-pvp_lightspeeddms.com_2026-05-13.json
prompts/agent-product-launches/runs/foundation-pvp_lincolnlearningsolutions.org_2026-05-13.json,63ebb08ef8a136798e02e1e7878546e9375edb9e,a21d2579ad6b16bd38ed53fb628935677885738b149a4afee1d8b2f9291df128,prompts/agent-product-launches/runs/foundation-pvp_lincolnlearningsolutions.org_2026-05-13.json
prompts/agent-product-launches/runs/foundation-pvp_lindenlab.com_2026-05-13.json,ac22b8262dd1c824b1775aed159ba1eee0cdec39,70a72a0fab89f27d74e1a923b27d5ab6c884de7f37d46ce80a33d11e668a6dfb,prompts/agent-product-launches/runs/foundation-pvp_lindenlab.com_2026-05-13.json
prompts/agent-product-launches/runs/foundation-pvp_lindsay.com_2026-05-13.json,78198a6fee650e485bc906f5536ebb87b4b7111a,6b3f939fce5e840bb7b0831fcb2abc3c46796f86b7daab074b838a583be62eb2,prompts/agent-product-launches/runs/foundation-pvp_lindsay.com_2026-05-13.json
prompts/agent-product-launches/runs/foundation-pvp_lionprotects.com_2026-05-13.json,6aacd44915dde744c3160834c566923e3071c532,04f5d54b21d8079e86d015d3c6b238feb5688651694bc2c5a145216fe6aeb186,prompts/agent-product-launches/runs/foundation-pvp_lionprotects.com_2026-05-13.json
prompts/agent-product-launches/runs/foundation-pvp_liquidnet.com_2026-05-13.json,2b4ba95bfeed3a602a00ec5cce11fdf577ac8f20,fa639f25696b5082aeb07f0e6ec4f3b5fd26aad206a0596268859fce95dafbc4,prompts/agent-product-launches/runs/foundation-pvp_liquidnet.com_2026-05-13.json
prompts/agent-product-launches/runs/foundation-pvp_listrak.com_2026-05-13.json,ab52577fd481e4f368a3d689a96482f1f2f04f42,41bc07bb651444ea7c2c4ddb1fef842221148b6ecf89c75c5b1831f1ab71de49,prompts/agent-product-launches/runs/foundation-pvp_listrak.com_2026-05-13.json
prompts/agent-product-launches/runs/foundation-pvp_litslink.com_2026-05-13.json,fee5a8a0f384512ee0bb46c0680d02bd2b82456e,bef4b437283a02d4229fc9817eb6103b360f0e337fa7996e2589b093e143c7fa,prompts/agent-product-launches/runs/foundation-pvp_litslink.com_2026-05-13.json
prompts/agent-product-launches/runs/foundation-pvp_littler.com_2026-05-13.json,a336a8cce4d701b0eb35ba60580943de9665380c,fe4f97afba5497a1b71707d83251113da0b9d0f9b08b782a8aeb4a6ef653f2c1,prompts/agent-product-launches/runs/foundation-pvp_littler.com_2026-05-13.json
prompts/agent-product-launches/runs/foundation-pvp_liveadmins.com_2026-05-13.json,0b9601ec76830ca7a4ff893501feda5e5c5999a4,2311caa8276ac8e171870482984e5d51ff75ce103dc515c705ad8b2c7a6a7457,prompts/agent-product-launches/runs/foundation-pvp_liveadmins.com_2026-05-13.json
prompts/agent-product-launches/runs/foundation-pvp_liverangewater.com_2026-05-13.json,0a6513a65e977e94e54bc603a5fb8b7b17bbb18a,60c37e82ed0f99ea61b3fbd1a9c8d33f726e9c5f4036f7a9ccad445d120b193e,prompts/agent-product-launches/runs/foundation-pvp_liverangewater.com_2026-05-13.json
prompts/agent-product-launches/runs/foundation-pvp_lmdmax.com_2026-05-13.json,f7f203dc792dc55ddd481d21a1353304dbbd3d10,ff163279bbae0a8130ad70f37f56823038a5d03f77f30eb49daae3452bc42596,prompts/agent-product-launches/runs/foundation-pvp_lmdmax.com_2026-05-13.json
prompts/agent-product-launches/runs/foundation-pvp_lmg.net_2026-05-13.json,817654f71094f5f4741fc64620f54167776802e2,21d082376d7f3033e84e0d915975d17a8fafa9352201de94e80eb09081576980,prompts/agent-product-launches/runs/foundation-pvp_lmg.net_2026-05-13.json
prompts/agent-product-launches/runs/foundation-pvp_lmi3d.com_2026-05-13.json,e4919b0c5cdcd6d9ffc6e3ef4c0b54df89ac9cda,f0810575b1fa116bbd3ef6a091176f8a4034a00cad57eaa73700b99ef5298c14,prompts/agent-product-launches/runs/foundation-pvp_lmi3d.com_2026-05-13.json
prompts/agent-product-launches/runs/foundation-pvp_lnh.net_2026-05-13.json,ac72827196cb59230f9d96f90de58b6502b2567c,1be6bab99c3fd2f2454877a61f371eac074ffdee97afab67abde9ab55b541c19,prompts/agent-product-launches/runs/foundation-pvp_lnh.net_2026-05-13.json
prompts/agent-product-launches/runs/foundation-pvp_localiq.com_2026-05-13.json,810b94fb07f667f8246982352d4d76af16fc2c66,a9dd30959599a7b236fe0c04f2ec8e7709c96bce865d4d5e38d1033f433f6c24,prompts/agent-product-launches/runs/foundation-pvp_localiq.com_2026-05-13.json
prompts/agent-product-launches/runs/foundation-pvp_locktonaffinity.com_2026-05-13.json,1973c7c2be66edb0dcf1f596fba6c456e8a45a4e,f29c2c708e37510887015a8f1950e572bcaf39b824dcb6fd09b42324cba12b7a,prompts/agent-product-launches/runs/foundation-pvp_locktonaffinity.com_2026-05-13.json
prompts/agent-product-launches/runs/foundation-pvp_lollypop.design_2026-05-13.json,47fdd9ee84e4d77ff4f4c65932322f4eeff56947,304197ba8dfb4e5c6aa3938bde2b44a28606db7f28391b0f98e394b8cb80972d,prompts/agent-product-launches/runs/foundation-pvp_lollypop.design_2026-05-13.json
prompts/agent-product-launches/runs/foundation-pvp_londonhydro.com_2026-05-13.json,488de3003db3328102d9f1662e9749c38dcf9fcb,6941115ef6f65f8639f3f3b5f9ce864c1895311f82c4ecb7edd9c3b42131c4f9,prompts/agent-product-launches/runs/foundation-pvp_londonhydro.com_2026-05-13.json
prompts/agent-product-launches/runs/foundation-pvp_lovelytics.com_2026-05-13.json,d7e296b38d6cb0ed31005540ed069fe45c7c8f28,1f4a4e19d7c0ba211bfd81d5bc58a1565556422f3c056e598f7bd15dc6ac2831,prompts/agent-product-launches/runs/foundation-pvp_lovelytics.com_2026-05-13.json
prompts/agent-product-launches/runs/foundation-pvp_loyalty.com_2026-05-13.json,e9c421294c46ae50ab577c5b436e0f2460e7995d,0fe842e11bf29759f1013315a12ede09b24f7a28fa282ae8922a283070e081c0,prompts/agent-product-launches/runs/foundation-pvp_loyalty.com_2026-05-13.json
prompts/agent-product-launches/runs/foundation-pvp_lsaweb.com_2026-05-13.json,1bff8b75726271c0c867f08ce35fb115ae60118e,4c6ac09cbab3d33a73d91442e034e0092866052e66ad9b489e00460f2ef4cf1b,prompts/agent-product-launches/runs/foundation-pvp_lsaweb.com_2026-05-13.json
prompts/agent-product-launches/runs/foundation-pvp_lucethealth.com_2026-05-13.json,fda90d3afaebca23013c44f5851a32b03264d230,63193f4ddb24e23ed7eb00fc71e7a955f846a595b17cd149121986e9f58d1c69,prompts/agent-product-launches/runs/foundation-pvp_lucethealth.com_2026-05-13.json
prompts/agent-product-launches/runs/foundation-pvp_lucidhealth.com_2026-05-13.json,c6a851d8bb32b04d4da7e46bff2124f4d6c062f1,b757f9bc356b0304f0d7a3e64d25a394e165d0b8e6c200fa7eadb01841224165,prompts/agent-product-launches/runs/foundation-pvp_lucidhealth.com_2026-05-13.json
prompts/agent-product-launches/runs/foundation-pvp_lumanity.com_2026-05-13.json,3e5cf85751de8f0b09c9e8df512882e111032674,6060dea1c11950269191aa9bc266c298b5e6d4f933ea72bff95210362192a693,prompts/agent-product-launches/runs/foundation-pvp_lumanity.com_2026-05-13.json
prompts/agent-product-launches/runs/foundation-pvp_lumel.com_2026-05-13.json,31c3e620dc7708d84cfcfc3568ad1b7c7005ffa6,c61626eb62281910374e230b09103c3c67521ee4cad365f122ce8d6561af7bfe,prompts/agent-product-launches/runs/foundation-pvp_lumel.com_2026-05-13.json
prompts/agent-product-launches/runs/foundation-pvp_lumelight.com_2026-05-13.json,094a05bb49d09538fe65a4044723a71788221537,f38516276c15f966f32d72279600f32e6a46871a7086e7be924e4f99442e754a,prompts/agent-product-launches/runs/foundation-pvp_lumelight.com_2026-05-13.json
prompts/agent-product-launches/runs/foundation-pvp_lumenalta.com_2026-05-13.json,fb0f705aa0439d3516181e0c3a3f996178ae5386,5b2639cc7ef3d4d2d0a979d6a2b38b7ffa5acacc0892ce348c1bad5ef25c5b75,prompts/agent-product-launches/runs/foundation-pvp_lumenalta.com_2026-05-13.json
prompts/agent-product-launches/runs/foundation-pvp_luminator.com_2026-05-13.json,c63b3bc2e38dbdd076776e1f52adbbebc3759cfa,03bdda96e7a22bf313145effb776457dd3013f698c924c6df5c343f5c113c203,prompts/agent-product-launches/runs/foundation-pvp_luminator.com_2026-05-13.json
prompts/agent-product-launches/runs/foundation-pvp_lunainc.com_2026-05-13.json,ae0f747e3b0724d896f279732b1acc15045174a2,cbf384194f231599cfeb6061c902c46c52b04bfc56b75f95a641e3859a03eb90,prompts/agent-product-launches/runs/foundation-pvp_lunainc.com_2026-05-13.json
prompts/agent-product-launches/runs/foundation-pvp_lynden.com_2026-05-13.json,9bc5428212ab4f3eebab5ae234faf895a8d71263,b8584ec66a3c36d01e10cbaf87d96a7a399da18aee587769039be80a863037bd,prompts/agent-product-launches/runs/foundation-pvp_lynden.com_2026-05-13.json
prompts/agent-product-launches/runs/foundation-pvp_lyra.com_2026-05-13.json,a79f7aa8871a4d030c1b6b395cef58e85ef4e6a4,c2ee9d2bb500773cfcf50a4daeebec152af0244fb5bdf7d98ce28c8327096450,prompts/agent-product-launches/runs/foundation-pvp_lyra.com_2026-05-13.json
prompts/agent-product-launches/runs/foundation-pvp_m3as.com_2026-05-13.json,12c688025503311053088f5a5a9ca98f684d7644,57627dde5559f1093eced5b8508797104beaf3af09469429971ac3b81f0e9d9a,prompts/agent-product-launches/runs/foundation-pvp_m3as.com_2026-05-13.json
prompts/agent-product-launches/runs/foundation-pvp_macgregor.com_2026-05-13.json,f6d3cd3fac9822afc9b22fc46fa1224d3ce9b56e,349365a6fa37ecb45780e1113c4b35341122489160a1b02a4d4214f585f0a1a6,prompts/agent-product-launches/runs/foundation-pvp_macgregor.com_2026-05-13.json
prompts/agent-product-launches/runs/foundation-pvp_machiassavings.bank_2026-05-13.json,7de4b425f690120ca201a43d2c848d0f5404bc2c,ea95a45deb0d87e6f628113f3648410e9fb3aa2ff5dbbdfafdd9568a22fb7a97,prompts/agent-product-launches/runs/foundation-pvp_machiassavings.bank_2026-05-13.json
prompts/agent-product-launches/runs/foundation-pvp_macmillanlearning.com_2026-05-13.json,41a35002f128c1b50e4c78a7863700ecc94a7a4d,d9b16c15f355e45dc15cf3e720d6e68b4239e4d0949152a22193b18babd4d724,prompts/agent-product-launches/runs/foundation-pvp_macmillanlearning.com_2026-05-13.json
prompts/agent-product-launches/runs/foundation-pvp_macquarietelecom.com_2026-05-13.json,239f3a522efdcae2f68dcd2de65a45d584bd85fa,d53bd840c23914f32c7d5ddd7d981fa91e0539c941ed149fa9da513cdb0504f9,prompts/agent-product-launches/runs/foundation-pvp_macquarietelecom.com_2026-05-13.json
prompts/agent-product-launches/runs/foundation-pvp_maddenmedia.com_2026-05-13.json,926f4ac66801034cf7bc342c35c39f46c1481485,74bcd3e7786bec67dd82c0e63515f1cc235d10b1a3fc486e4b23759dee33eb23,prompts/agent-product-launches/runs/foundation-pvp_maddenmedia.com_2026-05-13.json
prompts/agent-product-launches/runs/foundation-pvp_madetech.com_2026-05-13.json,9351db1a466b982f9940588946453c46f37ed98b,58f23ec4674515324cf7c0f6043ee145f3c5c98eb00fec9013d0f22fa26c108b,prompts/agent-product-launches/runs/foundation-pvp_madetech.com_2026-05-13.json
prompts/agent-product-launches/runs/foundation-pvp_magicsw.com_2026-05-13.json,2148542f513ed91c615f502e42b00a08be5f08c2,a1b4173b746e14729b48046fed43a01e1306ab881fb739042b189289bf22369e,prompts/agent-product-launches/runs/foundation-pvp_magicsw.com_2026-05-13.json
prompts/agent-product-launches/runs/foundation-pvp_magnolia-river.com_2026-05-13.json,b3c53e45f31bd5bad5963a85b27891caad450184,301404505c225834723824130c9ca1c519399ff7a3e70a4b6b74f862e9b7a603,prompts/agent-product-launches/runs/foundation-pvp_magnolia-river.com_2026-05-13.json
prompts/agent-product-launches/runs/foundation-pvp_magora-systems.com_2026-05-13.json,14ba87d0d2adf29935ef7665ddb58760772c3ebc,e940535dd52b8a87d2b2f5bcfacab5319b00ffb173fd0d14b40328d51a6eb8eb,prompts/agent-product-launches/runs/foundation-pvp_magora-systems.com_2026-05-13.json
prompts/agent-product-launches/runs/foundation-pvp_mainstreethub.com_2026-05-13.json,f28c01c32de2fe5a4d632271102f4e96adbc3a17,2754ad7d8983e6c7470ff083da28a5f048f9b00d1f9588feff70927d6870e15f,prompts/agent-product-launches/runs/foundation-pvp_mainstreethub.com_2026-05-13.json
prompts/agent-product-launches/runs/foundation-pvp_majorkeytech.com_2026-05-13.json,804895e51d2dd4176bcc7a1a3c28caa897c5cede,b11321dfec217bb4a74d82bf51aef18fb90fd40247ddc15ecfaf88b1e66e8bd1,prompts/agent-product-launches/runs/foundation-pvp_majorkeytech.com_2026-05-13.json
prompts/agent-product-launches/runs/foundation-pvp_mak.com_2026-05-13.json,2ba219fa4e6a0d49a0b432452b4a93b8545d9192,69734ed9ca4bfff0078dd437a6ad0a23e71c2841924172abb5714b88bb449deb,prompts/agent-product-launches/runs/foundation-pvp_mak.com_2026-05-13.json
prompts/agent-product-launches/runs/foundation-pvp_makino.com_2026-05-13.json,a1d23cba0307cd732309f8f4621b969b05555ccc,5b2420da3499e5fda6fb23c0d9edb04517485e2cbbf618a8dbb3858ec961a2b1,prompts/agent-product-launches/runs/foundation-pvp_makino.com_2026-05-13.json
prompts/agent-product-launches/runs/foundation-pvp_manager.io_2026-05-13.json,8a85571c75253a106fea773865e6918f3603e6fd,d27f6365f4e87f44f9022d0f993367538e130d4f45797cd4f7bc2faca7857d3b,prompts/agent-product-launches/runs/foundation-pvp_manager.io_2026-05-13.json
prompts/agent-product-launches/runs/foundation-pvp_manganinc.com_2026-05-13.json,23c3859595f18da3669c53434dfdab720e54be42,7076bc528a134f1f9d8032dbce1154407b6afc70ee7cdc31d6c7f7a434582518,prompts/agent-product-launches/runs/foundation-pvp_manganinc.com_2026-05-13.json
prompts/agent-product-launches/runs/foundation-pvp_manhattanlife.com_2026-05-13.json,7d7e2d99e8d0d1564986d7f8072142055e16b286,2f3f6b3f4a57b7faa6a5313fccbe59b4095751ffba6ee592e3306d96bd8b4a1e,prompts/agent-product-launches/runs/foundation-pvp_manhattanlife.com_2026-05-13.json
prompts/agent-product-launches/runs/foundation-pvp_mansfield.energy_2026-05-13.json,23ad79342db55abbdaa3e3505070d81b7a486441,29f7aaf9ffb82f7371e45f39b7c654e2888cda6c1e47498adfe589383a08b7e1,prompts/agent-product-launches/runs/foundation-pvp_mansfield.energy_2026-05-13.json
prompts/agent-product-launches/runs/foundation-pvp_mantra.care_2026-05-13.json,a654fc378dc32a79a94010423e5776416afc7833,e34637d85ad0449eb617edd58aee6688c2ac080d2f07e04cbddc0d8a80e31a32,prompts/agent-product-launches/runs/foundation-pvp_mantra.care_2026-05-13.json
prompts/agent-product-launches/runs/foundation-pvp_maptek.com_2026-05-13.json,81991023452f137115f68395ee1f0a4e29cc06bf,bf61961f760e09f0f369dca997f9725a5032d13abca29224974070772ae6aad4,prompts/agent-product-launches/runs/foundation-pvp_maptek.com_2026-05-13.json
prompts/agent-product-launches/runs/foundation-pvp_marcone.com_2026-05-13.json,d19143d7c7c2717d5f4c7a202b626a1d7b8d937c,c7fd6ef7ba387e831d8f117ce6f5402ea89a08cfa8cc2b66552fd48f793d85b1,prompts/agent-product-launches/runs/foundation-pvp_marcone.com_2026-05-13.json
prompts/agent-product-launches/runs/foundation-pvp_marconet.com_2026-05-13.json,a757ddf644ec0c24776af4776d53c2682b7a89c7,b32cd7fa0af08bbe2079265d36534dd13a44a650afc1fca7fa54c001e3486748,prompts/agent-product-launches/runs/foundation-pvp_marconet.com_2026-05-13.json
prompts/agent-product-launches/runs/foundation-pvp_marinsoftware.com_2026-05-13.json,699ec532350369847ede37ffb817352bc215092d,7e1a59aec0ef8209d65b31f9c995abaa0413c4560f705e4e5113d16109125622,prompts/agent-product-launches/runs/foundation-pvp_marinsoftware.com_2026-05-13.json
prompts/agent-product-launches/runs/foundation-pvp_maritz.com_2026-05-13.json,7040e8bfe6d0db4c6a516054697d64d26cc08c8e,e7a04cbf8e254b912c0f9d036faba650e7dc1b214ebe0f262e42977bead2d482,prompts/agent-product-launches/runs/foundation-pvp_maritz.com_2026-05-13.json
prompts/agent-product-launches/runs/foundation-pvp_marketforce.com_2026-05-13.json,fe5364fb4c062a1bbc64365e3872c6f949efd858,6d68550508275796a0e42d372fa6da3004294156443bd565cd9e5edd9ad7556f,prompts/agent-product-launches/runs/foundation-pvp_marketforce.com_2026-05-13.json
prompts/agent-product-launches/runs/foundation-pvp_marketone.com_2026-05-13.json,0f35a1a236ebcf76d1e0cf8c381ab89bb00bfe17,9ff907827704f330024bc4d5034a5446d442eb88cf3a3cbb3130177008049c37,prompts/agent-product-launches/runs/foundation-pvp_marketone.com_2026-05-13.json
prompts/agent-product-launches/runs/foundation-pvp_marstongroup.co.uk_2026-05-13.json,5338d55a091f0195129def1d78347b53ecd96b98,ecae40f662745a1e40c46c4cfcaae6f7464fafe2c5ae63d4286a39d85f6dbcca,prompts/agent-product-launches/runs/foundation-pvp_marstongroup.co.uk_2026-05-13.json
prompts/agent-product-launches/runs/foundation-pvp_marvel.com_2026-05-13.json,51f172db52440a347b9bb7195f2524ff5a93e9f0,cc4ea9f1b44b4eb7bc21f0a7d540cc49492fef1d5573d0e2e59e54ffd09c9df2,prompts/agent-product-launches/runs/foundation-pvp_marvel.com_2026-05-13.json
prompts/agent-product-launches/runs/foundation-pvp_marzetticompany.com_2026-05-13.json,11e4e24c1df772ca725ac07a6f852be52fc5acb2,fa0ff59d12673b983e6a050554ed1a0c36f8a88ae84a49a082e47a48244409df,prompts/agent-product-launches/runs/foundation-pvp_marzetticompany.com_2026-05-13.json
prompts/agent-product-launches/runs/foundation-pvp_maspartner.com_2026-05-13.json,a979cea9ba5d93f7d28fa19dc7376bd166279b5a,0dea3a0e22424172075f6b0343d79582e86be9d6e4821a018f3d1c5cebebf411,prompts/agent-product-launches/runs/foundation-pvp_maspartner.com_2026-05-13.json
prompts/agent-product-launches/runs/foundation-pvp_massivemusic.com_2026-05-13.json,72a434497f0b9db86eeec53eff35b035d8fd08f1,a5d26dfb1ca1d1157d83a2ef70844fe83224bbd4d6e2b5093c7ed5e61ccb107c,prompts/agent-product-launches/runs/foundation-pvp_massivemusic.com_2026-05-13.json
prompts/agent-product-launches/runs/foundation-pvp_mastersecurity.us_2026-05-13.json,d2c9e22786a70397112e9e233a177d959389fdfb,70580ca7af9b593c6f8de8d181e4c26cbbbf0ed6fff3b67c0bb5c89d375060f3,prompts/agent-product-launches/runs/foundation-pvp_mastersecurity.us_2026-05-13.json
prompts/agent-product-launches/runs/foundation-pvp_mastery.net_2026-05-13.json,1ebee4b853e52a3598a08f283151d55860b6729b,3fe8fea3572312d0da530ad0f2605a2833ebe477d1d7820b90d2dabd2bf62d77,prompts/agent-product-launches/runs/foundation-pvp_mastery.net_2026-05-13.json
prompts/agent-product-launches/runs/foundation-pvp_match-trade.com_2026-05-13.json,eb6c048f892420ef92fb879f1c7f7246a82be4c2,b48589e6f3e5aa6cfe3f3810dfefc4ec6beb2d08d17ef29a88ed9ce78b74970c,prompts/agent-product-launches/runs/foundation-pvp_match-trade.com_2026-05-13.json
prompts/agent-product-launches/runs/foundation-pvp_matchps.com_2026-05-13.json,1188703ccb0113a5a8256ddc9f8d69911134cafd,5b73db8864d6ad5272cfe4344ac88876c19f3ec706e18cb31fc9a6c13c9db43e,prompts/agent-product-launches/runs/foundation-pvp_matchps.com_2026-05-13.json
prompts/agent-product-launches/runs/foundation-pvp_materialinmotion.com_2026-05-13.json,3be96faf142a02c7bdae91d9036c843864087706,02fa470192771e55cd2543bbaefef0c2bc91cb033c42ced5e60536216d8ae7a4,prompts/agent-product-launches/runs/foundation-pvp_materialinmotion.com_2026-05-13.json
prompts/agent-product-launches/runs/foundation-pvp_mation.com_2026-05-13.json,440fc898e1542f30968d40e44cde4c28fc44891a,e245c851a7d8f3ba53d68d8fecb758e870a0cd0c9fa4a6d86ea29e665b04ebcc,prompts/agent-product-launches/runs/foundation-pvp_mation.com_2026-05-13.json
prompts/agent-product-launches/runs/foundation-pvp_matrixcare.com_2026-05-13.json,af6247b6ff5437e33ae92fb6a52e88fcf416bb8b,adf1484df46ae53dcabf983b6ceb587c4ed04430f9787931930041996fecb2f6,prompts/agent-product-launches/runs/foundation-pvp_matrixcare.com_2026-05-13.json
prompts/agent-product-launches/runs/foundation-pvp_matthewsautomation.com_2026-05-13.json,63f5c9ada629d23a06a9446f4cd789dd784343c6,47bb14868af8f8d89cdf4297378d680b65ff6d9f889e262ea3a5be7c55c3d88c,prompts/agent-product-launches/runs/foundation-pvp_matthewsautomation.com_2026-05-13.json
prompts/agent-product-launches/runs/foundation-pvp_mbopartners.com_2026-05-13.json,6adf3b0ee00bcb5e689ec0aa082e17925ac51816,620a747f3356f9e02e90455ff22410410aea2b674605ca91a1f9e606c99f89fa,prompts/agent-product-launches/runs/foundation-pvp_mbopartners.com_2026-05-13.json
prompts/agent-product-launches/runs/foundation-pvp_mcg.com_2026-05-13.json,b18ca9570f500d69be5ef41cc9a50e6fc7df01dc,2d271a65a236e9e24e341ed3964409742fa940d093497daa134a21077a145086,prompts/agent-product-launches/runs/foundation-pvp_mcg.com_2026-05-13.json
prompts/agent-product-launches/runs/foundation-pvp_mcleanco.com_2026-05-13.json,f214279cce19084a5c4e4afe40a12006ceacf7b6,d141d8140a25056503d7bc5cea6897998b89fba2d34b219b6367114cd08691b1,prompts/agent-product-launches/runs/foundation-pvp_mcleanco.com_2026-05-13.json
prompts/agent-product-launches/runs/foundation-pvp_mcmachinery.com_2026-05-13.json,ab044c49f97bc518eb04d2eca2bf7c458c6d897f,68bc5056c5c5d9bd3231de97a5b552234b4253012032e5b280259f97df95a806,prompts/agent-product-launches/runs/foundation-pvp_mcmachinery.com_2026-05-13.json
prompts/agent-product-launches/runs/foundation-pvp_mcrobertstech.com_2026-05-13.json,33cedc2babf818ee4116ecae1b7135e56c727be4,d5def2a8efc4fda848f55a5b5fae9d0589514504f322bf966daaa66ec5e9d8e5,prompts/agent-product-launches/runs/foundation-pvp_mcrobertstech.com_2026-05-13.json
prompts/agent-product-launches/runs/foundation-pvp_md7.com_2026-05-13.json,5b3a19abfa6799386ca8f9cc498c3476c7c6f440,7de881e6e73bad10bc8aa391023422bd5f690d1d3ec6d44241af144caf2c9035,prompts/agent-product-launches/runs/foundation-pvp_md7.com_2026-05-13.json
prompts/agent-product-launches/runs/foundation-pvp_meandu.com_2026-05-13.json,1c55b569399928eb85b5749f8295f8c3196b4e0a,cae11b2f61fe41dc0e61d7844353a173746cd60ef11286b7cbb4622190110cb6,prompts/agent-product-launches/runs/foundation-pvp_meandu.com_2026-05-13.json
prompts/agent-product-launches/runs/foundation-pvp_medata.com_2026-05-13.json,573218af97f173d9592539bb88778664f1978042,7ad55d71356064c44efff1c67e7d3f211d2c3f6798065be78966d48cc9ad4e3f,prompts/agent-product-launches/runs/foundation-pvp_medata.com_2026-05-13.json
prompts/agent-product-launches/runs/foundation-pvp_medcaremso.com_2026-05-13.json,9aa049378f04a44c86afd442c62dca7ccc092c7b,ab6533a473e3ff8ea1cce353368febb9ebf5a74a90fdf906bba55be1244741b6,prompts/agent-product-launches/runs/foundation-pvp_medcaremso.com_2026-05-13.json
prompts/agent-product-launches/runs/foundation-pvp_medhost.com_2026-05-13.json,6c85e1275f8ac2e59649a059fabdc41cfa34d016,554b9517a9ab4efe56f41e26da56fbc9878cffbc6695409646c737da9c7b7419,prompts/agent-product-launches/runs/foundation-pvp_medhost.com_2026-05-13.json
prompts/agent-product-launches/runs/foundation-pvp_media-sense.com_2026-05-13.json,46b56e2de3d0c825f27e67c6d04b8bec1847e28f,ad622e418d8eadce729dfc4f432169784457e2b90b3b4e3aec92633f5c3c2a6b,prompts/agent-product-launches/runs/foundation-pvp_media-sense.com_2026-05-13.json
prompts/agent-product-launches/runs/foundation-pvp_mediaservices.com_2026-05-13.json,9e0040d0b64c15c76913b65a6744714733881811,e617859bd90e3104c1ce58eb55957d9912fdfdbbed20f9764ff77e88215367fd,prompts/agent-product-launches/runs/foundation-pvp_mediaservices.com_2026-05-13.json
prompts/agent-product-launches/runs/foundation-pvp_mediasourceinc.com_2026-05-13.json,9d711bd622d4ed38816806b63842276c1fa871e2,72509d42fea76547fef45d81400e95fbbb4f3ea7f21757c5673459dd03303787,prompts/agent-product-launches/runs/foundation-pvp_mediasourceinc.com_2026-05-13.json
prompts/agent-product-launches/runs/foundation-pvp_medicalserviceco.com_2026-05-13.json,e62f3ba4c60d6357a4e87d6354d7165178375456,c35f09540b805288690f9ff8a593c481b708fcbff49fd1dac9f409d32bf10b77,prompts/agent-product-launches/runs/foundation-pvp_medicalserviceco.com_2026-05-13.json
prompts/agent-product-launches/runs/foundation-pvp_medidata.com_2026-05-13.json,4f5543be6918fd24375f6b20983b680a3413f1df,ef800be590c4f65fb1c2c9a7666658c9a5a6111feabc3699bdadc7c4a814de7c,prompts/agent-product-launches/runs/foundation-pvp_medidata.com_2026-05-13.json
prompts/agent-product-launches/runs/foundation-pvp_mediscribes.com_2026-05-13.json,6fd9d773b2ac3aea045e9ac7de27d14a2609b892,96118e39c33347ba40c252cbc3a3240c877e3413a01cab32c2914cf6b9a69397,prompts/agent-product-launches/runs/foundation-pvp_mediscribes.com_2026-05-13.json
prompts/agent-product-launches/runs/foundation-pvp_medisolution.com_2026-05-13.json,de0c64909586acd95484b78a05720999b3c8fe26,59e04376716e61bb2ce355483dd8fa0a57c5272da220251fbb08f3a2645fa64f,prompts/agent-product-launches/runs/foundation-pvp_medisolution.com_2026-05-13.json
prompts/agent-product-launches/runs/foundation-pvp_meditab.com_2026-05-13.json,caf895e5c38a2bcd92a2950b20ddea8e1e33f150,feeef4005fba7dca3adab4ce750687dafbb666f8df0ffffe551e6b75804b5bbb,prompts/agent-product-launches/runs/foundation-pvp_meditab.com_2026-05-13.json
prompts/agent-product-launches/runs/foundation-pvp_medivet.co.uk_2026-05-13.json,031d0d91d81d9ec7b18fccad99b2095a13912fb9,109d424ed1ef8b62365ee6b03878720f6b97d3db47d4561332f5a7f4cd5001b6,prompts/agent-product-launches/runs/foundation-pvp_medivet.co.uk_2026-05-13.json
prompts/agent-product-launches/runs/foundation-pvp_medixteam.com_2026-05-13.json,f17c5b1488f6665055902d593ec5ee4b932de1dd,549248b24bbb87b6180d4ccf51b89cdacab3f0ac94536243441dfeab7b36fa28,prompts/agent-product-launches/runs/foundation-pvp_medixteam.com_2026-05-13.json
prompts/agent-product-launches/runs/foundation-pvp_medscape.com_2026-05-13.json,d1810d15c35384838c5662e1ffefcae3432e4a42,a4a4b7996377d5a16e2e5af87889984fed0a437c51dfda2eb5f4090b6f8c04df,prompts/agent-product-launches/runs/foundation-pvp_medscape.com_2026-05-13.json
prompts/agent-product-launches/runs/foundation-pvp_meetdomaine.com_2026-05-13.json,61d47331202e5ef17805107a045e0bbace9b8ed0,c81cce5401bf3046acd4621be21625edaa1aeb96393dce82b6567d0e46d49ff3,prompts/agent-product-launches/runs/foundation-pvp_meetdomaine.com_2026-05-13.json
prompts/agent-product-launches/runs/foundation-pvp_megacorplogistics.com_2026-05-13.json,a4c73f6c36c7d063fa4d1e3a717594e4c83bb6cc,bc4df18c31de19ea1a650e19cfb6e53ad5ecf05355c2f435e3f2355315d6dfb0,prompts/agent-product-launches/runs/foundation-pvp_megacorplogistics.com_2026-05-13.json
prompts/agent-product-launches/runs/foundation-pvp_melissa.com_2026-05-13.json,9b0f4ff2fa5f63388142913c214c8195629e19dc,60fdc48e51bc13ba518bbecb41d83c030b3db17896b1d753ae3bde2d35155cd1,prompts/agent-product-launches/runs/foundation-pvp_melissa.com_2026-05-13.json
prompts/agent-product-launches/runs/foundation-pvp_menzies.co.uk_2026-05-13.json,e16e87fc3504ca0bee44b8652f1ea617e7911891,1bb8f862a2e64bf705f1b8e7b627051b080cbba1dc5abd90784806b374b2d73f,prompts/agent-product-launches/runs/foundation-pvp_menzies.co.uk_2026-05-13.json
prompts/agent-product-launches/runs/foundation-pvp_mercalis.com_2026-05-13.json,80ebd1592ffead7280bdb04780d617a6e73feb86,abc1bd68ec8464f8ba306aa103b0b7e08c78248375c717d847b4635a10e2574c,prompts/agent-product-launches/runs/foundation-pvp_mercalis.com_2026-05-13.json
prompts/agent-product-launches/runs/foundation-pvp_mercurialminds.com_2026-05-13.json,4dea12d0137e7bfc4debdd0503871381fce727b2,d81e8e472c86442058c3e8623b996df106238f5cb5f25fbe3841ed6c775272e5,prompts/agent-product-launches/runs/foundation-pvp_mercurialminds.com_2026-05-13.json
prompts/agent-product-launches/runs/foundation-pvp_meridian.coop_2026-05-13.json,ad8fcb66ad71e3d837530730a930759cb43f9327,a66c4d31b53592d50ca7759ea5a23c08a606b6adefd8f6e96ff536861b4648bd,prompts/agent-product-launches/runs/foundation-pvp_meridian.coop_2026-05-13.json
prompts/agent-product-launches/runs/foundation-pvp_meriwest.com_2026-05-13.json,26959dda6dc01f415196c8a1a8bc85aa9ac15f70,0dd446d5a03fc610143f668bc27439a5184329f9c72b3ed51ccdec8f2e540d2a,prompts/agent-product-launches/runs/foundation-pvp_meriwest.com_2026-05-13.json
prompts/agent-product-launches/runs/foundation-pvp_merrithew.com_2026-05-13.json,9aaa4964b35e7f64c78f4baa0fa9af17a7dd5149,c3addb0b3de5a8c6c5dfd24623c12ca4e19e2ac4afd59659b1fd05224b29c608,prompts/agent-product-launches/runs/foundation-pvp_merrithew.com_2026-05-13.json
prompts/agent-product-launches/runs/foundation-pvp_messolutions.com_2026-05-13.json,3bd14abe947ea4178e83e1cc3064e8a160eb4eb3,e6a176d87422cb1ac965710f2c2708b05e02dc77f3d11fd71f7802e48fab75ad,prompts/agent-product-launches/runs/foundation-pvp_messolutions.com_2026-05-13.json
prompts/agent-product-launches/runs/foundation-pvp_metasource.com_2026-05-13.json,fc2b1a06c28defeadceccd3169dc91dd78cb86db,a6909ec89400bb4902935c1a9b0ed6dfadac8e1bacb181a5a2d6235bc3dc6831,prompts/agent-product-launches/runs/foundation-pvp_metasource.com_2026-05-13.json
prompts/agent-product-launches/runs/foundation-pvp_metasysinc.com_2026-05-13.json,435ec3e01e95740e637898045c89040e2047419a,ac5a87940844c74b2e8e7223eecfcaccad80918ecde7fc6644ca0f1bb34b565e,prompts/agent-product-launches/runs/foundation-pvp_metasysinc.com_2026-05-13.json
prompts/agent-product-launches/runs/foundation-pvp_metatrader4.com_2026-05-13.json,406fc3ba7e133cd8a878f2b3a2a2100744f2a220,275f284e6a4ae38a711318b6dedc7bd22bef1d74e66e0bba872cd32334136749,prompts/agent-product-launches/runs/foundation-pvp_metatrader4.com_2026-05-13.json
prompts/agent-product-launches/runs/foundation-pvp_method-hub.com_2026-05-13.json,b6429a98c4048259925358b35e639391e8a21f38,3368596df332406932b1cca6f1fe72789fe8aca3c675164aca42d3bc93c5a862,prompts/agent-product-launches/runs/foundation-pvp_method-hub.com_2026-05-13.json
prompts/agent-product-launches/runs/foundation-pvp_method.com_2026-05-13.json,4b9afc80477987c69c7988bff848eeee90d3650f,80901ac6dbe7dfde25ebbe92ceebcd634267f7dfdf4c004d2a91c729a6375ffc,prompts/agent-product-launches/runs/foundation-pvp_method.com_2026-05-13.json
prompts/agent-product-launches/runs/foundation-pvp_metrea.aero_2026-05-13.json,dc07c3e13cc939db7d452b0407ae3ed294a23d7d,a1d8b41df6eb429315ac7d699d9327d69f7f8696ee5b04df397d2aedec5f8c96,prompts/agent-product-launches/runs/foundation-pvp_metrea.aero_2026-05-13.json
prompts/agent-product-launches/runs/foundation-pvp_metrixit.com_2026-05-13.json,0c9387445145c687a6a98d8288c825014a6b60dc,44cbe1921c4dafd10f181895ff204020caf8e9a2a7876cf83c770a65d97e14ed,prompts/agent-product-launches/runs/foundation-pvp_metrixit.com_2026-05-13.json
prompts/agent-product-launches/runs/foundation-pvp_metroaviation.com_2026-05-13.json,30022759dfa296e9f538e967990a24382a4d1870,40384bcd8d16916a0dea2a21d6f7dc78351d2ac9c76608d0005ba95082c6dd00,prompts/agent-product-launches/runs/foundation-pvp_metroaviation.com_2026-05-13.json
prompts/agent-product-launches/runs/foundation-pvp_metroservices.com_2026-05-13.json,59bb7a6d5300a674dab74760df1650d4accd3d0c,65c3a219a6e5c0d605dbb3d45a6dec190d89dd2d234dc52611ffc12d24425d94,prompts/agent-product-launches/runs/foundation-pvp_metroservices.com_2026-05-13.json
prompts/agent-product-launches/runs/foundation-pvp_meyersound.com_2026-05-13.json,1cf7722fdb9a767298174eb20272181eda15c5f5,fb72f213e841869fcd7dc04957bcff1e54468ea11dec5f2aa25525b831697ab0,prompts/agent-product-launches/runs/foundation-pvp_meyersound.com_2026-05-13.json
prompts/agent-product-launches/runs/foundation-pvp_mgic.com_2026-05-13.json,83e3ce3651e0da373a511bdad6e20a25544fbe72,8be65503c28aadff1889eeaffb6208097ec6a177004e9863ad814011ca02c0d3,prompts/agent-product-launches/runs/foundation-pvp_mgic.com_2026-05-13.json
prompts/agent-product-launches/runs/foundation-pvp_mgid.com_2026-05-13.json,8edd937a8ba74ee2af47cab169b64912ff793b0b,86ac294b2a0a68c9768fad56f3e6f88f658d3913e86b7dc278d451aaa580dd12,prompts/agent-product-launches/runs/foundation-pvp_mgid.com_2026-05-13.json
prompts/agent-product-launches/runs/foundation-pvp_mhainc.com_2026-05-13.json,a70a362a32f3dde88c4487d2cf291d771e1d26aa,690b51a8564f74a6e98fae28094ea60be839b1ae96c521e4d5f294339225c76e,prompts/agent-product-launches/runs/foundation-pvp_mhainc.com_2026-05-13.json
prompts/agent-product-launches/runs/foundation-pvp_mhrglobal.com_2026-05-13.json,1666bf4129672c4b1aa5e9cc10dacf37fafb77dc,8346826cdcc08d359f22ef4b53b51d27cc7a8c2c8995eb1f1b2665510407e113,prompts/agent-product-launches/runs/foundation-pvp_mhrglobal.com_2026-05-13.json
prompts/agent-product-launches/runs/foundation-pvp_mibgroup.com_2026-05-13.json,6da79045c94e7a60cffd1e737a68f6e00b3ba18c,f37ddba53fbe514114c9ade7139fe82e6b2fe41d0d06f2a448b2d6c673dc5dc9,prompts/agent-product-launches/runs/foundation-pvp_mibgroup.com_2026-05-13.json
prompts/agent-product-launches/runs/foundation-pvp_mic-cust.com_2026-05-13.json,1d7efdaab4ba2eae5b0c2dd7ead0c00304cb7b57,b4caaaa230eab3ef850a10a33bb175d28ce39076438946b85f0485504c2890c8,prompts/agent-product-launches/runs/foundation-pvp_mic-cust.com_2026-05-13.json
prompts/agent-product-launches/runs/foundation-pvp_microage.com_2026-05-13.json,2aa66d356d04b1f6d999aab57daa5583896013b3,21d7b8c167d7712f3efc310af0ee185e522fd11cc163640be79b7820fb6b32d9,prompts/agent-product-launches/runs/foundation-pvp_microage.com_2026-05-13.json
prompts/agent-product-launches/runs/foundation-pvp_microchannel.com.au_2026-05-13.json,7cb3296e4c0b9897a56d340cc116361d345138ca,7a0e8951f50a11fa1c689a8c7c17813252ec829413968f377ccc49942bdfb24c,prompts/agent-product-launches/runs/foundation-pvp_microchannel.com.au_2026-05-13.json
prompts/agent-product-launches/runs/foundation-pvp_microengineering.ca_2026-05-13.json,e05a893fba3c2719d42cddf85366e2a237b49d12,0f9ac588e082726b2aa38074ebe05baf2e4d997f3cff19b23a57007de4b8309c,prompts/agent-product-launches/runs/foundation-pvp_microengineering.ca_2026-05-13.json
prompts/agent-product-launches/runs/foundation-pvp_micrologic.ca_2026-05-13.json,f122c94e4322910b145e5e18745ccd23f6748f05,e7a2bdc6ad0b3ace17c2a00339267f4f25bdbf625babe75132a5c9f32a7d86cb,prompts/agent-product-launches/runs/foundation-pvp_micrologic.ca_2026-05-13.json
prompts/agent-product-launches/runs/foundation-pvp_micromine.com_2026-05-13.json,8e16eb1a3a3df8e42251a5503b37ae3c88cb2abd,77bb3f8015c095e4825557eb55a9f6e8ef0b66068056f042bc775a6eda3508f2,prompts/agent-product-launches/runs/foundation-pvp_micromine.com_2026-05-13.json
prompts/agent-product-launches/runs/foundation-pvp_microserve.ca_2026-05-13.json,71b7fc0f50de4aa4f684b8a4dfb920c5d5c76346,e7da86773edc4b9b92ee1cca947539af5d55fcbb389e0e0b492a68de372dc33e,prompts/agent-product-launches/runs/foundation-pvp_microserve.ca_2026-05-13.json
prompts/agent-product-launches/runs/foundation-pvp_midmark.com_2026-05-13.json,bc177d504dbff923c18e7f033c24f89e8aa183a2,56e8bc6e22c778c70fbf9830667a3cb8539bbeedbb12d56910ea4f3c66754b4c,prompts/agent-product-launches/runs/foundation-pvp_midmark.com_2026-05-13.json
prompts/agent-product-launches/runs/foundation-pvp_midrex.com_2026-05-13.json,acf2c74b4fbe038a4e75154442f6c9f75136ec70,8ae77a44ef0c76c06352ac71a6e6c80032cc31d0ef34d6d5b8979478b5071f7a,prompts/agent-product-launches/runs/foundation-pvp_midrex.com_2026-05-13.json
prompts/agent-product-launches/runs/foundation-pvp_mightyautoparts.com_2026-05-13.json,07fb7602820d2af3f5ef53b90cf4375919057533,d151cff040ef066e07c029b38d5e065851fe51e0f0dd745b736b880ad3860568,prompts/agent-product-launches/runs/foundation-pvp_mightyautoparts.com_2026-05-13.json
prompts/agent-product-launches/runs/foundation-pvp_mii.com_2026-05-13.json,339d4eb9f87c5a4c7edce0ec62320f5360808ef6,edd8301a6656454cbda8060f692639d0ec56b17d30e99c2c35291c39cd0f7b17,prompts/agent-product-launches/runs/foundation-pvp_mii.com_2026-05-13.json
prompts/agent-product-launches/runs/foundation-pvp_mikealbert.com_2026-05-13.json,2658175c77e3bd7c59a03e3fa72704470275b4f9,3f45f8195b269185e049fbc0ec676cb4a10593b1d9cd600f9e6bc66c391716b5,prompts/agent-product-launches/runs/foundation-pvp_mikealbert.com_2026-05-13.json
prompts/agent-product-launches/runs/foundation-pvp_milestone.tech_2026-05-13.json,c8b88431bfc64e438d3cef41eba1c919559b5db2,4482852f9ec2eaa8f19514de4cb3d4b0805afbc204901261ffe589de7ebf4cdb,prompts/agent-product-launches/runs/foundation-pvp_milestone.tech_2026-05-13.json
prompts/agent-product-launches/runs/foundation-pvp_minicircuits.com_2026-05-13.json,d8c5544ee4a8a6878321cfe718f1a57f9aac0a87,8e1be0410a1328e047f9b5f8e83b2b668c426481195fc9d109d18882ca372963,prompts/agent-product-launches/runs/foundation-pvp_minicircuits.com_2026-05-13.json
prompts/agent-product-launches/runs/foundation-pvp_miniorange.com_2026-05-13.json,9999b51a716db0048206026e29ea92ffc93699dd,3b1d359e93aba3c5cd0bb4333326052c46acdaf2fcc6e05e754d48b983d59668,prompts/agent-product-launches/runs/foundation-pvp_miniorange.com_2026-05-13.json
prompts/agent-product-launches/runs/foundation-pvp_minterellison.com_2026-05-13.json,c69654287a0f452253e8443e78c3996829b83dea,0d58f03d924f61a9390e019d225ae673a1c09cd9265eda4e8f6c944384545e67,prompts/agent-product-launches/runs/foundation-pvp_minterellison.com_2026-05-13.json
prompts/agent-product-launches/runs/foundation-pvp_mintgroup.net_2026-05-13.json,9e086e01b6e54fc12e9b80603a837874479e9e19,41adeca31d92cf9831e88760ef94f6d9e2159de7b799806e9074eca026ae79cb,prompts/agent-product-launches/runs/foundation-pvp_mintgroup.net_2026-05-13.json
prompts/agent-product-launches/runs/foundation-pvp_minutemanst.com_2026-05-13.json,019953298f481526f4d4735d3d007a48b62a1a96,0ff8ed8a8590c4380e56ec0397a4e4d8042ce80bd2d410f6a43f104c6b685fa6,prompts/agent-product-launches/runs/foundation-pvp_minutemanst.com_2026-05-13.json
prompts/agent-product-launches/runs/foundation-pvp_mips.com_2026-05-13.json,5a79d00ed2ab142b4f5d05ea5284865c49880f8f,fbcff54c9da0b9d19e64998a5f7c5c8085ebe380c24f09809b78d2a6837335d3,prompts/agent-product-launches/runs/foundation-pvp_mips.com_2026-05-13.json
prompts/agent-product-launches/runs/foundation-pvp_miraclon.com_2026-05-13.json,b5a3076758d69aa6073f9f94ccf72fb567609f0e,3c93ecc942a494ad8035170c179f065ee147e5f078935c2fee76ec13c5fe149e,prompts/agent-product-launches/runs/foundation-pvp_miraclon.com_2026-05-13.json
prompts/agent-product-launches/runs/foundation-pvp_miromagroup.com_2026-05-13.json,1c68b14027501e16af0cd5627253940ffde0140d,68325e84b0434a9d7eaf4b002d7efb9a83713a861d8c6846a1e3ff155f6fa8f7,prompts/agent-product-launches/runs/foundation-pvp_miromagroup.com_2026-05-13.json
prompts/agent-product-launches/runs/foundation-pvp_mishainfotech.com_2026-05-13.json,2b8ea554835bb36e0080985ceaf715321f39b3ca,30253a745fcdca49dc48ab1b7ff72b4331fc08bc0ed103b51f402aee9856de50,prompts/agent-product-launches/runs/foundation-pvp_mishainfotech.com_2026-05-13.json
prompts/agent-product-launches/runs/foundation-pvp_missionlinen.com_2026-05-13.json,6567cecad241ff3a81409aed2066962abe1def8e,c6224a03b2951693927815a75ff22e931f2934fd96adf489e73e8f84fecf9403,prompts/agent-product-launches/runs/foundation-pvp_missionlinen.com_2026-05-13.json
prompts/agent-product-launches/runs/foundation-pvp_mitutoyo.com_2026-05-13.json,bd597cb38b941cf82739ea226440542db894e530,cd2726658053bbba188624e3f31b5d2e5284d1c2e3c7e14e4d073a995cdc665f,prompts/agent-product-launches/runs/foundation-pvp_mitutoyo.com_2026-05-13.json
prompts/agent-product-launches/runs/foundation-pvp_mma.com_2026-05-13.json,9229459ae2c77bf96806b34657e81458c55b934b,68d0b154b685b09df2e837de65386163c23cbcf246461dee92b43363bb6f3c8b,prompts/agent-product-launches/runs/foundation-pvp_mma.com_2026-05-13.json
prompts/agent-product-launches/runs/foundation-pvp_mmaglobal.com_2026-05-13.json,ab3c313f3137d401069c9009778a0cae7fa0c7b4,67ebe3173b2a051daf1b03ddf788accf520d545ab55fa60968412fc3dafa2896,prompts/agent-product-launches/runs/foundation-pvp_mmaglobal.com_2026-05-13.json
prompts/agent-product-launches/runs/foundation-pvp_mmitnetwork.com_2026-05-13.json,252daa6fca0291d7a22fa367904cbbd7c6392c06,421c61d4ae207b0a6026daf36374f256c8feef2569f388948e406307ddebf825,prompts/agent-product-launches/runs/foundation-pvp_mmitnetwork.com_2026-05-13.json
prompts/agent-product-launches/runs/foundation-pvp_mnx.com_2026-05-13.json,93d041bc6790c89dedc4450277cc73d5d147bdb2,0e97b0fcb06b45dd80bbc2f1dd8379825accf2cf79be703ce842b5dd756e3750,prompts/agent-product-launches/runs/foundation-pvp_mnx.com_2026-05-13.json
prompts/agent-product-launches/runs/foundation-pvp_mobileprogramming.com_2026-05-13.json,82f1ea3ca5cc8f2bab487489308538a7907ded56,cb3e325b7f10e515483ce852579eb360717bac9a6e5ff5d47a210b0592a4dcaf,prompts/agent-product-launches/runs/foundation-pvp_mobileprogramming.com_2026-05-13.json
prompts/agent-product-launches/runs/foundation-pvp_mobisoftinfotech.com_2026-05-13.json,a2450a506b7371b6f3cad7d348996d3f3faa91c1,30a7399350fbd25504252c3648ff935d039fd161b03122208dd7e059d5174f94,prompts/agent-product-launches/runs/foundation-pvp_mobisoftinfotech.com_2026-05-13.json
prompts/agent-product-launches/runs/foundation-pvp_modularmining.com_2026-05-13.json,9af846a8c5365bebbf5f6b5d443cd7dff2add30b,14994d9c1c47f41314d377ad3f88c2d92b2116b0cb5bdf719ee9ca949489b15c,prompts/agent-product-launches/runs/foundation-pvp_modularmining.com_2026-05-13.json
prompts/agent-product-launches/runs/foundation-pvp_moduslink.com_2026-05-13.json,49831606438c55363298cf2e8d86f15195916ff8,8fa071bed3233a53725e7815bf1fb891597be1fc755317b9478add28a0ac4ec0,prompts/agent-product-launches/runs/foundation-pvp_moduslink.com_2026-05-13.json
prompts/agent-product-launches/runs/foundation-pvp_mondo.com.au_2026-05-13.json,8894ec1fe708c79f5d764c725daed94521251993,1363529cc9cc8b105cb706fdd574bdfd697531017f443a8432b04e3bedc8375f,prompts/agent-product-launches/runs/foundation-pvp_mondo.com.au_2026-05-13.json
prompts/agent-product-launches/runs/foundation-pvp_moneycorp.com_2026-05-13.json,6e703a71a77a7e6aadc847df8a32d19fd9686845,b6f8932e899b1a0f00f7515ecbfa2701f63484d1d127762adfc1ca2e520b20bc,prompts/agent-product-launches/runs/foundation-pvp_moneycorp.com_2026-05-13.json
prompts/agent-product-launches/runs/foundation-pvp_montymobile.com_2026-05-13.json,3313c32eae11dfe097054629eece4fc0039d420e,105af4bb792b148bc432a209282dead5f33b8620df54b35f99a2053404672ac1,prompts/agent-product-launches/runs/foundation-pvp_montymobile.com_2026-05-13.json
prompts/agent-product-launches/runs/foundation-pvp_moodmedia.com_2026-05-13.json,bc0f47daf71dfa8a9b71861c0b4c4bd6c4602bec,ad03a1fb7c5f56cf2b29bba80714bff6f3149faf72f88e69651c0a95c1725ef6,prompts/agent-product-launches/runs/foundation-pvp_moodmedia.com_2026-05-13.json
prompts/agent-product-launches/runs/foundation-pvp_moontechnolabs.com_2026-05-13.json,3bacfe5c9d8cfcc4004d62970423fc3d33ec9915,7b75cdb2ae45785139d3ca6d4d1068f2423016a222d9e76cecab21c5dd660161,prompts/agent-product-launches/runs/foundation-pvp_moontechnolabs.com_2026-05-13.json
prompts/agent-product-launches/runs/foundation-pvp_moorepay.co.uk_2026-05-13.json,7f8760ee2d96992c96eda17688c58ec29564766b,8687a54f0a0eff420dc2cb279c02c6e8ed190efdbfce5e488489b1b7b83bb438,prompts/agent-product-launches/runs/foundation-pvp_moorepay.co.uk_2026-05-13.json
prompts/agent-product-launches/runs/foundation-pvp_mortgagecadence.com_2026-05-13.json,d9b53d50fa0649652d7a094ff4e1c3075e67e64d,52f6ff7cb3ef0dafec3e5fc3831cdd580bf30d99000e3d1892a01ee5952c5d75,prompts/agent-product-launches/runs/foundation-pvp_mortgagecadence.com_2026-05-13.json
prompts/agent-product-launches/runs/foundation-pvp_mortgageconnectlp.com_2026-05-13.json,71e9b1d3d00047d4d277ca6b4b69d4b0dc4174ad,51087f042ccf58c1db8e2fba54f7be1de7892a172e2f9e388fb36b499bea2c4e,prompts/agent-product-launches/runs/foundation-pvp_mortgageconnectlp.com_2026-05-13.json
prompts/agent-product-launches/runs/foundation-pvp_motiveenergy.com_2026-05-13.json,aca58cdb198b566a6c2b9e4ec0c3ddfe99b0c64e,920d3416b6f2422e301d8988ae354fb884526a9b5acafd6e1ae1da73537ed64f,prompts/agent-product-launches/runs/foundation-pvp_motiveenergy.com_2026-05-13.json
prompts/agent-product-launches/runs/foundation-pvp_move.com_2026-05-13.json,ebb7db2042851c2758b0f716376503afe2d8ccc3,65b0364fe1ec77b7642be7914aab5df31d57cf84c0d1641f4f287c36fe9d7ac9,prompts/agent-product-launches/runs/foundation-pvp_move.com_2026-05-13.json
prompts/agent-product-launches/runs/foundation-pvp_moxa.com_2026-05-13.json,2d0bdcdff8f9d744f2eea21a3fb77ecde4cbcbc3,56e56879fcd8ce1ad79d9b8b10056ff2149c7a9d39a4a10f4a98fbfa17d52e70,prompts/agent-product-launches/runs/foundation-pvp_moxa.com_2026-05-13.json
prompts/agent-product-launches/runs/foundation-pvp_mozaiq.ai_2026-05-13.json,a42e509a59500cc3cf8cdda118b65a5a8af4f681,da860b0da56ce55925c646574ea6504e0d9d0026dec792667c836f19d3ffc657,prompts/agent-product-launches/runs/foundation-pvp_mozaiq.ai_2026-05-13.json
prompts/agent-product-launches/runs/foundation-pvp_mpdv.com_2026-05-13.json,31efda9349a229419856758a2d931c75bace7207,e21479e1ed662ba9d1c50701d4d960ac35a3a733426ee5f99d66c1c9dd9c047b,prompts/agent-product-launches/runs/foundation-pvp_mpdv.com_2026-05-13.json
prompts/agent-product-launches/runs/foundation-pvp_mpowerhealth.com_2026-05-13.json,afe55da1c3745c4d77523d13a7b6d6f7c3e09a2c,b2f63987b2d95016f748baf8e9d9e97dfb04855e31ac258ca4453abe91029b04,prompts/agent-product-launches/runs/foundation-pvp_mpowerhealth.com_2026-05-13.json
prompts/agent-product-launches/runs/foundation-pvp_mpslimited.com_2026-05-13.json,71f82f47db7cce4495dabfc90998bb6ab8c0b708,f358716654b3d7e7978676fe769149b9862bb5e484f77bbceda6ee6292c4e3d7,prompts/agent-product-launches/runs/foundation-pvp_mpslimited.com_2026-05-13.json
prompts/agent-product-launches/runs/foundation-pvp_mrocorp.com_2026-05-13.json,a49cdbcb1ad48cfc9b5f432ae8f0a5898f9ae0ae,5f9ef7b209062fdb7684dc9caab57033589881dc90a060a16e73fe08b64dcc83,prompts/agent-product-launches/runs/foundation-pvp_mrocorp.com_2026-05-13.json
prompts/agent-product-launches/runs/foundation-pvp_mrpfd.com_2026-05-13.json,81d51ea46374ced56fc7dc7bdff1dff1b3a12e3c,4eb5250f84de77569bae6e29834bd046b0c7be977eca4366f5c81e7881442f99,prompts/agent-product-launches/runs/foundation-pvp_mrpfd.com_2026-05-13.json
prompts/agent-product-launches/runs/foundation-pvp_msab.com_2026-05-13.json,b8f7065917d7eb84914c1c4e8ca200de38cba70b,ffe1b9fa8deb2ef88d552ff8b07c679c8bb75c5211cae7a1f0680a9e2b74e331,prompts/agent-product-launches/runs/foundation-pvp_msab.com_2026-05-13.json
prompts/agent-product-launches/runs/foundation-pvp_mtechsystems.io_2026-05-13.json,f249d5b7d41f687817576c2edbf9295f33377e19,d731860df59bacddca93489cd37b4c8add3e0631048579b5560c98e20bfc3be7,prompts/agent-product-launches/runs/foundation-pvp_mtechsystems.io_2026-05-13.json
prompts/agent-product-launches/runs/foundation-pvp_mullen.com_2026-05-13.json,8d87b3f40933fb345eb30201447b8d48e151ce7d,5493db52d77297ae1f362e21ef03136ebe0f67654e8146d309768aa3150aa310,prompts/agent-product-launches/runs/foundation-pvp_mullen.com_2026-05-13.json
prompts/agent-product-launches/runs/foundation-pvp_myavista.com_2026-05-13.json,c45357558e1717dbca4483338f174443c523f65e,50dfbd06c8ca3460ecb99defac8793d1aa524ac13d008cf340aca010d2536462,prompts/agent-product-launches/runs/foundation-pvp_myavista.com_2026-05-13.json
prompts/agent-product-launches/runs/foundation-pvp_mycom-osi.com_2026-05-13.json,b447374d63e7f1ee6243eb612c63571de48c2a8d,66a79c47cded5f506aa99cd89eeb1b2364f2de0f8ffe113ff29d3c3900fa9287,prompts/agent-product-launches/runs/foundation-pvp_mycom-osi.com_2026-05-13.json
prompts/agent-product-launches/runs/foundation-pvp_mydigicode.com_2026-05-13.json,7ebfa0919382cc772831f6a0e5db09e7fd2049af,a514adc7ed8e53aaf2b12ca0643aeb82429a25469f66f323457a92773153348a,prompts/agent-product-launches/runs/foundation-pvp_mydigicode.com_2026-05-13.json
prompts/agent-product-launches/runs/foundation-pvp_myparadigm.com_2026-05-13.json,551c60ace3a6765a8c73812d300cddbbb499d8a9,26a4706bc50e72cfbbbf25e91a0120d0e270bd3017d57a430b95181a0537d1cc,prompts/agent-product-launches/runs/foundation-pvp_myparadigm.com_2026-05-13.json
prompts/agent-product-launches/runs/foundation-pvp_myreceptionist.com_2026-05-13.json,757e368f78ceabc78ec74720b5b9b38c07fbbbf7,106301f78c2f1682198f33846dbbe946f89e4be40ed4fa84b84dc454ef160690,prompts/agent-product-launches/runs/foundation-pvp_myreceptionist.com_2026-05-13.json
prompts/agent-product-launches/runs/foundation-pvp_myriadsupply.com_2026-05-13.json,f17a08cb240139bba54d89b4b0826a632e90577e,aba802400caaaf023c5d99a1b075005cee921c8e7cc760500a575c6f4e24e2e2,prompts/agent-product-launches/runs/foundation-pvp_myriadsupply.com_2026-05-13.json
prompts/agent-product-launches/runs/foundation-pvp_myspire.com_2026-05-13.json,f9d1512ff1cff7c9f12d008f157fcd71ab447ff3,80c55f19ae9a993253f0169277bf3be2c91655937ab5a197774e6629b4af87f1,prompts/agent-product-launches/runs/foundation-pvp_myspire.com_2026-05-13.json
prompts/agent-product-launches/runs/foundation-pvp_nagwa.com_2026-05-13.json,60f341968fb11b40465c2de68af72d529a777acf,3f2d0ddbbcedce4a52b94f0264eca211f0e64d62fc01d361ec0adb1628268240,prompts/agent-product-launches/runs/foundation-pvp_nagwa.com_2026-05-13.json
prompts/agent-product-launches/runs/foundation-pvp_nasdaqomxnordic.com_2026-05-13.json,fe13d92a4e93317b27fb2c546f3808549c4c1e0c,8b595dee6b555c1bc04cefc94c1767dc16a46feec06a24e6b43f033e8ebbf0fe,prompts/agent-product-launches/runs/foundation-pvp_nasdaqomxnordic.com_2026-05-13.json
prompts/agent-product-launches/runs/foundation-pvp_nasdaqtrader.com_2026-05-13.json,2fd23ae8a1dcd02be977e09299ecf094866dad5d,519649960d7747a40f5bd472dbaa0e4e1808048ba6ec0de9363fdc90e0808a31,prompts/agent-product-launches/runs/foundation-pvp_nasdaqtrader.com_2026-05-13.json
prompts/agent-product-launches/runs/foundation-pvp_nationaltheatre.org.uk_2026-05-13.json,79e02f7eb45fefcabe712d1b03d82e0bbd826434,0d5a6f736244f2ed47d4567875a40e5e6ef5b83dac2634275748745533d1c53a,prompts/agent-product-launches/runs/foundation-pvp_nationaltheatre.org.uk_2026-05-13.json
prompts/agent-product-launches/runs/foundation-pvp_natsoft.us_2026-05-13.json,eb5667b463eb56f2e58fff82d1eb48b2faac9403,09767b9d9dad5d63f1758d96eabc40513f9d344969f412424175ea6f6e3b202b,prompts/agent-product-launches/runs/foundation-pvp_natsoft.us_2026-05-13.json
prompts/agent-product-launches/runs/foundation-pvp_naturalfoodretailers.com_2026-05-13.json,7212d1a13da761b88dda7c1b8a4d16879573d1a7,6978041da67e36f9df023e8dc5da78b093631c1b745bf055f6fa1d7d00a57e2c,prompts/agent-product-launches/runs/foundation-pvp_naturalfoodretailers.com_2026-05-13.json
prompts/agent-product-launches/runs/foundation-pvp_nature.com_2026-05-13.json,e7afbcc789df1bdaa31aaa570ee043df8fae6754,1d744881051346b8b7e4c247a73af31ebb4a65666e85da4e40929011ed7328d3,prompts/agent-product-launches/runs/foundation-pvp_nature.com_2026-05-13.json
prompts/agent-product-launches/runs/foundation-pvp_navapbc.com_2026-05-13.json,fd14d08bc2cc3067afd4943657fc9d1b33debe65,52e4b2dfdb023745f34a81957ff87f4d16475849ace761282406fa1be5d216a3,prompts/agent-product-launches/runs/foundation-pvp_navapbc.com_2026-05-13.json
prompts/agent-product-launches/runs/foundation-pvp_navblue.aero_2026-05-13.json,4011775f752e8bc6b8117e44edefe419a519e7c4,d5beb3972a49b9e14b3cfb9fcf786d454a51c91f9621b6198d5fbb4a8806a461,prompts/agent-product-launches/runs/foundation-pvp_navblue.aero_2026-05-13.json
prompts/agent-product-launches/runs/foundation-pvp_navco.com_2026-05-13.json,ee18ba40375555c7912a1acc15ec75f77251d419,9620dd308184d67b78f7d81dbfb475cbf670b14d01e00efc4b9743f25f099200,prompts/agent-product-launches/runs/foundation-pvp_navco.com_2026-05-13.json
prompts/agent-product-launches/runs/foundation-pvp_navconsulting.net_2026-05-13.json,72acb7f956600eac746bf7cc550aab0d4a450696,ce02ecd9b40c9107b46768434a74dc3bb75831ef99ced93562e27230790f5495,prompts/agent-product-launches/runs/foundation-pvp_navconsulting.net_2026-05-13.json
prompts/agent-product-launches/runs/foundation-pvp_navfundservices.com_2026-05-13.json,e758df2f87ef4117943882e5fff52f2cb321b737,ece4abd27e2bbbeb6a065fbf124700fb46a98c739bf51ab2bf874a4835a60d75,prompts/agent-product-launches/runs/foundation-pvp_navfundservices.com_2026-05-13.json
prompts/agent-product-launches/runs/foundation-pvp_naviam.io_2026-05-13.json,512444c183d1255345ede00b7ee1b5d9e5ce52a6,2f3f8d28aa07b56a015938dda68abb7ddbac4fec2b6f26cfaa6834edffa9ef44,prompts/agent-product-launches/runs/foundation-pvp_naviam.io_2026-05-13.json
prompts/agent-product-launches/runs/foundation-pvp_navigaglobal.com_2026-05-13.json,2b318b66bc7198caa8bc78100d9ad664a5222ec4,38a5be51de7198c8011ce9c2079c32fd19df48b155800385ec03761646a06f31,prompts/agent-product-launches/runs/foundation-pvp_navigaglobal.com_2026-05-13.json
prompts/agent-product-launches/runs/foundation-pvp_navihealth.com_2026-05-13.json,26ef69afb9ad61f0242731a74639bcd61d6b8800,8324dae590eaa57cd971e314463fc76f85efbbd581d84d609357d445155a1b4b,prompts/agent-product-launches/runs/foundation-pvp_navihealth.com_2026-05-13.json
prompts/agent-product-launches/runs/foundation-pvp_navis.com_2026-05-13.json,be197ef868c704904509e13ef20d62864333dab1,80466ff884ac29bf3e4ea30ca6ae94f7c7b3956fe85bcb3921f6bb74ac274901,prompts/agent-product-launches/runs/foundation-pvp_navis.com_2026-05-13.json
prompts/agent-product-launches/runs/foundation-pvp_naylor.com_2026-05-13.json,5884d16b6888a65e98c4d9d2d77352a9cf7720e2,027a854442d2b5ec46475087039680b15823eea3a4c377415a4db7e597beba66,prompts/agent-product-launches/runs/foundation-pvp_naylor.com_2026-05-13.json
prompts/agent-product-launches/runs/foundation-pvp_nbcsportsnext.com_2026-05-13.json,14362ef4a28ac04ee4c815d4310de1412a6ec6ba,c73d0dcda8b8ae02aff7e41b46911d7d5966567a3c41ffd6f90c044ada221209,prompts/agent-product-launches/runs/foundation-pvp_nbcsportsnext.com_2026-05-13.json
prompts/agent-product-launches/runs/foundation-pvp_nbsdefaultservices.com_2026-05-13.json,4b2683aa605a9159b460cca0ae270c462681655b,1ce4ee1d8298ecbb5ad9da5076496d9377bb3ded45bb32dbe40706df3efa5344,prompts/agent-product-launches/runs/foundation-pvp_nbsdefaultservices.com_2026-05-13.json
prompts/agent-product-launches/runs/foundation-pvp_nccco.org_2026-05-13.json,ee9130fc1d5f6395eba6e5bf5da48f48f656581d,d0c30634cf0ea74a8d9f89d48d912f30d549a6f6699a23b90814873e742d29e3,prompts/agent-product-launches/runs/foundation-pvp_nccco.org_2026-05-13.json
prompts/agent-product-launches/runs/foundation-pvp_ncsssi.com_2026-05-13.json,d24c654081e33da7fd40b249933321be4b8d0229,25615ccc4266b8f0523066daaf0a3bfb1e27d9db1de558cd42d8f064df451a81,prompts/agent-product-launches/runs/foundation-pvp_ncsssi.com_2026-05-13.json
prompts/agent-product-launches/runs/foundation-pvp_ndt-global.com_2026-05-13.json,44a8e4de53c56ebfa66d9430f73d71391ba31e05,af6fa50aa1bbde961fafc3a22accf324c89d034929e3d73e98c9d4febeee50f9,prompts/agent-product-launches/runs/foundation-pvp_ndt-global.com_2026-05-13.json
prompts/agent-product-launches/runs/foundation-pvp_necsws.com_2026-05-13.json,67858b3db7a60fb20777bc2956a94e6ca45c144a,d7825c89f5f05eec48c913bfe9e31f538e92a2369e8b80c49e833f55a7f148c4,prompts/agent-product-launches/runs/foundation-pvp_necsws.com_2026-05-13.json
prompts/agent-product-launches/runs/foundation-pvp_nectar360.co.uk_2026-05-13.json,16a438994009371e34fe4879b77a1356e698a6d1,b31802bc38b5dfec53a022a6b8a7f3bf5a23781b44073848cbe7cf9a38fae80c,prompts/agent-product-launches/runs/foundation-pvp_nectar360.co.uk_2026-05-13.json
prompts/agent-product-launches/runs/foundation-pvp_nejmgroup.org_2026-05-13.json,088d27196d4dda90cb5070e3df17fe37ad206947,9f71aaa254839ba276ca141f3aea7c8492828296362f521c2b31fc424ab4fe52,prompts/agent-product-launches/runs/foundation-pvp_nejmgroup.org_2026-05-13.json
prompts/agent-product-launches/runs/foundation-pvp_nelson.com_2026-05-13.json,9329dbadca368e4d8a7693dc45c13a15a5d0bfa9,f96f57050a11ea10a4915f6bfbb265dacc93061d1101d6da5992be2b29fc4479,prompts/agent-product-launches/runs/foundation-pvp_nelson.com_2026-05-13.json
prompts/agent-product-launches/runs/foundation-pvp_nelsongp.com_2026-05-13.json,ec2c2338130505c33000a5dba0e377f889676e0f,a80a2d55ce25bea77f52eac07019198195bfad6de43bdb0eac495e005f222e7f,prompts/agent-product-launches/runs/foundation-pvp_nelsongp.com_2026-05-13.json
prompts/agent-product-launches/runs/foundation-pvp_nesttech.com_2026-05-13.json,d10a635e9f38b4000e697340f52a8154edd4e35b,fa486fd70f585340dfa739f0cd709e6050cbdcff33962e330006313c38d3ab7d,prompts/agent-product-launches/runs/foundation-pvp_nesttech.com_2026-05-13.json
prompts/agent-product-launches/runs/foundation-pvp_netbasequid.com_2026-05-13.json,b99d624c5a5ce0049aba424e351ee6800192ebdb,ce781368d3940888b10274ef2d349827fb33cde12bcc273d9b05e801c9e9c044,prompts/agent-product-launches/runs/foundation-pvp_netbasequid.com_2026-05-13.json
prompts/agent-product-launches/runs/foundation-pvp_netchex.com_2026-05-13.json,2782f1be554f0b6f3a1a51293a15e1a81a997d2f,6bb7e8e40c2e6a1d9de8af52d649433ae33a4264c9014d26a410b128ebdf24ac,prompts/agent-product-launches/runs/foundation-pvp_netchex.com_2026-05-13.json
prompts/agent-product-launches/runs/foundation-pvp_netimpactstrategies.com_2026-05-13.json,597acba078264497068f450441b4d8388e31a8c9,5485b0f92e3ec878ad0927b08b32b9933968570a23616cbba11a3e880e431f74,prompts/agent-product-launches/runs/foundation-pvp_netimpactstrategies.com_2026-05-13.json
prompts/agent-product-launches/runs/foundation-pvp_netsurion.com_2026-05-13.json,d7284ceea5935ed5ac9fb9d253b7d2880d2d3de8,652e25aad52dcfcd7752297bed3c5905ea2f1b6b39aebd842cb94fe4b856e11f,prompts/agent-product-launches/runs/foundation-pvp_netsurion.com_2026-05-13.json
prompts/agent-product-launches/runs/foundation-pvp_nettxio.com_2026-05-13.json,ebb1d8e3b4b7a69b34d1cbb5a663c6c14a5101b5,2975f808b55c03d41604bd1e7ff484196649e64eb9effa675aaf9b2d6103eaa8,prompts/agent-product-launches/runs/foundation-pvp_nettxio.com_2026-05-13.json
prompts/agent-product-launches/runs/foundation-pvp_netwealth.com.au_2026-05-13.json,8c66c06f25b2737c9148dbf9d76f8f96b34975c7,2ea9c67840ad73b9b05b299ea52ff9d3a410f7175bb541e807dff80908e25231,prompts/agent-product-launches/runs/foundation-pvp_netwealth.com.au_2026-05-13.json
prompts/agent-product-launches/runs/foundation-pvp_netweb.biz_2026-05-13.json,4c9a3d5330ffe07322c3251f3bbcd183bcd30be8,7d305d1e04d326eb4e6fdca478de1d38e5e2a9969fdace0dc2861739cf93e16d,prompts/agent-product-launches/runs/foundation-pvp_netweb.biz_2026-05-13.json
prompts/agent-product-launches/runs/foundation-pvp_neurealm.com_2026-05-13.json,3f9220e7039351374f2a459bcefc91fd03c42fdd,0970cedbab29bd506e92fb2a114a89af10c5fa1733862df33efcceb9f68fa3ac,prompts/agent-product-launches/runs/foundation-pvp_neurealm.com_2026-05-13.json
prompts/agent-product-launches/runs/foundation-pvp_neutrinotechsystems.com_2026-05-13.json,191cb72f79792f943f58bbe53e44a4a9f1b43402,a0e490af1ecd1575c4cfe3b8266081272446f721a2e9eeac220c0dc803ff21c2,prompts/agent-product-launches/runs/foundation-pvp_neutrinotechsystems.com_2026-05-13.json
prompts/agent-product-launches/runs/foundation-pvp_newage-global.com_2026-05-13.json,6df6c5c01019d29eaac6f1b95c9be25faaab9fb5,f647dc0a9667a092e7a3a14cd1b368a41d79cc5760fc53462e6f6b107712f820,prompts/agent-product-launches/runs/foundation-pvp_newage-global.com_2026-05-13.json
prompts/agent-product-launches/runs/foundation-pvp_newday.co.uk_2026-05-13.json,c854ee30b27afdc2f3ed8bafafe0e50aec4f9426,149edf91fe86cab3f05d2bf877b8adb39e396c9515d6d253a63b294000f644ad,prompts/agent-product-launches/runs/foundation-pvp_newday.co.uk_2026-05-13.json
prompts/agent-product-launches/runs/foundation-pvp_newglobe.education_2026-05-13.json,8dad86893bb6d1705d3a4a98c3ad740d0fff2aa8,4e58b598a183bdb8d78d3fc7bcf7a611a991b76ff1955820dd3a8d1741159784,prompts/agent-product-launches/runs/foundation-pvp_newglobe.education_2026-05-13.json
prompts/agent-product-launches/runs/foundation-pvp_newlandchase.com_2026-05-13.json,724936634f9e2f6f418bb629791409aafaa79277,6b91698fef79ac6322fe3f401abcd9e206487fcd3382908c98c1db7089d42cba,prompts/agent-product-launches/runs/foundation-pvp_newlandchase.com_2026-05-13.json
prompts/agent-product-launches/runs/foundation-pvp_newtglobal.com_2026-05-13.json,eacc610ac8dbde141a8fd55f34b2b4a2c1cbccb7,09518af423aaf32950afff220a9fd7ec6b6467e3d747a992401581fe5784f80b,prompts/agent-product-launches/runs/foundation-pvp_newtglobal.com_2026-05-13.json
prompts/agent-product-launches/runs/foundation-pvp_nex-tech.com_2026-05-13.json,04cb2e164b25c68c02d0388297f804d8d2990e8b,57abe41611aa24a01ddb3616cc0cc1963d34eee028e37918854f5964182cd779,prompts/agent-product-launches/runs/foundation-pvp_nex-tech.com_2026-05-13.json
prompts/agent-product-launches/runs/foundation-pvp_nextep.com_2026-05-13.json,27efcda9dffdc6a9480284236ef8e009ba3977ae,35a47ffaea11745ef28dc93b47e341c3464cd633652012e5420ee94dba663f2e,prompts/agent-product-launches/runs/foundation-pvp_nextep.com_2026-05-13.json
prompts/agent-product-launches/runs/foundation-pvp_nextgen.net_2026-05-13.json,35a31f236ba2435022aaf0f01cb526b438ee7087,bdbd766a60f81082dc7c33f7fe225ca0d459ab3ef20e75196b97fafcad77947a,prompts/agent-product-launches/runs/foundation-pvp_nextgen.net_2026-05-13.json
prompts/agent-product-launches/runs/foundation-pvp_nextgenclearing.com_2026-05-13.json,274b790df7e5a5dbc994974b4ae4ed4d7b326391,3c279ab15fab0aa07d6d6a954121454c50ef47d273cef297fce62e3cccf56dae,prompts/agent-product-launches/runs/foundation-pvp_nextgenclearing.com_2026-05-13.json
prompts/agent-product-launches/runs/foundation-pvp_nextgenfed.com_2026-05-13.json,3cb41e210dc629cd5f204a34d098d0a3e9c55e86,1d38821e1fbda39e42c59c93520f22b6f7648d11763cc2276d6f1fe8f2a01e5d,prompts/agent-product-launches/runs/foundation-pvp_nextgenfed.com_2026-05-13.json
prompts/agent-product-launches/runs/foundation-pvp_nextierbank.com_2026-05-13.json,d1a1b0ae2af7a0b6fed7fc282bd6ba8cfd994c1c,93df146cd7e5232b8d2e56f32f706cf28466258315f5abed77fabe8afac671f0,prompts/agent-product-launches/runs/foundation-pvp_nextierbank.com_2026-05-13.json
prompts/agent-product-launches/runs/foundation-pvp_nextservices.com_2026-05-13.json,fca89d560008c40956a48399911fb9c267a0c89a,92405681342bab9ed2ce138547e0f91af05a12e205b3524b69302e2e24a8a911,prompts/agent-product-launches/runs/foundation-pvp_nextservices.com_2026-05-13.json
prompts/agent-product-launches/runs/foundation-pvp_nexturn.com_2026-05-13.json,c4c1db5ebfbfc06d16a0dab8bdf3e1299329e640,99b9bb2bb9d0eb48bf840faf6b76f5f4b94bb923236adc7f0a52ce6119dbd180,prompts/agent-product-launches/runs/foundation-pvp_nexturn.com_2026-05-13.json
prompts/agent-product-launches/runs/foundation-pvp_nexval.com_2026-05-13.json,f428f83311e86b7de00129a6995e1e2cbd417304,68efa27c9335a07323b7d1c7646946ff75919a6d10322095c056e53563a8080f,prompts/agent-product-launches/runs/foundation-pvp_nexval.com_2026-05-13.json
prompts/agent-product-launches/runs/foundation-pvp_niceforyou.com_2026-05-13.json,1186f352a10e66addfd01291124d5cef4c0616b1,dc2100143cc831f02097100421a4d78c170ca6e39a8404b793164421382f2cbe,prompts/agent-product-launches/runs/foundation-pvp_niceforyou.com_2026-05-13.json
prompts/agent-product-launches/runs/foundation-pvp_nimblercm.com_2026-05-13.json,25747290fc8ba9832c421b0260f5045f9e232f15,889f690689ee90ba780859d25e3c50a45b32e4f808826430b45d5aca4e877dd3,prompts/agent-product-launches/runs/foundation-pvp_nimblercm.com_2026-05-13.json
prompts/agent-product-launches/runs/foundation-pvp_ning.com_2026-05-13.json,14f43988a77266feaaa90f738b7e8652cf0072ad,09a89afde5503dc502ac130b5cd5bfc0a1490fa5f7b594d3241a0e7b41ae4bf0,prompts/agent-product-launches/runs/foundation-pvp_ning.com_2026-05-13.json
prompts/agent-product-launches/runs/foundation-pvp_nisc.coop_2026-05-13.json,32ba36c6a78ab7f8fd3445c3dd2f67a3397a217f,8f29d2bf000033c13df3f7c68d34c7b027129b78a56b40ebef94991451c31139,prompts/agent-product-launches/runs/foundation-pvp_nisc.coop_2026-05-13.json
prompts/agent-product-launches/runs/foundation-pvp_nisum.com_2026-05-13.json,61962f93c35350b40c73f325b76292ea6ab55a7a,6298413421a00f189e2f301c1fffd3e3aebb2d4dc46af15d1c09862b4849736c,prompts/agent-product-launches/runs/foundation-pvp_nisum.com_2026-05-13.json
prompts/agent-product-launches/runs/foundation-pvp_nitssolutions.com_2026-05-13.json,cc39bbe59488e0a208240d4b2ba242776db9ab28,8603b060ee5cfe98939f7bedc091617ceea5ca07c80f5048e59c796ad8cdb274,prompts/agent-product-launches/runs/foundation-pvp_nitssolutions.com_2026-05-13.json
prompts/agent-product-launches/runs/foundation-pvp_nmgco.com_2026-05-13.json,50564d7f8a4a6f319763d49800dc623e1cb2a4b8,aa2a5555c772a1d806e98eb912e22f9940c152d9f063bf285d5085bc4b6fa220,prompts/agent-product-launches/runs/foundation-pvp_nmgco.com_2026-05-13.json
prompts/agent-product-launches/runs/foundation-pvp_nominet.uk_2026-05-13.json,4482124105fd0cbfa359174b9e8db639113edc07,6c24f502924e888fc15b24c80d56c46870fb7a79f134e9d2135d21890fd06951,prompts/agent-product-launches/runs/foundation-pvp_nominet.uk_2026-05-13.json
prompts/agent-product-launches/runs/foundation-pvp_nonin.com_2026-05-13.json,779e60c1e394b2cc6a304a8a74f68a6ad808b36f,054a1c218830315a5c8a9e913415c27f454eafb3616acdd83518f52490c9d901,prompts/agent-product-launches/runs/foundation-pvp_nonin.com_2026-05-13.json
prompts/agent-product-launches/runs/foundation-pvp_northbaysolutions.com_2026-05-13.json,6f66c795d94e07ca5277ae54221c7e65732ed78d,89acfaac5ea62e641e12ce6087eff1ddc5da49529f307139139ae55f7a902159,prompts/agent-product-launches/runs/foundation-pvp_northbaysolutions.com_2026-05-13.json
prompts/agent-product-launches/runs/foundation-pvp_northernsafety.com_2026-05-13.json,210abff04e2f7899fb4524afb56451162db4c7b2,3ad7d95424767d274be04f56e27a3ca3d7b64ab0f4f725c72d01a68da370b9bb,prompts/agent-product-launches/runs/foundation-pvp_northernsafety.com_2026-05-13.json
prompts/agent-product-launches/runs/foundation-pvp_notarize.com_2026-05-13.json,62e97fa238871baa9264cd4f68ce1ed1c2233225,07a60610dd0c2cf12a6fcdff0a5bd5d52f0d301a21ff43d911f5940cf8e5ab64,prompts/agent-product-launches/runs/foundation-pvp_notarize.com_2026-05-13.json
prompts/agent-product-launches/runs/foundation-pvp_novabiomedical.com_2026-05-13.json,c27bb8a19b6f7915f1830642ab8f9c8ff16072ab,16273089980a375093218ca83a324f87617c8b3941c3ecfbcbd8fccaf0643250,prompts/agent-product-launches/runs/foundation-pvp_novabiomedical.com_2026-05-13.json
prompts/agent-product-launches/runs/foundation-pvp_novacoast.com_2026-05-13.json,d30930427cb4f59b9038bf9bed236d1aafbd29c2,41a23faa554c9d9f994862cd4340b85d8b49240489589fc692b652d58105df33,prompts/agent-product-launches/runs/foundation-pvp_novacoast.com_2026-05-13.json
prompts/agent-product-launches/runs/foundation-pvp_nowcom.com_2026-05-13.json,3e7ad54587b29280c4d7fcf8e8abd5d0bc67ab3f,ece735e768b593eb3744db657c61291d80ec6c17c56029e59fc369621e665698,prompts/agent-product-launches/runs/foundation-pvp_nowcom.com_2026-05-13.json
prompts/agent-product-launches/runs/foundation-pvp_npd.com_2026-05-13.json,13ddba907e06c88c6d535f63e0d6676f4a16c5a8,b4ddb5c70e6f4c9464461be0432ea154e3e9c4435fcb76f8dc33c4338eecb05a,prompts/agent-product-launches/runs/foundation-pvp_npd.com_2026-05-13.json
prompts/agent-product-launches/runs/foundation-pvp_npisorters.com_2026-05-13.json,e5d5296e5d54585558290251b26930842bdf752c,d5082413d8a822328a8c563bcd7774ca1db032cef318ad26eacf7044c068d307,prompts/agent-product-launches/runs/foundation-pvp_npisorters.com_2026-05-13.json
prompts/agent-product-launches/runs/foundation-pvp_nrchealth.com_2026-05-13.json,e7f3443d208ae87ef35fc49929c245d4e74a433f,1adffae9c600a824790d0999d2803c35e6e2c0992d859b8940c25b73a7b02fdf,prompts/agent-product-launches/runs/foundation-pvp_nrchealth.com_2026-05-13.json
prompts/agent-product-launches/runs/foundation-pvp_nrpgroup.com_2026-05-13.json,3d87e460b1a593152f4245dca9c52022e99d8d95,4976747eb70a91863ea04720032ff2db958267e54ce79c2580e7f3b0c30cb49e,prompts/agent-product-launches/runs/foundation-pvp_nrpgroup.com_2026-05-13.json
prompts/agent-product-launches/runs/foundation-pvp_nrpneighborhood.com_2026-05-13.json,747699c9de9abee98a69eb407b7ed16b3c3b9a02,0f20913ac5ba34ecc3d381098c0f33c6b72b44ea8275046aaacfb56c65691ab3,prompts/agent-product-launches/runs/foundation-pvp_nrpneighborhood.com_2026-05-13.json
prompts/agent-product-launches/runs/foundation-pvp_nscglobal.com_2026-05-13.json,b0d25d2e2fec4789e27c6ce393a849450ac0e91d,4d1f496ac8d88deee02ddd618702518a6910c83824b710f920003de23422c72c,prompts/agent-product-launches/runs/foundation-pvp_nscglobal.com_2026-05-13.json
prompts/agent-product-launches/runs/foundation-pvp_nsight-inc.com_2026-05-13.json,d07589884abb52443957708f2f8896b1d156f373,aa5982948e34b2e63c7a0f47c36a50b16b4f4bf9a408e2ed8de15f063a0b2461,prompts/agent-product-launches/runs/foundation-pvp_nsight-inc.com_2026-05-13.json
prompts/agent-product-launches/runs/foundation-pvp_ntgfreight.com_2026-05-13.json,3eac95f3e79e5ecc61cd7db64d0e11d0939fd43c,9f17f55059239b8bf744a8aae7fbafcf8685ea77648c72f3ffa42c25b50b56ba,prompts/agent-product-launches/runs/foundation-pvp_ntgfreight.com_2026-05-13.json
prompts/agent-product-launches/runs/foundation-pvp_nuaxis.com_2026-05-13.json,fdc7ba805892874b047f3e3acee7b40fb0643c9c,a8e0e35da8218ff43499a71062a8ad0a9b934a7d947b5d3bfced228aa4ca5dcd,prompts/agent-product-launches/runs/foundation-pvp_nuaxis.com_2026-05-13.json
prompts/agent-product-launches/runs/foundation-pvp_nuware.com_2026-05-13.json,d84f0711dced88ab6a9311159a2663096db082b7,fde91d8bcdf4a3cd37bd8db357a50bdb472f116502e95219aed5b75891de9d4d,prompts/agent-product-launches/runs/foundation-pvp_nuware.com_2026-05-13.json
prompts/agent-product-launches/runs/foundation-pvp_nvindt.com_2026-05-13.json,508459bb8a0c770e91275332aa47a151f3d8b023,9e4bb2bb067f75935f0dac5d4c986cdd96c765132ae3dbad357201266f79dd5e,prompts/agent-product-launches/runs/foundation-pvp_nvindt.com_2026-05-13.json
prompts/agent-product-launches/runs/foundation-pvp_nwn.ai_2026-05-13.json,1f64cc44dba5573147d51f31a9299d1f36600e63,eb26a3618f0a550c9731846b8fd5cfb391add307542bec1f2147bd3fe32d3b6d,prompts/agent-product-launches/runs/foundation-pvp_nwn.ai_2026-05-13.json
prompts/agent-product-launches/runs/foundation-pvp_nwnit.com_2026-05-13.json,dab34bcac8ee93d02f1b463a320a5c8895791170,31fc0f76040b4686b66bdf3472d28f2510d74520287958987833df1aad810a61,prompts/agent-product-launches/runs/foundation-pvp_nwnit.com_2026-05-13.json
prompts/agent-product-launches/runs/foundation-pvp_nwyc.com_2026-05-13.json,bc65c9b18db9d33defe391bc1959abaa018c818f,d3303fcb7a4b9351b5a7167ebcf990675d1f78aeb4ab03d0f4cf49f215f864c7,prompts/agent-product-launches/runs/foundation-pvp_nwyc.com_2026-05-13.json
prompts/agent-product-launches/runs/foundation-pvp_o2daisy.co.uk_2026-05-13.json,35eab613c6d79531c41cdd9dde9d8b9b92b69d8c,e5cc949bd0ce8839f711fac1f2396738918aa5ab34e1f9a2c1a6bf771ed1e753,prompts/agent-product-launches/runs/foundation-pvp_o2daisy.co.uk_2026-05-13.json
prompts/agent-product-launches/runs/foundation-pvp_oati.com_2026-05-13.json,4dae0f98ceef5561b340b8e50166a77d5bae6937,a0e579c59c3d59c21f86b31b31bf38ac8505ea88a7ea60220e59ce96af732071,prompts/agent-product-launches/runs/foundation-pvp_oati.com_2026-05-13.json
prompts/agent-product-launches/runs/foundation-pvp_objective.com.au_2026-05-13.json,bc5147935703bf274b21adfbf44b3623fe19832b,ebd28c7f414b360755440fd3b883806b6f48405d114c8b41c109f9b8bd9c5f28,prompts/agent-product-launches/runs/foundation-pvp_objective.com.au_2026-05-13.json
prompts/agent-product-launches/runs/foundation-pvp_objective.com_2026-05-13.json,6b308998e663c72049dcbd910d0185e10b3a4d08,c27639cc94fa1eee6bcfa8528d80f8a67dc5f031a89568a18f29bfc5a160fa6a,prompts/agent-product-launches/runs/foundation-pvp_objective.com_2026-05-13.json
prompts/agent-product-launches/runs/foundation-pvp_obrela.com_2026-05-13.json,32e7dce0a6258d1bef1f28f9b1d0bd08bca13b2a,9943484d1b125ba9ffcede0bf60f6170f2f78586e139bd1733aeee412fc919f7,prompts/agent-product-launches/runs/foundation-pvp_obrela.com_2026-05-13.json
prompts/agent-product-launches/runs/foundation-pvp_obsglobal.com_2026-05-13.json,f7be86b46c047e64d5637f6758f02af438dbc899,1ac62edde9155a5384cfc3dccbe5a0f30c4b0bd10810b34dc433383e734f5aad,prompts/agent-product-launches/runs/foundation-pvp_obsglobal.com_2026-05-13.json
prompts/agent-product-launches/runs/foundation-pvp_ocadogroup.com_2026-05-13.json,80af6ffb5ad030ca56fe494cf3406897ff38638a,8239ff8eda58dce3638db4504911be4ce5a7ccee88061b3a615919a0ad97efc9,prompts/agent-product-launches/runs/foundation-pvp_ocadogroup.com_2026-05-13.json
prompts/agent-product-launches/runs/foundation-pvp_oceanbank.com_2026-05-13.json,7cdb15e572a69a99dd1d5c92e58765a2ab13b065,4edbac18aceaae87c6f3df6c96ed6679e5dfc1911524ea80a2b5279e8885f5d1,prompts/agent-product-launches/runs/foundation-pvp_oceanbank.com_2026-05-13.json
prompts/agent-product-launches/runs/foundation-pvp_oceantg.com_2026-05-13.json,86bd264fbea36ad44e0754bbc46aab5240a28a1c,0e62b4e701949a940b79f1bb3465bbee9b007e0e48e1bedc34a13e747d041186,prompts/agent-product-launches/runs/foundation-pvp_oceantg.com_2026-05-13.json
prompts/agent-product-launches/runs/foundation-pvp_ochin.org_2026-05-13.json,b644e712bf17885603049be562f1af1959b815ad,add655fe064ef6abdf98b0dcdbbe3af1b27aab56bc99b8fe10f5b7ecfcb7103e,prompts/agent-product-launches/runs/foundation-pvp_ochin.org_2026-05-13.json
prompts/agent-product-launches/runs/foundation-pvp_octalsoftware.com_2026-05-13.json,868301a560e6e15513c2f177ed85a1237bb7a9d5,2abf6e066dbda0ed608f43ddf9b3ef844b01fc04023608f6c61f8d9c1085f274,prompts/agent-product-launches/runs/foundation-pvp_octalsoftware.com_2026-05-13.json
prompts/agent-product-launches/runs/foundation-pvp_octanner.com_2026-05-13.json,0d1c918fcc6a122e7a4f496bf32bd4d36c7ac698,ea4ab9e5a2f891814b08885fa4457d2332d465cd4c336070f082134e19ff3e91,prompts/agent-product-launches/runs/foundation-pvp_octanner.com_2026-05-13.json
prompts/agent-product-launches/runs/foundation-pvp_odessainc.com_2026-05-13.json,623a2de0a266fca1d0f0989c36832f03c7e88cc1,3ebe92bc799b2735f7128c65efe5f30574e4ec5aee0d54fad12db7d13b7daddb,prompts/agent-product-launches/runs/foundation-pvp_odessainc.com_2026-05-13.json
prompts/agent-product-launches/runs/foundation-pvp_odysseyconsult.com_2026-05-13.json,0f8bf8195f302ad17e77b97caf83cbfcad7a74be,6b27f35161999eeb4f5b25832498e3c20aa6097e252f3d7def01716e5bf3b996,prompts/agent-product-launches/runs/foundation-pvp_odysseyconsult.com_2026-05-13.json
prompts/agent-product-launches/runs/foundation-pvp_odysseylogistics.com_2026-05-13.json,a0dd3c592ef1412544863630ad4acd3824d8ed36,8a902044c0b580cf6a19b96f8f5e1c12313194ead4eaaab6469f0c40ac2d1efc,prompts/agent-product-launches/runs/foundation-pvp_odysseylogistics.com_2026-05-13.json
prompts/agent-product-launches/runs/foundation-pvp_oeconnection.com_2026-05-13.json,a1eff8685d6379846274d3aab23b80c94e830eda,63d7aa43b33b4aeddf77fa6e918e5edcecc172ba84e107dc90f9b0f121ee2a2b,prompts/agent-product-launches/runs/foundation-pvp_oeconnection.com_2026-05-13.json
prompts/agent-product-launches/runs/foundation-pvp_ofx.com_2026-05-13.json,936d1e06e956c3b9ac3e3f1f5fc66fa35d293c19,5202843fd5d59af0139ff9bdaada502411e066248dc829daaf55dc06f051d6ba,prompts/agent-product-launches/runs/foundation-pvp_ofx.com_2026-05-13.json
prompts/agent-product-launches/runs/foundation-pvp_olleco.co.uk_2026-05-13.json,f48c9e8f9507d70e72e63aafd7bbcab3ea00e739,7c73e04d5630fbeeb021caa4ed8ebbc6f38373018be4e3e2cf3a0a4f68e92242,prompts/agent-product-launches/runs/foundation-pvp_olleco.co.uk_2026-05-13.json
prompts/agent-product-launches/runs/foundation-pvp_omega.com_2026-05-13.json,df14c262b501e0dc0b9534da00ed2cde2c093f9e,a27724adc2424d65067f561f4cbf07b5e9d3241150bf33cf7c8ead733f54a388,prompts/agent-product-launches/runs/foundation-pvp_omega.com_2026-05-13.json
prompts/agent-product-launches/runs/foundation-pvp_omnex.com_2026-05-13.json,99b8c1860247e749c0b9cab9e44d0c4279539480,26d6f0ea5ab5b6b9449133aea2269b17b5b272fa59d8f76d3d9914fbf3407f4b,prompts/agent-product-launches/runs/foundation-pvp_omnex.com_2026-05-13.json
prompts/agent-product-launches/runs/foundation-pvp_omni.pro_2026-05-13.json,2313550493470407e361744ecf4509de695161bc,5f7ac38558b195b029a8f31092a6df5e35f7fae603d632fab695bb26bb3b27b4,prompts/agent-product-launches/runs/foundation-pvp_omni.pro_2026-05-13.json
prompts/agent-product-launches/runs/foundation-pvp_omnitracs.com_2026-05-13.json,b06c4659ee08286f0aa8536a22f9112efe2215df,27928e31f747bfc23aeee32333f8252526d9bdc4c2bbfcab0a7780ba4ef593dd,prompts/agent-product-launches/runs/foundation-pvp_omnitracs.com_2026-05-13.json
prompts/agent-product-launches/runs/foundation-pvp_one-beyond.com_2026-05-13.json,a8bb9e96510772c33d7355d603f424deb44e0a19,23a319fcecc832aec8eaadcfbbc7f3f3f8365f442ce8c1218f8efce96c5ac908,prompts/agent-product-launches/runs/foundation-pvp_one-beyond.com_2026-05-13.json
prompts/agent-product-launches/runs/foundation-pvp_one10marketing.com_2026-05-13.json,65dff7df167f461376046450b1904b13e19a72bf,e61233ebbaa56a76db159fe40149626bad5dfd911faf5f9d13be811866045384,prompts/agent-product-launches/runs/foundation-pvp_one10marketing.com_2026-05-13.json
prompts/agent-product-launches/runs/foundation-pvp_oneblueridge.com_2026-05-13.json,f80b8b9c4a777961ef71d8c69e5c7af40e8541fc,db5f71f05cb411a08a2e81c000598f451fc2aa61a5027f7f7414a9fe4b93797e,prompts/agent-product-launches/runs/foundation-pvp_oneblueridge.com_2026-05-13.json
prompts/agent-product-launches/runs/foundation-pvp_onenetwork.com_2026-05-13.json,e1f14344faacbb9b976f17d972fcca6619db5802,06a7fbaea785865cd225dbe9a3c9ce47032ee0799b961555f2ba2c64e1c10664,prompts/agent-product-launches/runs/foundation-pvp_onenetwork.com_2026-05-13.json
prompts/agent-product-launches/runs/foundation-pvp_onetick.com_2026-05-13.json,a35838069501aa9fafd667217150bc255b82f3b6,f0d365061974d4b0c8415036617a32befd3bff56d8ac156f753367f5d03f5839,prompts/agent-product-launches/runs/foundation-pvp_onetick.com_2026-05-13.json
prompts/agent-product-launches/runs/foundation-pvp_onevaliant.com_2026-05-13.json,d97a48457c162c82cea1031e67817e060914602a,5a6e029d885a8b3ef53b5ddef418222569ca08000f8b92038fb345cfdad1a343,prompts/agent-product-launches/runs/foundation-pvp_onevaliant.com_2026-05-13.json
prompts/agent-product-launches/runs/foundation-pvp_onprocess.com_2026-05-13.json,99c2efe57de520c8b9a797467dcf26e6b48b9b13,30777be9d5479f516bb56c219d018635d1a0a969454b167b0f30dc32334a0dcc,prompts/agent-product-launches/runs/foundation-pvp_onprocess.com_2026-05-13.json
prompts/agent-product-launches/runs/foundation-pvp_onsitemammography.com_2026-05-13.json,fcc3a12b58d2256c8f7f8ac5ad3ef5adde1de6b8,6751d2006acef2a9a74f32999c75672ca47bc2fdc3065f6e19d23a0d07ad2806,prompts/agent-product-launches/runs/foundation-pvp_onsitemammography.com_2026-05-13.json
prompts/agent-product-launches/runs/foundation-pvp_onsolve.com_2026-05-13.json,88d000e222c863a81c165ca835f9f627bcca5add,359d3cade605551504b1a76a62c86effeed121f1076b346a0681ae7cf4362e3b,prompts/agent-product-launches/runs/foundation-pvp_onsolve.com_2026-05-13.json
prompts/agent-product-launches/runs/foundation-pvp_ontada.com_2026-05-13.json,dc153fd7ecdb87e4cb1637145234838457edf064,d7ac1dfd5a6a2b9fab18680c1dd3f4b2a7f61899d1daf61b66593e409571cf73,prompts/agent-product-launches/runs/foundation-pvp_ontada.com_2026-05-13.json
prompts/agent-product-launches/runs/foundation-pvp_ontellus.com_2026-05-13.json,9ee02349acd89d1ee5f48c02c64b0f428afdd1cc,f9e59995e42c9e2ce0d4eceb43eb57588f1a3e2d42ce55d5f9d9d1af14e328d9,prompts/agent-product-launches/runs/foundation-pvp_ontellus.com_2026-05-13.json
prompts/agent-product-launches/runs/foundation-pvp_ontoinnovation.com_2026-05-13.json,eb956eca4f38dd567251fc5bb4b8f59d4363d64e,3dbe1425105dc30f2afe00fa0fecf9aeceb060cc49cb407f7e122ed19010d41d,prompts/agent-product-launches/runs/foundation-pvp_ontoinnovation.com_2026-05-13.json
prompts/agent-product-launches/runs/foundation-pvp_ontrack.com_2026-05-13.json,b7868985e15fded68542e934e68cdab2916ead18,c5335644efa5f00a83343ca44185f4a122ad08f06dd148b7bc88413099170128,prompts/agent-product-launches/runs/foundation-pvp_ontrack.com_2026-05-13.json
prompts/agent-product-launches/runs/foundation-pvp_onwardhealthcare.com_2026-05-13.json,c869e9f39f01a873fa6bf75c93c88ed5fbcc0a01,1e8ce5f42f6a0eb9cbbae762e4bbb2ea237c5db94250d8272d9692162cab415e,prompts/agent-product-launches/runs/foundation-pvp_onwardhealthcare.com_2026-05-13.json
prompts/agent-product-launches/runs/foundation-pvp_onyxcentersource.com_2026-05-13.json,f7f2d9032881a4cb2032205ac750d6b7820f5408,39a1505b334f9ce75a59755cb1ce9dcc20af2fc5f74e93840c196ea780ef841e,prompts/agent-product-launches/runs/foundation-pvp_onyxcentersource.com_2026-05-13.json
prompts/agent-product-launches/runs/foundation-pvp_opaafood.com_2026-05-13.json,51757496719b82483ef4153a20688afd3d3f9611,43367825213bef9755acb8930c29ef50e47f051886e7afe39ac15d1672630892,prompts/agent-product-launches/runs/foundation-pvp_opaafood.com_2026-05-13.json
prompts/agent-product-launches/runs/foundation-pvp_opendestinations.com_2026-05-13.json,2da3dfd9f884d7266ece5d6957a5dfc21338d600,8e66a645220479d68776a4bce5dbcb886b3fb456b447ce4684491ee3a410e04e,prompts/agent-product-launches/runs/foundation-pvp_opendestinations.com_2026-05-13.json
prompts/agent-product-launches/runs/foundation-pvp_opengi.co.uk_2026-05-13.json,2692561e3aa796ee3f81f2d479aebd1fdc709bca,b31b3fd91f0ffdeeaa8a4850f45b1cbeeb2633ab008dce541a03968d2b1df0a8,prompts/agent-product-launches/runs/foundation-pvp_opengi.co.uk_2026-05-13.json
prompts/agent-product-launches/runs/foundation-pvp_openlink.com_2026-05-13.json,1f9d72f5267fcdf873deaf83eae4b19aa38b7d4c,500c88022b7779118875e0b73055d7fe47080cf1b56d66103624963d234e86bb,prompts/agent-product-launches/runs/foundation-pvp_openlink.com_2026-05-13.json
prompts/agent-product-launches/runs/foundation-pvp_openwave.com_2026-05-13.json,524ddc37a3f23a375c88c2b36f61b0a49349e97b,b1ea8d76e1b33ab7f861b2ed8a63582de8692028f352446585569b4806a7d1f4,prompts/agent-product-launches/runs/foundation-pvp_openwave.com_2026-05-13.json
prompts/agent-product-launches/runs/foundation-pvp_opisnet.com_2026-05-13.json,46d6931141001ef852a7461a46e5186fab601998,b7ec898e3953db20fd2702885614318a064ccf5a6f0e04f7114e00ca2464741a,prompts/agent-product-launches/runs/foundation-pvp_opisnet.com_2026-05-13.json
prompts/agent-product-launches/runs/foundation-pvp_opportune.com_2026-05-13.json,de9508edeb01c62571212492d3618fee77d606a3,5929e3547f7699fdeaa1caa0c7cb13441209463b0486d0437887cbe052a24971,prompts/agent-product-launches/runs/foundation-pvp_opportune.com_2026-05-13.json
prompts/agent-product-launches/runs/foundation-pvp_opteonsolutions.com_2026-05-13.json,d2b0f361fc6ff88261146e42676ce7c99a4fec65,05db87a3a2109b080dace100ffb6a5a6e5fd9e3dee056be29c644589a34e0da9,prompts/agent-product-launches/runs/foundation-pvp_opteonsolutions.com_2026-05-13.json
prompts/agent-product-launches/runs/foundation-pvp_optimas.com_2026-05-13.json,0ce302141765947097858d1f0fa427fbae8bc7d3,a96a8e2bb6621ff618703ee38df72d092c552b3d153394b23fe8af086f1da303,prompts/agent-product-launches/runs/foundation-pvp_optimas.com_2026-05-13.json
prompts/agent-product-launches/runs/foundation-pvp_optimisemedia.com_2026-05-13.json,ff716c0f5f550ec11e8783c043ed3d0f3d649b88,3c533a31d52849bfa996321b47785fc3f5c9ed2e20958076799974af023b4fd0,prompts/agent-product-launches/runs/foundation-pvp_optimisemedia.com_2026-05-13.json
prompts/agent-product-launches/runs/foundation-pvp_opusing.com_2026-05-13.json,6ba23e5d5cfb1b664007b9388906291d7b37dfa3,2bb9b30d1fd19f9ee092be9944e3f1b71c05d4f86a4a9fcb53c9829dd400bfc8,prompts/agent-product-launches/runs/foundation-pvp_opusing.com_2026-05-13.json
prompts/agent-product-launches/runs/foundation-pvp_opustechglobal.com_2026-05-13.json,611de9095b1194fc43fc5ee92144051aa24f2974,3ce27ea5977e86cc699d977f2b501d15d69b6396422b6ac1061789fc97313b43,prompts/agent-product-launches/runs/foundation-pvp_opustechglobal.com_2026-05-13.json
prompts/agent-product-launches/runs/foundation-pvp_opwglobal.com_2026-05-13.json,122326c30b7816d6eb84f6a830fd5335a534e69a,23e31ed045f985cb88ecd457dabc615cb5c619deaf1541500315d23b861db262,prompts/agent-product-launches/runs/foundation-pvp_opwglobal.com_2026-05-13.json
prompts/agent-product-launches/runs/foundation-pvp_orangebox.com_2026-05-13.json,6bbecc78ef9c748916d7d498208bb9508b32c41c,2fc88f010538afd14f92f374c8732278567f8caae2d2cd4c402bb50be00a899d,prompts/agent-product-launches/runs/foundation-pvp_orangebox.com_2026-05-13.json
prompts/agent-product-launches/runs/foundation-pvp_orbiseducation.com_2026-05-13.json,d9ac2ed19647ba647a8211efdcf10d516550331f,c4483e3e2c9e14b815e710e987889b003fac5c73969904088ddaa940884dcdea,prompts/agent-product-launches/runs/foundation-pvp_orbiseducation.com_2026-05-13.json
prompts/agent-product-launches/runs/foundation-pvp_origence.com_2026-05-13.json,fd09c61cd8b802e03e94f8b3598e50f8c2445f2e,a2d573be8cc5c040cefbd14a6eb6e306293b07527eaf0d5e7280d95f30b0cced,prompts/agent-product-launches/runs/foundation-pvp_origence.com_2026-05-13.json
prompts/agent-product-launches/runs/foundation-pvp_orionadvisortech.com_2026-05-13.json,674d807e71507efb4a5df640b2a68275437a37dd,ae262124501f28e64066b2b121e910ac64e6e774adff9bddf6048eabb812e745,prompts/agent-product-launches/runs/foundation-pvp_orionadvisortech.com_2026-05-13.json
prompts/agent-product-launches/runs/foundation-pvp_orthofi.com_2026-05-13.json,dec6b6a48ea92082d05898484ea7abee2529dff1,4415594b2e585ca2f0f9ac47ae3b6d82a7b2bc0e83156f142cda23a5fc5ce2dd,prompts/agent-product-launches/runs/foundation-pvp_orthofi.com_2026-05-13.json
prompts/agent-product-launches/runs/foundation-pvp_orthomolecularproducts.com_2026-05-13.json,ca2d776d57e443002e8237a6fd16b9c04727dd22,6198b150d0e09c298983df9891d848fccc27554a96418f4eed6729207c1f1578,prompts/agent-product-launches/runs/foundation-pvp_orthomolecularproducts.com_2026-05-13.json
prompts/agent-product-launches/runs/foundation-pvp_osgconnect.com_2026-05-13.json,2d895b653cb5093c9a62873e27fae32ae09e0427,c3e430a7866b6b1704e75c1c5a5a0d5f6e20e2ebc0e30ef07682c46a0daac286,prompts/agent-product-launches/runs/foundation-pvp_osgconnect.com_2026-05-13.json
prompts/agent-product-launches/runs/foundation-pvp_osidigital.com_2026-05-13.json,dad3085ef3efcd86e93062ee663e823643d0fac8,66d62a922721916097f57a05b5eac50db7f8e09ae616849f3c920469e4ec9be7,prompts/agent-product-launches/runs/foundation-pvp_osidigital.com_2026-05-13.json
prompts/agent-product-launches/runs/foundation-pvp_osplabs.com_2026-05-13.json,08f08492d4fb5eb003181fd36603875d3e4c51e5,d45979499ec5e3e7ea45d3b6c4027e719e39958225c78c343202693ccc3a555f,prompts/agent-product-launches/runs/foundation-pvp_osplabs.com_2026-05-13.json
prompts/agent-product-launches/runs/foundation-pvp_ostglobal.com_2026-05-13.json,0a3ab112abd0af28dd3393391a0d3b6b2afb7ccc,296fb6f7da88384f2d2c8adcca99eafaefc5a592ba59d65c79e5a7ae1ebc5e0b,prompts/agent-product-launches/runs/foundation-pvp_ostglobal.com_2026-05-13.json
prompts/agent-product-launches/runs/foundation-pvp_osttra.com_2026-05-13.json,59f062fb0815b8ca28e9951e8d2db02d53048865,3f9f0df1075440f164987863acb7f7ee0349af3a1f841b1c087012ea0a6dc4c7,prompts/agent-product-launches/runs/foundation-pvp_osttra.com_2026-05-13.json
prompts/agent-product-launches/runs/foundation-pvp_osv.com_2026-05-13.json,a5a89d2e5f23efb641a8ce49fd56efe635f39384,1d5eb848afdbabb0900e4228185122c9c3fd658765b23b9f24713e42fde79e13,prompts/agent-product-launches/runs/foundation-pvp_osv.com_2026-05-13.json
prompts/agent-product-launches/runs/foundation-pvp_otcmarkets.com_2026-05-13.json,a8a08dd738453b72a1af9e0dd62271ed2fc92673,5c80f0ada557126f859d4e14fef781b03bf299a26a66c7ea5d9dc83fc79f0f3d,prompts/agent-product-launches/runs/foundation-pvp_otcmarkets.com_2026-05-13.json
prompts/agent-product-launches/runs/foundation-pvp_otelier.io_2026-05-13.json,eaa80d5a5ecaf1a1a2452d1137f50eaabcae845d,8e55361d96e0b30fa6e8cf2c41c827a0fff3ee6e62d9a44422552390131bfd0e,prompts/agent-product-launches/runs/foundation-pvp_otelier.io_2026-05-13.json
prompts/agent-product-launches/runs/foundation-pvp_otsi-global.com_2026-05-13.json,6774f722ba66503bd4aae08ddd27c4bc36409a88,9de31b41f10bcfdb772d2215f88970a2e0f244f3cb04b259bfe5d54921aa8449,prompts/agent-product-launches/runs/foundation-pvp_otsi-global.com_2026-05-13.json
prompts/agent-product-launches/runs/foundation-pvp_outplex.com_2026-05-13.json,898839e3effb743e1dea7d2db23a989ede34486e,aa862747ae35693f41bfdca1aee2c2a69f95f9dc32f2e7151aedf4b2e169080b,prompts/agent-product-launches/runs/foundation-pvp_outplex.com_2026-05-13.json
prompts/agent-product-launches/runs/foundation-pvp_outworx.com_2026-05-13.json,faf16b1abc9d6e83cd59ec228b75eebc183abffd,1711c5cd1181fe42adcf870d377aa375159bb0dbfd770a2dbe7035e29a04865f,prompts/agent-product-launches/runs/foundation-pvp_outworx.com_2026-05-13.json
prompts/agent-product-launches/runs/foundation-pvp_ovhcloud.com_2026-05-13.json,7f5fd0df9437bf5c3e007bb61793d23244aecadb,968b3e95c1f44daf262d028e67de774b186e00dc8db7e7c4c3838204b77e2e12,prompts/agent-product-launches/runs/foundation-pvp_ovhcloud.com_2026-05-13.json
prompts/agent-product-launches/runs/foundation-pvp_p360.com_2026-05-13.json,e142a39bb6f9bd097f2f23cfa8c6f473adee67ea,fc36f71d6848e46ed43424881a8381ff35e666d5a59ca07665a10993b2107f5c,prompts/agent-product-launches/runs/foundation-pvp_p360.com_2026-05-13.json
prompts/agent-product-launches/runs/foundation-pvp_pacificoffice.com_2026-05-13.json,f1a2d6510bcc0989218f62b1db57a94d05fc106e,83394e8df581806475ea4d9994e7168a5bbc2b7cef6b219fb57a2a62bd2127fa,prompts/agent-product-launches/runs/foundation-pvp_pacificoffice.com_2026-05-13.json
prompts/agent-product-launches/runs/foundation-pvp_packsend.com.au_2026-05-13.json,feca3e83f4aada0d99febe1d1f3ded66a2571505,01db389fcd6126eb5d235a754a019804be6c3e915b72bb01c778ff40bccbd836,prompts/agent-product-launches/runs/foundation-pvp_packsend.com.au_2026-05-13.json
prompts/agent-product-launches/runs/foundation-pvp_packtpub.com_2026-05-13.json,d28fb4467fb937c798bcfe8ffa02ae33d338db5d,e8816e511bbc6761a08d21d36816013f6119e9d333b1c58335ca5e59da2f77ed,prompts/agent-product-launches/runs/foundation-pvp_packtpub.com_2026-05-13.json
prompts/agent-product-launches/runs/foundation-pvp_pal.tech_2026-05-13.json,e4207b76b6a8d449ab6706ff3ca1a851953b5b78,099f24ac67bcdcda47b950df48603e2d83383ec6ef5faba9ae0d80644ab41127,prompts/agent-product-launches/runs/foundation-pvp_pal.tech_2026-05-13.json
prompts/agent-product-launches/runs/foundation-pvp_palairlines.ca_2026-05-13.json,b61c50b4c53a4f0b51ec9105d185252032cbeea5,8b57a0670b7733e0304a5af57bad35fdb234f9b5843d2e1e44c1d5df5444508f,prompts/agent-product-launches/runs/foundation-pvp_palairlines.ca_2026-05-13.json
prompts/agent-product-launches/runs/foundation-pvp_palcofirst.com_2026-05-13.json,5b9f3b5fe7aa2d82078688258a3ad841f3050beb,2b183b5b1628be7fbb09562aaaf99e69c4754f38744b46b2450b471b0a4b913b,prompts/agent-product-launches/runs/foundation-pvp_palcofirst.com_2026-05-13.json
prompts/agent-product-launches/runs/foundation-pvp_palmbeachtan.com_2026-05-13.json,d6c2e4774e795c8f2674afbc86cef00096270bd8,d64c361e3b6bd07642d7b7d619c03c25bc9a48bde0054acc56de08f79d5dc6b0,prompts/agent-product-launches/runs/foundation-pvp_palmbeachtan.com_2026-05-13.json
prompts/agent-product-launches/runs/foundation-pvp_pantheon-inc.com_2026-05-13.json,3482e8728cd221e46267211190d84a49ce69d135,7b16c561482e59fb60be2c30e8e8301449c5dd6f9e1bfba93c8e769ca174c805,prompts/agent-product-launches/runs/foundation-pvp_pantheon-inc.com_2026-05-13.json
prompts/agent-product-launches/runs/foundation-pvp_papercut.com_2026-05-13.json,4e410cce5b3a8dc0e31b6f74d21134377a267a40,f416ec5ab2195fa20b1772061cfaa62894b596db68a0dd8674271d4d5d270829,prompts/agent-product-launches/runs/foundation-pvp_papercut.com_2026-05-13.json
prompts/agent-product-launches/runs/foundation-pvp_par.com_2026-05-13.json,51975e53a066e016a9dc0f36cb62e9751b2a0851,5c99a2c8d298b5878b8ee7993d54b3d916ada877fa1e34b3b6aaf11d419ecd05,prompts/agent-product-launches/runs/foundation-pvp_par.com_2026-05-13.json
prompts/agent-product-launches/runs/foundation-pvp_paragones.com_2026-05-13.json,796c3f01b35702dda697d83ee4e370e5c88b6fd8,789e691347c22ccc5a4188183450986b4a4f7e45fd004e5a41f43aa2fafb32e9,prompts/agent-product-launches/runs/foundation-pvp_paragones.com_2026-05-13.json
prompts/agent-product-launches/runs/foundation-pvp_parametricportfolio.com_2026-05-13.json,39d43d6533e24acb756f691c82af31c2f23434f1,77b4723a2dcd1a2da3bd95692dc8058aa0b0867318c1917339a767b1d2a290f4,prompts/agent-product-launches/runs/foundation-pvp_parametricportfolio.com_2026-05-13.json
prompts/agent-product-launches/runs/foundation-pvp_parkerwellbore.com_2026-05-13.json,1b738b53ad936856cfbcf1a13ac43612abba11d0,3dcdd749ecf2ac241bea6151acd9285aa54b86cf57037d131cd827a91004e564,prompts/agent-product-launches/runs/foundation-pvp_parkerwellbore.com_2026-05-13.json
prompts/agent-product-launches/runs/foundation-pvp_parsecinc.com_2026-05-13.json,9b16e6b0f295f507a858d3782a68e3675e980a61,6facd8136e85fcf81bea9200b98c0e4e66a5828556792664f636cfec067cbc55,prompts/agent-product-launches/runs/foundation-pvp_parsecinc.com_2026-05-13.json
prompts/agent-product-launches/runs/foundation-pvp_pason.com_2026-05-13.json,b09bf7f1c6a098be3e20985db62875d0072998d2,e31f56133a1d4712828a89448f9fc9a18e4b7ede8b33d3e56a3729839d0d07c8,prompts/agent-product-launches/runs/foundation-pvp_pason.com_2026-05-13.json
prompts/agent-product-launches/runs/foundation-pvp_paybyphone.com_2026-05-13.json,cd7b0e02357b2224b080c90efd33493b57a248e9,d453ba421a1333dddaa892dea696480796227d635b84548ccb33bba4a7c01103,prompts/agent-product-launches/runs/foundation-pvp_paybyphone.com_2026-05-13.json
prompts/agent-product-launches/runs/foundation-pvp_paymentsense.com_2026-05-13.json,201061032042687e929a21fcd53b082b639d34dc,2ad102437629a7036fee109d36918c4c00fbcb77b29cd3f6586a177e85e555a6,prompts/agent-product-launches/runs/foundation-pvp_paymentsense.com_2026-05-13.json
prompts/agent-product-launches/runs/foundation-pvp_paystream.co.uk_2026-05-13.json,3c0d121fb6937e6203ce27c3c7e84f8bc5f04242,6006a419e90f94c1301cb47062327f992583485c44a2c68f4c8f7625eaabc00b,prompts/agent-product-launches/runs/foundation-pvp_paystream.co.uk_2026-05-13.json
prompts/agent-product-launches/runs/foundation-pvp_pbssystems.com_2026-05-13.json,a9cece3a98a0763d1cf034b56dd75ff222e3a1b1,668d86cca94d2f682c558bc83f3ac674b15ad7793b451599c9bc178a6cb082bc,prompts/agent-product-launches/runs/foundation-pvp_pbssystems.com_2026-05-13.json
prompts/agent-product-launches/runs/foundation-pvp_pcaglobal.com_2026-05-13.json,d7dc51696f0e9814d83f8e3393349427a71d12be,4312b315dfc834817cde7fa26988f28d433972aecb256663101c036d311d9235,prompts/agent-product-launches/runs/foundation-pvp_pcaglobal.com_2026-05-13.json
prompts/agent-product-launches/runs/foundation-pvp_pcconnection.com_2026-05-13.json,5d3db8989e5424fd09f32b882e1e86a631ea5ff2,5655803cd61753153ebcc3f760a024cd1252c4337890454df1bddcb914fc5e55,prompts/agent-product-launches/runs/foundation-pvp_pcconnection.com_2026-05-13.json
prompts/agent-product-launches/runs/foundation-pvp_pchintl.com_2026-05-13.json,5c180d5524006734a6fa36b60a7d1bb32959fbcf,929f6e0896c5d7711208e582bd47d6a5832f7c5678c502ee721f6020ce2c872b,prompts/agent-product-launches/runs/foundation-pvp_pchintl.com_2026-05-13.json
prompts/agent-product-launches/runs/foundation-pvp_pcienergysolutions.com_2026-05-13.json,76e4f95d3276e0bfd0384acbf08732835e52a608,bb3f0e9693e96076e1ddfa0cc2df143086b564bf4b0bd90a780021decc66e249,prompts/agent-product-launches/runs/foundation-pvp_pcienergysolutions.com_2026-05-13.json
prompts/agent-product-launches/runs/foundation-pvp_pcigroup.com_2026-05-13.json,bfaa4ac0b8be5ed5dbe71b7f948dce32ebbbad6a,fafb56b94dec14ab270b441be8967b0f004f3161578a110bcea2b97ae4cbd8fd,prompts/agent-product-launches/runs/foundation-pvp_pcigroup.com_2026-05-13.json
prompts/agent-product-launches/runs/foundation-pvp_pdf.com_2026-05-13.json,43cf4431ff80cdb4fb800131de3320640e42e8e9,6f0772f5e2471df72ed44d0f90a41d672ec66ad2372a6cb3ebe2d16527d406e6,prompts/agent-product-launches/runs/foundation-pvp_pdf.com_2026-05-13.json
prompts/agent-product-launches/runs/foundation-pvp_pds.police.uk_2026-05-13.json,dd7214558cd5b79bef521e8bf566b742e5bc00af,4cf87dee94be766bf4576b95ad4ccc5e519f0fa4a7ec5e0a9190e944e64464a7,prompts/agent-product-launches/runs/foundation-pvp_pds.police.uk_2026-05-13.json
prompts/agent-product-launches/runs/foundation-pvp_peaksupport.io_2026-05-13.json,9564976d0676414d9c7d31d8d0d58e894308e183,cc5f6024fe557482755047d38188d3cecc623632d2b3eee624fd343a7b67ec6a,prompts/agent-product-launches/runs/foundation-pvp_peaksupport.io_2026-05-13.json
prompts/agent-product-launches/runs/foundation-pvp_peaktech.com_2026-05-13.json,98f5cf4e092faa3a8eebbf5808ee5edc40e85044,0c63827d707eb27df4f5bf7299281dcfc45822cad16f316a789b8e6ee714349e,prompts/agent-product-launches/runs/foundation-pvp_peaktech.com_2026-05-13.json
prompts/agent-product-launches/runs/foundation-pvp_peaktechnical.com_2026-05-13.json,f6fa78fe53c7a83c4877718183b2db8c94e621ca,cda0f43d69a1ca6e525fd7deed8458a23af7f2c27d1f03f2f8058cf5e4ef63cc,prompts/agent-product-launches/runs/foundation-pvp_peaktechnical.com_2026-05-13.json
prompts/agent-product-launches/runs/foundation-pvp_pegasustranstech.com_2026-05-13.json,2c773caa742897cac1c5e639296043ec958e5878,21b30b4a23068e2865449a1b2023ab9941067fcaedcd8be8ebe5e8ceb7b68268,prompts/agent-product-launches/runs/foundation-pvp_pegasustranstech.com_2026-05-13.json
prompts/agent-product-launches/runs/foundation-pvp_pelicanbiothermal.com_2026-05-13.json,34ef470ecdc448b13604f83cba757730ae4bb1c4,2917c509c3001518cd32d24f39315d8e6eef0eb68bce07d173835f0da52c27eb,prompts/agent-product-launches/runs/foundation-pvp_pelicanbiothermal.com_2026-05-13.json
prompts/agent-product-launches/runs/foundation-pvp_peninsulagrouplimited.com.au_2026-05-13.json,3ac6a58d2eeb1e7ac5d0cc4c637f51bf1c854402,3b10546265a8058c313113aa6faf866930216242a8bb606d297d3a4ba9d908ce,prompts/agent-product-launches/runs/foundation-pvp_peninsulagrouplimited.com.au_2026-05-13.json
prompts/agent-product-launches/runs/foundation-pvp_penlink.com_2026-05-13.json,70fb354c2e0bae60801a6ce862aa6ed8a80a50fa,e915d4b251a57d54f8ec332227545445411f871f3d8ef80d00984d6fe72ebeef,prompts/agent-product-launches/runs/foundation-pvp_penlink.com_2026-05-13.json
prompts/agent-product-launches/runs/foundation-pvp_pentanasolutions.com_2026-05-13.json,a61d288e99b488586bff73e40b4cc865e282f66d,4dca73a3bce3400b0ada1df37e9e4642567f5f50cfd85997af95005583ddba72,prompts/agent-product-launches/runs/foundation-pvp_pentanasolutions.com_2026-05-13.json
prompts/agent-product-launches/runs/foundation-pvp_pentenamio.com_2026-05-13.json,099eac25e87ea500d01a3a3d5bd6149af41953b8,0603c4ca04da9c3e99961538c37e4b58d6b480349572f9126de67007d6f9410e,prompts/agent-product-launches/runs/foundation-pvp_pentenamio.com_2026-05-13.json
prompts/agent-product-launches/runs/foundation-pvp_peopletech.com_2026-05-13.json,3ba61dbfe5c6a2aea6b3c5f9d0091f678cf213f7,23a0c37079de97d74caad94bc8b91efac69c673dc5b9c03735493630857091a3,prompts/agent-product-launches/runs/foundation-pvp_peopletech.com_2026-05-13.json
prompts/agent-product-launches/runs/foundation-pvp_performanthealthcare.com_2026-05-13.json,502a882e3edb2157589a1ff5c1517cd6c9d5d0ef,774ec0b07a7e74dfc3f00a921e1fd55a4e86d5904a23ef41340e295599eb7103,prompts/agent-product-launches/runs/foundation-pvp_performanthealthcare.com_2026-05-13.json
prompts/agent-product-launches/runs/foundation-pvp_periscope.com_2026-05-13.json,d0b83a4fc5534a26fb868c97cfbd6ba9cd225c4f,2ce34c8afc22ab123c2945b3fe98b1c1c6c789f104283cfe71e6584c7e150ad3,prompts/agent-product-launches/runs/foundation-pvp_periscope.com_2026-05-13.json
prompts/agent-product-launches/runs/foundation-pvp_personifyhealth.com_2026-05-13.json,26bc64bf8914badc372d005f90b798b7f8b28f94,92ae2ad66dd26520618aecec61d9238f6a3edb2075c2f86738cb3488bd7ad65d,prompts/agent-product-launches/runs/foundation-pvp_personifyhealth.com_2026-05-13.json
prompts/agent-product-launches/runs/foundation-pvp_pesi.com_2026-05-13.json,0759dcfd943f639f7e165ffec63270dd7b680016,d98139616d915add6f8a9964a67bf3033ea59158bd275f67bba0719c1f00f370,prompts/agent-product-launches/runs/foundation-pvp_pesi.com_2026-05-13.json
prompts/agent-product-launches/runs/foundation-pvp_petal-health.com_2026-05-13.json,36d6c4550a39d9a493b0a0ed2322463b0ccb96bb,f1539f9da6cd8879716d5751f56c176fc1451311936e6b9e3227187431f58707,prompts/agent-product-launches/runs/foundation-pvp_petal-health.com_2026-05-13.json
prompts/agent-product-launches/runs/foundation-pvp_petalmd.com_2026-05-13.json,a5718ec9a64e8f3548a92d7a4e3af62fc08fdb21,4acb81e84c4480091d3c09a5e5eda2d1dfcca3fa5019e778be9d4d59ba17c3d9,prompts/agent-product-launches/runs/foundation-pvp_petalmd.com_2026-05-13.json
prompts/agent-product-launches/runs/foundation-pvp_pfm.com_2026-05-13.json,aced5d19f8adb17b0566259463bde29239adeb4a,f6ca26fdeaf03006844c35c21d016ee1018aac8ce3babe234784ef9db4ee5a9d,prompts/agent-product-launches/runs/foundation-pvp_pfm.com_2026-05-13.json
prompts/agent-product-launches/runs/foundation-pvp_pharmacord.com_2026-05-13.json,e1a574b085fc4c32efd09d7fa500c8bd9c839a8e,fafda72c0b29e8185de1e68312b550ffaef5cabaa9145eb5f4e1f5b01aa00ea5,prompts/agent-product-launches/runs/foundation-pvp_pharmacord.com_2026-05-13.json
prompts/agent-product-launches/runs/foundation-pvp_pharmscript.com_2026-05-13.json,78e4f28060e3d71c0cebc157d8b5782a55aad1c2,c73494f1b7c7de116b7af4b248c48a41c5cb98f93568c47aa9782531e75ac9c1,prompts/agent-product-launches/runs/foundation-pvp_pharmscript.com_2026-05-13.json
prompts/agent-product-launches/runs/foundation-pvp_pharosiq.com_2026-05-13.json,a256c04b569e81d378071b98fb80cef3e9e526f8,d35f2dada3b1852bb56777d6dbd644daf58c9fa6a10e7e93bb864aa585f09740,prompts/agent-product-launches/runs/foundation-pvp_pharosiq.com_2026-05-13.json
prompts/agent-product-launches/runs/foundation-pvp_phase2technology.com_2026-05-13.json,4e382b893e956f6d067323d2322ffba8323f0ca8,e751aba7ff68d1b910707da912a2f00e7f954ac291f94602c2e3e6b1aaa21c5c,prompts/agent-product-launches/runs/foundation-pvp_phase2technology.com_2026-05-13.json
prompts/agent-product-launches/runs/foundation-pvp_phiairmedical.com_2026-05-13.json,e66a06f35c17d888da00fa16346aa3f7a3cf4a75,d2f7d06bcda401299d9ba0b1e514ad485545fc3157d1acea3860d9031115f58b,prompts/agent-product-launches/runs/foundation-pvp_phiairmedical.com_2026-05-13.json
prompts/agent-product-launches/runs/foundation-pvp_phillipsandtemro.com_2026-05-13.json,5a170a3d73d2d8ec70043b89d3b34a46856abe4c,85c3b61b9c0e805830c5315599df38c3af27d6c23cec03fbc69b402c62bc6da7,prompts/agent-product-launches/runs/foundation-pvp_phillipsandtemro.com_2026-05-13.json
prompts/agent-product-launches/runs/foundation-pvp_phmg.com_2026-05-13.json,41ff9788e2605e128dc535c76466e688e7a18d32,4830b0bef6dbfbc032f13e16613ad6652e52ea422dba77a8b4e94c93c5f2469e,prompts/agent-product-launches/runs/foundation-pvp_phmg.com_2026-05-13.json
prompts/agent-product-launches/runs/foundation-pvp_phx-defense.com_2026-05-13.json,21bbf6a7aea9a194cfd7ba3c72f83dc9e1c96d3b,ca5f7ed85c1202937d2dea549527695b1a37d3910072db5244a6db6f890c52c2,prompts/agent-product-launches/runs/foundation-pvp_phx-defense.com_2026-05-13.json
prompts/agent-product-launches/runs/foundation-pvp_picis.com_2026-05-13.json,0af555a2725a4b3154958f028a8ad482eaa8640a,8627033a4746bd1ba4c4d55f4f723d9dea9f8d64c584b68a773f363f8f4b2e1c,prompts/agent-product-launches/runs/foundation-pvp_picis.com_2026-05-13.json
prompts/agent-product-launches/runs/foundation-pvp_piedmontglobal.com_2026-05-13.json,e1ed5e3c3174c595af5a6e0d114fabe2b2b0ee3f,f087a3c0faa4f5d43844976b4230b83d382b66f591b6ca81638dd80b1e115ae8,prompts/agent-product-launches/runs/foundation-pvp_piedmontglobal.com_2026-05-13.json
prompts/agent-product-launches/runs/foundation-pvp_piloggroup.com_2026-05-13.json,47ec1c0f7a231138db2974b8e7aec45648346b9a,496f3c80ff09aa86f38190236d36978c8d2e3ca1fec3aa42f3d7fdd5aaf5a4dd,prompts/agent-product-launches/runs/foundation-pvp_piloggroup.com_2026-05-13.json
prompts/agent-product-launches/runs/foundation-pvp_pimsinc.com_2026-05-13.json,82c9ffba5ba00d178633b65cffe32ef5a829c3ad,6fce285e2ac74494c5584419d9a006b4401ea4531e478efab546cc2e89f3a5b2,prompts/agent-product-launches/runs/foundation-pvp_pimsinc.com_2026-05-13.json
prompts/agent-product-launches/runs/foundation-pvp_pinewood.ai_2026-05-13.json,939d1d90ef53595ac436e7816e0b15edcd29acfa,eccad52d30da2fcf25f3ccefb1a1bdc4326c23eb6620f6bbbad7754a047804df,prompts/agent-product-launches/runs/foundation-pvp_pinewood.ai_2026-05-13.json
prompts/agent-product-launches/runs/foundation-pvp_pinnaclefertility.com_2026-05-13.json,8096389913234374944cc21ec2612dcf52eb2e5f,e3f651f545b079b133c28e1a2eea34b4f362f2400deb8ae06140607c731ec413,prompts/agent-product-launches/runs/foundation-pvp_pinnaclefertility.com_2026-05-13.json
prompts/agent-product-launches/runs/foundation-pvp_pinnaclereliability.com_2026-05-13.json,b4eb1fe88c84c07bd3110354806cf5e0170076a0,cb320b4530312f7ad7fc4d01c9042e8125f11215ec5f054020221b0ab99fa105,prompts/agent-product-launches/runs/foundation-pvp_pinnaclereliability.com_2026-05-13.json
prompts/agent-product-launches/runs/foundation-pvp_piovan.com_2026-05-13.json,5779d7a1bdcfa50ab6a4d3faaec8fed534251840,166e93236edfbfe7bc5a05b0838a3ff0b7d11e3b4448288e1bfc4dc6d9bf152d,prompts/agent-product-launches/runs/foundation-pvp_piovan.com_2026-05-13.json
prompts/agent-product-launches/runs/foundation-pvp_planningcenter.com_2026-05-13.json,2bce4c0a8cb8c19af5c64a2cc7de66b11538d7db,f3df0cc609bdc27eb5f05d6608591128c3fd3706364065c772a6759e7cd006ed,prompts/agent-product-launches/runs/foundation-pvp_planningcenter.com_2026-05-13.json
prompts/agent-product-launches/runs/foundation-pvp_planonsoftware.com_2026-05-13.json,5461b116b74bdf6a1cd00a2a32c3a366b03a5b0f,51641d96a974f91a3e64ed545ae75e090309dc57396d666cd1b358ac558662b2,prompts/agent-product-launches/runs/foundation-pvp_planonsoftware.com_2026-05-13.json
prompts/agent-product-launches/runs/foundation-pvp_plasmacomp.com_2026-05-13.json,85e9e962372c9341f068af6e22aee4f3d68b09db,527fc66f13f091c708a240ad768808e6c09e10039f8b3ba0cb0cec914dcb97e1,prompts/agent-product-launches/runs/foundation-pvp_plasmacomp.com_2026-05-13.json
prompts/agent-product-launches/runs/foundation-pvp_plaxonic.com_2026-05-13.json,6dbb978337613bcbaeb6deccc2d7dc748b5e5489,897dfdcec36004444a029fddbef66c8720ea55e9923fae261565dd2dd45509ee,prompts/agent-product-launches/runs/foundation-pvp_plaxonic.com_2026-05-13.json
prompts/agent-product-launches/runs/foundation-pvp_plus-ti.com_2026-05-13.json,50b52731be03d88bd74cab974d754128f5516233,cd0e3b3a9a66110a0dbb82d1931eba9bf377d41178d93e93087a91cba0d5a7db,prompts/agent-product-launches/runs/foundation-pvp_plus-ti.com_2026-05-13.json
prompts/agent-product-launches/runs/foundation-pvp_pmam.com_2026-05-13.json,4e5673dcd443365ce6a52f227243ba336a3bfc58,d12512dd97311fbe7fdee31b42bbebf0262931ce549ed2a0164d9a8d9f9bff09,prompts/agent-product-launches/runs/foundation-pvp_pmam.com_2026-05-13.json
prompts/agent-product-launches/runs/foundation-pvp_pmccommerce.com_2026-05-13.json,afed9db8d4d8ebe495f817e2cc1318831d1c095c,11ab678c89bd38cbb87fc620a309311eaf8cc04cc3b6478d669fef89c8ade63a,prompts/agent-product-launches/runs/foundation-pvp_pmccommerce.com_2026-05-13.json
prompts/agent-product-launches/runs/foundation-pvp_point-of-rental.com_2026-05-13.json,edd574020eae5e7dece435fa4de2624db5ecc556,39ee199790b39a15ed7cde32b5adbaad5a3e5bb727fce819d21428aeddb82c14,prompts/agent-product-launches/runs/foundation-pvp_point-of-rental.com_2026-05-13.json
prompts/agent-product-launches/runs/foundation-pvp_polytec.com_2026-05-13.json,2807bd15465004f307ad06f4409f462750311d79,acb11cad3cf286869fb57b66f94880c47a6ac92fcd91cb02b95c66230f0341b4,prompts/agent-product-launches/runs/foundation-pvp_polytec.com_2026-05-13.json
prompts/agent-product-launches/runs/foundation-pvp_pond5.com_2026-05-13.json,12353a6816386efef9022af4f64dbf0a4e5eb9b6,9913184ed8c938019c0330cb8787528221b04c7e6238bfdb95254a95e6baaf11,prompts/agent-product-launches/runs/foundation-pvp_pond5.com_2026-05-13.json
prompts/agent-product-launches/runs/foundation-pvp_position2.com_2026-05-13.json,86d22884348531c71c65084c9b43baa3577828c0,85a708a0501b2636540180438a5774fb518ae61cc2824227fbdb8f91097f15e5,prompts/agent-product-launches/runs/foundation-pvp_position2.com_2026-05-13.json
prompts/agent-product-launches/runs/foundation-pvp_positionpartners.com.au_2026-05-13.json,8695e1ba95f5202078186206154b18a1f927d297,edde82d0daec28dc673105b010dc2c95e0a82feb49faa2c83725db79d84e98d5,prompts/agent-product-launches/runs/foundation-pvp_positionpartners.com.au_2026-05-13.json
prompts/agent-product-launches/runs/foundation-pvp_pottersignal.com_2026-05-13.json,45c85b61b6d8e2468eb07f995acf2122516b5e62,6a1190fbed9fcd6c6b2e9ef1a8140a6b82e6b91fca36c856407bb967883e5cce,prompts/agent-product-launches/runs/foundation-pvp_pottersignal.com_2026-05-13.json
prompts/agent-product-launches/runs/foundation-pvp_powercosts.com_2026-05-13.json,3de155f39c8a491676d29b777a251c2816792618,c83fa7a445b87393dbb692f83d774adf8bfdedcafdafb090b1b2df59fe7336a1,prompts/agent-product-launches/runs/foundation-pvp_powercosts.com_2026-05-13.json
prompts/agent-product-launches/runs/foundation-pvp_powerpartners-usa.com_2026-05-13.json,c7ec212ba8b05cfb36753fb72c62a806f89137cb,34ce8e64c2b8dea1934dbf927e40562a4aa6aed0a5e1093e9c491eb21c7cef1c,prompts/agent-product-launches/runs/foundation-pvp_powerpartners-usa.com_2026-05-13.json
prompts/agent-product-launches/runs/foundation-pvp_powersecure.com_2026-05-13.json,58ae4e9eaa729d93828b35080bbbaa799502da3c,04e76d3410e47bcf507e2520591c81dc7c7d344927847c6e7529108ac90bf027,prompts/agent-product-launches/runs/foundation-pvp_powersecure.com_2026-05-13.json
prompts/agent-product-launches/runs/foundation-pvp_powerweave.com_2026-05-13.json,e54ea267bef2335b448a556dddbe5aca4c0bbe8e,28a3d17288d565ce97a7a52b5237f80dcb1823de01be464298b78d66951e380d,prompts/agent-product-launches/runs/foundation-pvp_powerweave.com_2026-05-13.json
prompts/agent-product-launches/runs/foundation-pvp_ppa.com_2026-05-13.json,710684a02087edfac1c832489ff263d8e0eb8352,dfd1e8580c8721e30d77dc58b3cf81f2777cc4e19783f12744da8895a001de30,prompts/agent-product-launches/runs/foundation-pvp_ppa.com_2026-05-13.json
prompts/agent-product-launches/runs/foundation-pvp_ppbi.com_2026-05-13.json,a19c8122d9885a389b6d8578fe6e1fc2bf5dfa1e,32eeb1e197da6a84413b29f56abaa1ad48cbc225d174ac178a99ae61e2e25238,prompts/agent-product-launches/runs/foundation-pvp_ppbi.com_2026-05-13.json
prompts/agent-product-launches/runs/foundation-pvp_ppmtech.com_2026-05-13.json,0bab45b660c14498f7b413e9dedb72931a325fea,3eb034afce95165665ede4192732e594ae1e42d21345874fd395fbb7e556eb33,prompts/agent-product-launches/runs/foundation-pvp_ppmtech.com_2026-05-13.json
prompts/agent-product-launches/runs/foundation-pvp_practicesuite.com_2026-05-13.json,c475db4840038792224d04cb3ff3cbbb90886f92,7760a8329debe071575e2db2923346c2cec00ef6b8593ca3a32cd9a11fc2664d,prompts/agent-product-launches/runs/foundation-pvp_practicesuite.com_2026-05-13.json
prompts/agent-product-launches/runs/foundation-pvp_pragmaedge.com_2026-05-13.json,d2ed3b5b85b154726e90f35894c6d68594cfa9b8,4e343ede7a11b36f13ff3a8d36db6d64ff5ec43d142bd3ac9757abab7b21766c,prompts/agent-product-launches/runs/foundation-pvp_pragmaedge.com_2026-05-13.json
prompts/agent-product-launches/runs/foundation-pvp_prc-saltillo.com_2026-05-13.json,ce30a4967d824e6368ba9cc19071d440e68544d3,bbb1531acc331aa3b53849adbff7dda6a255f2a948be5aa1feb1906435975006,prompts/agent-product-launches/runs/foundation-pvp_prc-saltillo.com_2026-05-13.json
prompts/agent-product-launches/runs/foundation-pvp_precisiondxlab.com_2026-05-13.json,e4fd4c88818e239c69e5067db5b38462684bbfe1,525ab73d5153c8fbfbe55d6f5b36fbde2d7447a01d041f098346861c0d42a192,prompts/agent-product-launches/runs/foundation-pvp_precisiondxlab.com_2026-05-13.json
prompts/agent-product-launches/runs/foundation-pvp_precisionnutrition.com_2026-05-13.json,f70bc8bc6dd4ebf3b8a04ab2b3d7c81f93c6d94f,a6681594ee342ac28a246598871306b8268b1142c291601ba8407413f9e084a2,prompts/agent-product-launches/runs/foundation-pvp_precisionnutrition.com_2026-05-13.json
prompts/agent-product-launches/runs/foundation-pvp_preferredhomecare.com_2026-05-13.json,22fa894314c7fb50536e040ecc4c39cc018fa6f1,8530a4a950936f1e01b693f52e15369ba747b799b98690142785f808e137b612,prompts/agent-product-launches/runs/foundation-pvp_preferredhomecare.com_2026-05-13.json
prompts/agent-product-launches/runs/foundation-pvp_prgx.com_2026-05-13.json,e24b6a051ab75e25a61aecaedb3834a537b345b3,5ac0271841d192d11bf97dde6a5e8479a0b28a714095d6ab72ae7d0cd8c60838,prompts/agent-product-launches/runs/foundation-pvp_prgx.com_2026-05-13.json
prompts/agent-product-launches/runs/foundation-pvp_prialto.com_2026-05-13.json,f3dad7f0f459f8b07ce1b443fba6265860fe51db,ab47e88eafcddd3d70613dc7e46baee5495a92481021d58098fd0f8a98b46cc9,prompts/agent-product-launches/runs/foundation-pvp_prialto.com_2026-05-13.json
prompts/agent-product-launches/runs/foundation-pvp_prima.systems_2026-05-13.json,329315a2bd19893af747fe97bb6a90e92622245c,72e8d49ca9107b50865e8984a72be63886e0900222ffdea09d60041cefc51b5e,prompts/agent-product-launches/runs/foundation-pvp_prima.systems_2026-05-13.json
prompts/agent-product-launches/runs/foundation-pvp_primevigilance.com_2026-05-13.json,3c74bbf5ef186002d14c5848a6c14071b149a260,99364aa6f70a00005f4aa672b57a3393642f81c8b54709040d9fa4e440bcf649,prompts/agent-product-launches/runs/foundation-pvp_primevigilance.com_2026-05-13.json
prompts/agent-product-launches/runs/foundation-pvp_priority1inc.com_2026-05-13.json,8b1344505e1343333b6ada3338eb6b7a00def6c3,52894d74f317fd8e4c26d50fb08870baa6a5764bf1a7e90ec1fd2fbaf0fc3cdd,prompts/agent-product-launches/runs/foundation-pvp_priority1inc.com_2026-05-13.json
prompts/agent-product-launches/runs/foundation-pvp_prioritypaymentsystems.com_2026-05-13.json,e9adfd04f4fc007fa92e6beac993bd0ffd2fbb2d,ecd93cfea62caf6501c5fba5f40944169c86d47db6c07372ee509b1fd71a2bf3,prompts/agent-product-launches/runs/foundation-pvp_prioritypaymentsystems.com_2026-05-13.json
prompts/agent-product-launches/runs/foundation-pvp_prioritywaste.com_2026-05-13.json,f68ceaf977272b9b0723c4b12a2ca8fa4421ec06,8635b480e1e4358434a242cf58387534cf55468dafca9e9712b01e613f106de7,prompts/agent-product-launches/runs/foundation-pvp_prioritywaste.com_2026-05-13.json
prompts/agent-product-launches/runs/foundation-pvp_prismagraphic.com_2026-05-13.json,018b2524dd9d2ad1fbfa59c32c66d49b6c867099,d7df1bd29056a7723d565fad13fd6c9b30d63b93898dc0a4f5b630aeeab7d626,prompts/agent-product-launches/runs/foundation-pvp_prismagraphic.com_2026-05-13.json
prompts/agent-product-launches/runs/foundation-pvp_prismhr.com_2026-05-13.json,e5f7c03351587472100b9e49ebbe1c934be208ef,cbc9debf37faa46b5e3bdd7ba7f3b77c8b9268484f4ce747e9d143eee9e02a88,prompts/agent-product-launches/runs/foundation-pvp_prismhr.com_2026-05-13.json
prompts/agent-product-launches/runs/foundation-pvp_prnewswire.com_2026-05-13.json,fdaa045e16dec65b083ead8fdba4d8562800e664,778f56bf5c49245eb3b90e2f7376a16cdf98953bef4a27b9274aa0f7f821ee61,prompts/agent-product-launches/runs/foundation-pvp_prnewswire.com_2026-05-13.json
prompts/agent-product-launches/runs/foundation-pvp_proag.com_2026-05-13.json,da9c0311d96132ba809f62201500060270acc8dc,78d085f75f1ff46fd50cce74080913378cecd31096cc9d12a5e0b4d39ed57214,prompts/agent-product-launches/runs/foundation-pvp_proag.com_2026-05-13.json
prompts/agent-product-launches/runs/foundation-pvp_proconexdirect.com_2026-05-13.json,ce8693733310a7f9db51438fd6d318af4d937695,ec0a145b668cdf7eb41ee673660b053faa65d40b5efabdc4eca3d257b9aa1c15,prompts/agent-product-launches/runs/foundation-pvp_proconexdirect.com_2026-05-13.json
prompts/agent-product-launches/runs/foundation-pvp_professionalpt.com_2026-05-13.json,dceca8a6afdaa3e66ef11e934b497f0273b964de,386b9064ce6d46d245bbefbad5dc9b5cb698e8b9bd149b384b7a0e186c09163f,prompts/agent-product-launches/runs/foundation-pvp_professionalpt.com_2026-05-13.json
prompts/agent-product-launches/runs/foundation-pvp_prognocis.com_2026-05-13.json,aa257aedcdb2f6ff0bfd0306a7cd4badf7070979,4ba1c82d5ae6f04d9480900475d5a47a976d0bfe50fecdd739e767ab4e9f8228,prompts/agent-product-launches/runs/foundation-pvp_prognocis.com_2026-05-13.json
prompts/agent-product-launches/runs/foundation-pvp_programproductions.com_2026-05-13.json,4a6d1c788e026a55048ed9e43c83b61fc3cff647,0c612f0681dc086208d82c3d3c53e730fec04e0e51933b093b1f5d8aaf9a8ac1,prompts/agent-product-launches/runs/foundation-pvp_programproductions.com_2026-05-13.json
prompts/agent-product-launches/runs/foundation-pvp_proliant.com_2026-05-13.json,808a3877c11f574f6f52c2ce373fd389b491824b,2f8e7f7ccd82cbdc8fd5fe7792edd70387a79edb70863802df0ca549511c1faa,prompts/agent-product-launches/runs/foundation-pvp_proliant.com_2026-05-13.json
prompts/agent-product-launches/runs/foundation-pvp_promantra.us_2026-05-13.json,65c52c3ed4c58cf9f89db835dab89bf12dfc4405,c9c035795294c7430c999af97671ce0ac3d0a343cf36fc5e263e4e0ca3148fbd,prompts/agent-product-launches/runs/foundation-pvp_promantra.us_2026-05-13.json
prompts/agent-product-launches/runs/foundation-pvp_prominencehealthplan.com_2026-05-13.json,d26a02fa7777cd9368d9e619ebf98f936180c0a6,0da7efb1f667e495f97ff847166990dab838e5e8cb8bbfa1625e2ca9c0af0e44,prompts/agent-product-launches/runs/foundation-pvp_prominencehealthplan.com_2026-05-13.json
prompts/agent-product-launches/runs/foundation-pvp_propark.com_2026-05-13.json,39bb66b2db9a7e6878b47f5c4dec031f02b373b3,cd349c75c18bc130aa67a35ae647c22add3f93715985748628d05bc9339ccb54,prompts/agent-product-launches/runs/foundation-pvp_propark.com_2026-05-13.json
prompts/agent-product-launches/runs/foundation-pvp_propath.com_2026-05-13.json,97a60d0fe9bd41c22fb5b4d39f4014062ef0c3fd,8cb3c59991c54d707925c4fa85747e4d19d4b036ba5110992339b93114918b4b,prompts/agent-product-launches/runs/foundation-pvp_propath.com_2026-05-13.json
prompts/agent-product-launches/runs/foundation-pvp_prophoenix.com_2026-05-13.json,10eb7f72eaa5a6041b73e7fa5e23413c545228f1,ee8415f44a3b2d9dbb4b11442674a6ea44d4802244e7599e124ed3e757cbe18a,prompts/agent-product-launches/runs/foundation-pvp_prophoenix.com_2026-05-13.json
prompts/agent-product-launches/runs/foundation-pvp_proponent.com_2026-05-13.json,75166f9f7a4572514c68e80c7b8dcfa7d2b1000e,e5add12f9d5ba3078bf05a0bcdca1dc02a33b749b2acf2fe88abe43044fa0d5c,prompts/agent-product-launches/runs/foundation-pvp_proponent.com_2026-05-13.json
prompts/agent-product-launches/runs/foundation-pvp_proprofs.com_2026-05-13.json,79915359a5c23a478a631495d68875d8df917d69,8bbda7c467f0a6e3b190143066c0168c213c21e0569748a7805aa587a4f33ee0,prompts/agent-product-launches/runs/foundation-pvp_proprofs.com_2026-05-13.json
prompts/agent-product-launches/runs/foundation-pvp_proquest.com_2026-05-13.json,7dd9f6f3497615ccd435474a06fb05c9299747d1,3a60043f9e7cbfc84c358708745b13bff6353419023ff4b2f3677645f73a3308,prompts/agent-product-launches/runs/foundation-pvp_proquest.com_2026-05-13.json
prompts/agent-product-launches/runs/foundation-pvp_proseonpixels.com_2026-05-13.json,747e27ef62a21a24e8cb728b24f9d0d106c83661,98dfca290ef38e4e752d34cb7e08ffe8ebd20a8ad82e800bfd4d46e7b290b480,prompts/agent-product-launches/runs/foundation-pvp_proseonpixels.com_2026-05-13.json
prompts/agent-product-launches/runs/foundation-pvp_proservice.com_2026-05-13.json,647c8e33b3b1754c326d3fda8f3fd6824010c4f7,2d4ea912f71879b891061f14dabc3c61e14e885af0a7dd253539ef086be04a05,prompts/agent-product-launches/runs/foundation-pvp_proservice.com_2026-05-13.json
prompts/agent-product-launches/runs/foundation-pvp_protect.llc_2026-05-13.json,4c6b03076142ea2fa2944cc1227abbd10d260e28,3532ad2891e0127afc87b742bdea409033e68a7e5ca20ac77a9566dfbc12c3fb,prompts/agent-product-launches/runs/foundation-pvp_protect.llc_2026-05-13.json
prompts/agent-product-launches/runs/foundation-pvp_protectiveassetprotection.com_2026-05-13.json,bb9faed7cb171637a9e92321255530c265e03b1f,0fc50242ca4bcec23167dee767bc564c74d93c3bab0689f79976d8e2baaf8203,prompts/agent-product-launches/runs/foundation-pvp_protectiveassetprotection.com_2026-05-13.json
prompts/agent-product-launches/runs/foundation-pvp_protolabs.com_2026-05-13.json,b54ca2df01d2628f4f07df94672e6ef20a5c22da,ea490e662f26e45cb380947eb3bb97e3c621fb4a5f0c078f7d7e9cea7fa5e3df,prompts/agent-product-launches/runs/foundation-pvp_protolabs.com_2026-05-13.json
prompts/agent-product-launches/runs/foundation-pvp_protossecurity.com_2026-05-13.json,9e019f4db9a9d4b15a4df5f0475f9df702512c60,98d2b8248a9bd9cbb284ad89187ec97f1fb7a5fb7efe58e1c845df3cd2d91302,prompts/agent-product-launches/runs/foundation-pvp_protossecurity.com_2026-05-13.json
prompts/agent-product-launches/runs/foundation-pvp_provana.com_2026-05-13.json,8c9363db8668090855ca659f973123ba6dc13dad,fb6267a56f6954dcfb01f5d82b8b4b721d7ed3deafe86e1a513c252253610911,prompts/agent-product-launches/runs/foundation-pvp_provana.com_2026-05-13.json
prompts/agent-product-launches/runs/foundation-pvp_provectus.com_2026-05-13.json,68f08bd07720503e9dcbd6eeaac9d7898f51c9ba,1205f57bd36109b8d2e7bd73d4a85e5c797aa7595d45a5f8df28a1f3159e69ef,prompts/agent-product-launches/runs/foundation-pvp_provectus.com_2026-05-13.json
prompts/agent-product-launches/runs/foundation-pvp_provet.com.au_2026-05-13.json,f78607a18533239af30c8aa5c4348bc89981a28c,ee4dcc11e843e4995ca716e8e80f88eec5abf5b47f96454e9920b1ee04bcf969,prompts/agent-product-launches/runs/foundation-pvp_provet.com.au_2026-05-13.json
prompts/agent-product-launches/runs/foundation-pvp_provostandpritchard.com_2026-05-13.json,7a4bc244bf67b35b1c22dfbea51585cd5c9c6fa1,a653b24cce86e7f1a34025ef6359723b8c48febd3fabfc8f00b050542c735b60,prompts/agent-product-launches/runs/foundation-pvp_provostandpritchard.com_2026-05-13.json
prompts/agent-product-launches/runs/foundation-pvp_psgglobalsolutions.com_2026-05-13.json,7f5d6ddabad72510c04910a0d4aabad71e2c7f24,d426689b267a94c47a5e09ed96b9dceaa1de9a8d1e1c9cce3de4e57a404a4de1,prompts/agent-product-launches/runs/foundation-pvp_psgglobalsolutions.com_2026-05-13.json
prompts/agent-product-launches/runs/foundation-pvp_psionline.com_2026-05-13.json,be5d613a2c6ce2e84663fe48a6e00735f321c600,89e8c7dbc8962268a0b78b5242dc5bffcd19a7f0ea36faf4252bd66169567661,prompts/agent-product-launches/runs/foundation-pvp_psionline.com_2026-05-13.json
prompts/agent-product-launches/runs/foundation-pvp_pslgroup.com_2026-05-13.json,550255be0e18d75dea612346696398c0318a3b05,99eeb33c0ecd46913cfe24b3a3c065455af2b13c14b6035839a9bf93126a104b,prompts/agent-product-launches/runs/foundation-pvp_pslgroup.com_2026-05-13.json
prompts/agent-product-launches/runs/foundation-pvp_psware.com_2026-05-13.json,ed3aa02feb4ee017668bcae705ac0b03185abf24,4cad6f07f2d491190c9f38f816b754ca212be350c226313d31ed174f9356d62a,prompts/agent-product-launches/runs/foundation-pvp_psware.com_2026-05-13.json
prompts/agent-product-launches/runs/foundation-pvp_psychmc.com_2026-05-13.json,340959db3d3d9dfde7c44063e71bf4baf30a247a,e27ca7c045b386d15f2be64d5a1e5d95c91a65965198e3e235402a21cc323a8d,prompts/agent-product-launches/runs/foundation-pvp_psychmc.com_2026-05-13.json
prompts/agent-product-launches/runs/foundation-pvp_pts.global_2026-05-13.json,2643a73faef5b9e92c84eb2ba347fee7b17cee62,0f2b5cfb1f8c8765d81e774eaf014e40122c72b2f0c5ffa44d65dafbb15fa63f,prompts/agent-product-launches/runs/foundation-pvp_pts.global_2026-05-13.json
prompts/agent-product-launches/runs/foundation-pvp_pxc.co.uk_2026-05-13.json,9cd11fb2fea5874495cabd521b4a383e66f3249a,47b3b53bf96bc6a5275d646170c08e061240abebaa74553fe029ccac1fd72344,prompts/agent-product-launches/runs/foundation-pvp_pxc.co.uk_2026-05-13.json
prompts/agent-product-launches/runs/foundation-pvp_pxp.io_2026-05-13.json,de14434bf13b7900376e1d03bad2ab8c6e946d32,31ea5f6d91b2f06893f2c3932e593af1a83d177dfaf9edf1c78cee8a3276ea07,prompts/agent-product-launches/runs/foundation-pvp_pxp.io_2026-05-13.json
prompts/agent-product-launches/runs/foundation-pvp_q5partners.com_2026-05-13.json,42c93387c9c03ec4c0d5bb94b7ff62e319d00cf9,d36d35cde38307ca29624a1993c09e05f172508a3b045840d963c78ab1b2b8ac,prompts/agent-product-launches/runs/foundation-pvp_q5partners.com_2026-05-13.json
prompts/agent-product-launches/runs/foundation-pvp_qamentor.com_2026-05-13.json,59c07b805dd9e4df40c71b79da71df8ebc7a1fd5,eb8dad1f67a07b24e5cc22ab4a65567adc1dc180fb310d5aee06829d0378dcb2,prompts/agent-product-launches/runs/foundation-pvp_qamentor.com_2026-05-13.json
prompts/agent-product-launches/runs/foundation-pvp_qasource.com_2026-05-13.json,2fd5691e40372b4945754acecce618209d4e5dba,024aa8fd7cae1769c1a10888f5dbaa837d9d8812d555cc2932ed164ef6f39745,prompts/agent-product-launches/runs/foundation-pvp_qasource.com_2026-05-13.json
prompts/agent-product-launches/runs/foundation-pvp_qcorp.ca_2026-05-13.json,cd521dfbbaa8e824b22b4260f18fc75ac4248c2b,53682cb8c734e27512298524fa0434984f442edee4f3dfc5f02b4a0396b5e878,prompts/agent-product-launches/runs/foundation-pvp_qcorp.ca_2026-05-13.json
prompts/agent-product-launches/runs/foundation-pvp_qlarant.com_2026-05-13.json,198a80b927dad176c5bd4be1dd0d15b91673d664,e5307d08569cea41cb429c62db142add903b57e0a6b7e425621660074ace3da7,prompts/agent-product-launches/runs/foundation-pvp_qlarant.com_2026-05-13.json
prompts/agent-product-launches/runs/foundation-pvp_qmatic.com_2026-05-13.json,14c38c24c61be7c2e5a37111342841143f868d0b,7bd8a91a33c3f7c59c8439790512de6d23ac35577448f4cc2cca32415ba021c8,prompts/agent-product-launches/runs/foundation-pvp_qmatic.com_2026-05-13.json
prompts/agent-product-launches/runs/foundation-pvp_qmax.com_2026-05-13.json,cccfb9314722d1e5603527f7ab8e0031f1b896e9,96307dbd4d2dc3e374752d24408eed6d3930f200ab869d13a91a17de77b62bc3,prompts/agent-product-launches/runs/foundation-pvp_qmax.com_2026-05-13.json
prompts/agent-product-launches/runs/foundation-pvp_qsibanking.com_2026-05-13.json,e46145e8c727f7393d510109a60f101628ab589c,9b99447fae4514d00e76772bdfff0cdcd20bbca67ee460dabdefaa7855756a23,prompts/agent-product-launches/runs/foundation-pvp_qsibanking.com_2026-05-13.json
prompts/agent-product-launches/runs/foundation-pvp_qsstechnosoft.com_2026-05-13.json,5cda66b4dc692368eaac2bc342fcc6d584229495,7b732d1b19a1c45b4fb7968317d7b6690ab57efa5a25a16c1a5c7ed1883732c6,prompts/agent-product-launches/runs/foundation-pvp_qsstechnosoft.com_2026-05-13.json
prompts/agent-product-launches/runs/foundation-pvp_qsys.com_2026-05-13.json,0ac3fb92143a80f7888a6d580b4dcb5bffd882e3,53917bf11bfd44460b17b15c4933a6e79480f885e6e459806e4637d568152fe9,prompts/agent-product-launches/runs/foundation-pvp_qsys.com_2026-05-13.json
prompts/agent-product-launches/runs/foundation-pvp_quadrantresource.com_2026-05-13.json,d260266bdb6cb4c1417e5f19bf004e4c4d2e1a3a,47b41860f585ad13e07494f408ddbd71b8537592d7fafc6ee7faec213587db25,prompts/agent-product-launches/runs/foundation-pvp_quadrantresource.com_2026-05-13.json
prompts/agent-product-launches/runs/foundation-pvp_qualitestgroup.com_2026-05-13.json,ac203b3e0bccb2961787b2a6c47233aabcc1566e,cad1ce7bdfc4f8dd430556814a9a993209205af6c3a3580649a5b6eb6bc10f31,prompts/agent-product-launches/runs/foundation-pvp_qualitestgroup.com_2026-05-13.json
prompts/agent-product-launches/runs/foundation-pvp_qualuscorp.com_2026-05-13.json,c2087ecdf804603380dd26f4b9fe1791a42139b5,7fd15334749ae439caabf6105330f7198cd9d47db357ed57ee06bab9447e9c77,prompts/agent-product-launches/runs/foundation-pvp_qualuscorp.com_2026-05-13.json
prompts/agent-product-launches/runs/foundation-pvp_quanata.com_2026-05-13.json,c6b1648d982d166697f04f2dbf8b0786dbf117bb,547d71e5a952dc86090f74c001bc2ab1e039790d3ef6843bf9bf09f0e5311ca5,prompts/agent-product-launches/runs/foundation-pvp_quanata.com_2026-05-13.json
prompts/agent-product-launches/runs/foundation-pvp_quanticate.com_2026-05-13.json,589019d2988649e4dd3b04d3e282a1550b96ded3,ea795fb646c1853952fce0e0cbf1fed8ca79cd873f810e2de7c69d93b737f0ba,prompts/agent-product-launches/runs/foundation-pvp_quanticate.com_2026-05-13.json
prompts/agent-product-launches/runs/foundation-pvp_quantium.com_2026-05-13.json,89386f409adfd974eb47b89f0c76c84203075834,0d0ccb32aacca9d5641ee8c8e4a38b5d74359e3e3baf9887858d5cf7584f8670,prompts/agent-product-launches/runs/foundation-pvp_quantium.com_2026-05-13.json
prompts/agent-product-launches/runs/foundation-pvp_quantumintegrators.com_2026-05-13.json,a422898c29c6c73192f069887352ef0f6698dc15,130b9eb4a0aa5e0196866f96da4dec9a7468b3898738826f4172f0f46c8edf6c,prompts/agent-product-launches/runs/foundation-pvp_quantumintegrators.com_2026-05-13.json
prompts/agent-product-launches/runs/foundation-pvp_quartzbenefits.com_2026-05-13.json,356f0bc01f3b96181d2348eb821beb83f6ebaad1,77a64b031b9c95e330f41548b4555aa88cd2f2ea3591b0768c2203000240c100,prompts/agent-product-launches/runs/foundation-pvp_quartzbenefits.com_2026-05-13.json
prompts/agent-product-launches/runs/foundation-pvp_quavermusic.com_2026-05-13.json,e147a4f9bb05e536e4dd280e4ce5a414a05ba6d6,13de05b22ed0e184a3451c605630b1eb6e64e0eb0be8e956dde15a80f56d9137,prompts/agent-product-launches/runs/foundation-pvp_quavermusic.com_2026-05-13.json
prompts/agent-product-launches/runs/foundation-pvp_qubicaamf.com_2026-05-13.json,b3912146950111c4ac984f2ac94ea3e18d908822,d5bf8d9c69fc4482ab81f9d4fe0a1286d0cdf35d41d20bded35f76a36ada17ab,prompts/agent-product-launches/runs/foundation-pvp_qubicaamf.com_2026-05-13.json
prompts/agent-product-launches/runs/foundation-pvp_qubika.com_2026-05-13.json,6e56d8fef3b7b7473788b9e13fcd63fd9796be5c,aa194983e6d53e81f195965c79981a64afad00051279d7954ca584ff4b1ae264,prompts/agent-product-launches/runs/foundation-pvp_qubika.com_2026-05-13.json
prompts/agent-product-launches/runs/foundation-pvp_questintegrity.com_2026-05-13.json,5b5be3152ee0c36e294416b9fe35c158c53d4f63,b5b473baa742b21bf8dd3584eb950f62e96f9939a839ff32a747f983e1448671,prompts/agent-product-launches/runs/foundation-pvp_questintegrity.com_2026-05-13.json
prompts/agent-product-launches/runs/foundation-pvp_quicken.com_2026-05-13.json,7ec502788e8258af357caf4784371e7200268927,91938cd1d86cfca50061342e981f3101bda77d6c7b9bc21ab7abe1a66d298b91,prompts/agent-product-launches/runs/foundation-pvp_quicken.com_2026-05-13.json
prompts/agent-product-launches/runs/foundation-pvp_quilter.com_2026-05-13.json,b254caaa61fd980c12ee47a3744899473032b339,07df321119f4e587d361a88dc283a49bd4dcf851b8690aeccff29399bd37a50d,prompts/agent-product-launches/runs/foundation-pvp_quilter.com_2026-05-13.json
prompts/agent-product-launches/runs/foundation-pvp_radius.com_2026-05-13.json,230ad481be81586cdff7a888346a0081e77d8c1a,0dd9413f0c27b9480b79fe9e0c87d8e32b34faed23a20dcc3007aa095e9082fb,prompts/agent-product-launches/runs/foundation-pvp_radius.com_2026-05-13.json
prompts/agent-product-launches/runs/foundation-pvp_railinc.com_2026-05-13.json,a9ff05ccf203dbfb2c913c2ef97f396ca2b5b839,48911e495fd72608d875145e1088b8877844820522d8d41eaf2bbfb7705d4864,prompts/agent-product-launches/runs/foundation-pvp_railinc.com_2026-05-13.json
prompts/agent-product-launches/runs/foundation-pvp_rakutenadvertising.com_2026-05-13.json,5689dcef84dba31b858c6e29a1148a7457566fac,a74afc91e3ab7a541add9318ce0b9cc2f31fa6461b6beadc999b9cd7a81dec17,prompts/agent-product-launches/runs/foundation-pvp_rakutenadvertising.com_2026-05-13.json
prompts/agent-product-launches/runs/foundation-pvp_ramsoft.com_2026-05-13.json,707f8b54130bd0bdf35158c6ea34721147a8be07,8210c576850356e21aec7a3ad616f2876ee318ea5ca99e5c00dab90b361e0989,prompts/agent-product-launches/runs/foundation-pvp_ramsoft.com_2026-05-13.json
prompts/agent-product-launches/runs/foundation-pvp_rapidops.com_2026-05-13.json,937999777ef43d389a294281823609dd9def0fc8,db14b0b2bd6e07cfe246225468dbdd8f1e6e142568cf7c333564401ebaaddf8a,prompts/agent-product-launches/runs/foundation-pvp_rapidops.com_2026-05-13.json
prompts/agent-product-launches/runs/foundation-pvp_rapiscan-ase.com_2026-05-13.json,8f114c0fb2b2f4a30faf454940e04f7c3a5746dc,0fc4a44a43e7d004c19a2eb4e09d83462cf7b18fc63e3204391710c179cb89f1,prompts/agent-product-launches/runs/foundation-pvp_rapiscan-ase.com_2026-05-13.json
prompts/agent-product-launches/runs/foundation-pvp_raritan.com_2026-05-13.json,caf6dbb62a0a0c67e79c1253065fa62b80cf8a4f,71021f2d3aee2817aa9937d03d01dee02c7176aa44dbe767e85081caae36b5a6,prompts/agent-product-launches/runs/foundation-pvp_raritan.com_2026-05-13.json
prompts/agent-product-launches/runs/foundation-pvp_ratehawk.com_2026-05-13.json,9d2e5fb0ab25044eff7d12381cb0092706c1fe48,c5caab5180be4c3a33199a36ded6e1e58bcb190468048510d88bea143c6bf13f,prompts/agent-product-launches/runs/foundation-pvp_ratehawk.com_2026-05-13.json
prompts/agent-product-launches/runs/foundation-pvp_rauland-fl.com_2026-05-13.json,94c1f528a25d7e641c503d17ebb514ed530148ea,43f5aaddad76a7f97b04d9ca5c7211c192955f76584c2e73a6ef5f9d0c01c3c0,prompts/agent-product-launches/runs/foundation-pvp_rauland-fl.com_2026-05-13.json
prompts/agent-product-launches/runs/foundation-pvp_rauland.com_2026-05-13.json,c3e5981782ad2d54303124355edd02921de32faa,d0a13188343da07a58d664b4498ba7e195a245e4124061a8a7ccf152a4c86a35,prompts/agent-product-launches/runs/foundation-pvp_rauland.com_2026-05-13.json
prompts/agent-product-launches/runs/foundation-pvp_razerzone.com_2026-05-13.json,9994b807cea24a85c72192e66da5155430b0bedd,4152839150d509c3ce691ac19a0ced415d1a3239b8ef4b5be9cc5116b08dbbb0,prompts/agent-product-launches/runs/foundation-pvp_razerzone.com_2026-05-13.json
prompts/agent-product-launches/runs/foundation-pvp_rbcborealis.com_2026-05-13.json,8d75c826b2d9a2da4ea58f099289a2785d16a62f,72b8fd34e0ff98545499ab4a1a6ce6528461259434d855c059d7ef4c6cefd1da,prompts/agent-product-launches/runs/foundation-pvp_rbcborealis.com_2026-05-13.json
prompts/agent-product-launches/runs/foundation-pvp_rcbbank.bank_2026-05-13.json,970e291fb744a36b53b3d15a38c0d89b0382c1c6,321bbd41bbb624b48dc3538159c08315d721c227b807b87bf48ea07e3237207c,prompts/agent-product-launches/runs/foundation-pvp_rcbbank.bank_2026-05-13.json
prompts/agent-product-launches/runs/foundation-pvp_rcmmatter.com_2026-05-13.json,5a3335f72999ab5799c332d5669bbb05272de8eb,ccb3d1f6ee65c9f1732cbe3ce36fbb12e2e90ca806d6430d5519516c4cc4f423,prompts/agent-product-launches/runs/foundation-pvp_rcmmatter.com_2026-05-13.json
prompts/agent-product-launches/runs/foundation-pvp_rcsworks.com_2026-05-13.json,7862cda6f14af36c607c14ec00c251340674d55e,5c2aa39427b2adf23216686219fb6bb76f32fb2aa969585ad925dc11bed5e24b,prompts/agent-product-launches/runs/foundation-pvp_rcsworks.com_2026-05-13.json
prompts/agent-product-launches/runs/foundation-pvp_rdspos.com_2026-05-13.json,f97e99c82ff6440913419bd996bd19d676f9feb1,078411763ab03238bc04e705e36d0cdd69028ca907b254e0261ff5741c2a5bb2,prompts/agent-product-launches/runs/foundation-pvp_rdspos.com_2026-05-13.json
prompts/agent-product-launches/runs/foundation-pvp_readyset.co_2026-05-13.json,13abe7f16d7f9ad551c268219acb4e1b6d5861c1,0b788f11b74e4066a501215d9d820f23c25b5b62e3b9e10bc942407bb89468ea,prompts/agent-product-launches/runs/foundation-pvp_readyset.co_2026-05-13.json
prompts/agent-product-launches/runs/foundation-pvp_realnetworks.com_2026-05-13.json,40e2b07b3800875efeadac892f341007402b04af,366e5dc6380dd455ce1c4c531621c6611c1ee9dd12f0ee67f64b365fa5314a76,prompts/agent-product-launches/runs/foundation-pvp_realnetworks.com_2026-05-13.json
prompts/agent-product-launches/runs/foundation-pvp_redclay.com_2026-05-13.json,4e5e0a0bdc13d8a5dd89695e0812b6f96b4ec989,6369a793529edb847d2fb0b80e155ed97c01aa47df3e6519635485d8971f9d7c,prompts/agent-product-launches/runs/foundation-pvp_redclay.com_2026-05-13.json
prompts/agent-product-launches/runs/foundation-pvp_redhawkus.com_2026-05-13.json,52e7df13740ea3dabe0ecfa099f62249aaa26885,4ca4675201f4dbc08b8b046f1f8cf9109923cbdd6222eaa46749d392a22c2ba0,prompts/agent-product-launches/runs/foundation-pvp_redhawkus.com_2026-05-13.json
prompts/agent-product-launches/runs/foundation-pvp_redlion.net_2026-05-13.json,01820ed6e5433272c4fe2aaee4ca876c0b0aab27,a97e8753408824e9359cbddddb4c250c960d5a6e92996e11e20daf61cdae32b8,prompts/agent-product-launches/runs/foundation-pvp_redlion.net_2026-05-13.json
prompts/agent-product-launches/runs/foundation-pvp_redmane.com_2026-05-13.json,79fdda2c03ab204947047860808e1a394998b95e,2b8a5fd245d6579c1b8e29a7dfec4c769bf1169b86a1400cf9ce0af837466508,prompts/agent-product-launches/runs/foundation-pvp_redmane.com_2026-05-13.json
prompts/agent-product-launches/runs/foundation-pvp_redspace.com_2026-05-13.json,1900999a0a5a3a6863e695d6249d1ac8005b3493,050910bc6a1cc4acbad572e5e3a1de3c1162962a5930c231df6eee48c26450b0,prompts/agent-product-launches/runs/foundation-pvp_redspace.com_2026-05-13.json
prompts/agent-product-launches/runs/foundation-pvp_redw.com_2026-05-13.json,4c2460fc0b1791b15cbbb21e78f84a0f0102e906,6e8c8f9a43fd751d0bdc3c55263e31329cff6fff85bb671438ab61d47b9cc1a4,prompts/agent-product-launches/runs/foundation-pvp_redw.com_2026-05-13.json
prompts/agent-product-launches/runs/foundation-pvp_reedtech.com_2026-05-13.json,bcaba2bb55fc23002f0835906a8c0817a4572c4d,6b31c14dab49b060a31c5de8cbd7487584e4f7448bc0a9f37c10d6270ae2a6ae,prompts/agent-product-launches/runs/foundation-pvp_reedtech.com_2026-05-13.json
prompts/agent-product-launches/runs/foundation-pvp_reesscientific.com_2026-05-13.json,c847d39307e8b81644dfccc942ccf7b889d88e49,86901c4eaad455fecd13d13facc445bf7dc56c69d1a6ca2ad943e3fdbc3a8479,prompts/agent-product-launches/runs/foundation-pvp_reesscientific.com_2026-05-13.json
prompts/agent-product-launches/runs/foundation-pvp_reliablecontrols.com_2026-05-13.json,8c672967b1d023d107fc2331e2479254d7e0c2cf,3fb8daaf52cc403fb35436d968886adc927ee36ea393780b88479636d4274fa1,prompts/agent-product-launches/runs/foundation-pvp_reliablecontrols.com_2026-05-13.json
prompts/agent-product-launches/runs/foundation-pvp_reliablegroup.com_2026-05-13.json,5ab1e94b63204984d7ac87605aa23cd43fd79df7,dfb243532f34c65e2ead780d32afb21299aafb8d8df803666df7e1b0d702da67,prompts/agent-product-launches/runs/foundation-pvp_reliablegroup.com_2026-05-13.json
prompts/agent-product-launches/runs/foundation-pvp_relias.com_2026-05-13.json,0c669b1e944e210525a9de1dc24f1fae95a251e0,6b4c08166f3e76eb8ca3b5b9fd9234abb6430529a125386741c5b3ce336e8b7f,prompts/agent-product-launches/runs/foundation-pvp_relias.com_2026-05-13.json
prompts/agent-product-launches/runs/foundation-pvp_relogistics.com_2026-05-13.json,8dbaa51806e959f3fda2fbe39611f4a13ceb15d6,63492d7e6967f254ee0a0e55860999ca62ca88125ca8aeaeede6dbdef5a1fcbf,prompts/agent-product-launches/runs/foundation-pvp_relogistics.com_2026-05-13.json
prompts/agent-product-launches/runs/foundation-pvp_remichel.com_2026-05-13.json,70846e31b839465765b8a7098593a7405e669ec5,b95a4680f512196beb3fa62cdd827eb11a0be1e73fbf179cd138edfcb09de859,prompts/agent-product-launches/runs/foundation-pvp_remichel.com_2026-05-13.json
prompts/agent-product-launches/runs/foundation-pvp_researchinnovations.com_2026-05-13.json,2077460194201ec10db1d4210d8456820f2ee23b,15a771e78ccc70026a422914120a72fd01b74e69e5452cfe6cdfd1d5bc55be4f,prompts/agent-product-launches/runs/foundation-pvp_researchinnovations.com_2026-05-13.json
prompts/agent-product-launches/runs/foundation-pvp_resqcs.co.uk_2026-05-13.json,09720d4e2ec8d8e7258d33bb67a6b48ea8729482,f623b891f4e432120ab8b3c6ea4ba2ef9c10dc02584c812ee5c635c086dc4b98,prompts/agent-product-launches/runs/foundation-pvp_resqcs.co.uk_2026-05-13.json
prompts/agent-product-launches/runs/foundation-pvp_retaildatallc.com_2026-05-13.json,872a419686afb44ed0193cc4e919baf3bf16efb2,fbe309c85707252c8c70d85f753c9bce77ae33dfccba8dbd8e5a0a57f2f1993f,prompts/agent-product-launches/runs/foundation-pvp_retaildatallc.com_2026-05-13.json
prompts/agent-product-launches/runs/foundation-pvp_retransform.com_2026-05-13.json,7923f45a68664b8301cb3a6349db3ceaaa160463,33c5bc81dc18adb744354f6be70149a226e8ee3be4c151ec1591e77caa43cb61,prompts/agent-product-launches/runs/foundation-pvp_retransform.com_2026-05-13.json
prompts/agent-product-launches/runs/foundation-pvp_reval.com_2026-05-13.json,30eb3c72cbba5e8ef7b445fe59fb430ec8ec2009,51b468212d6ea5839f1a01ea84b90cc5361f4c748e9e737e0905fbae9f5a9ac7,prompts/agent-product-launches/runs/foundation-pvp_reval.com_2026-05-13.json
prompts/agent-product-launches/runs/foundation-pvp_revature.com_2026-05-13.json,3b30f6c25a51cc84cd2a1a7ab5bb1907a209b0e8,faf007f3a2df502aed9918f38cfcf67eb099e3623195e5e71a787f64061fb597,prompts/agent-product-launches/runs/foundation-pvp_revature.com_2026-05-13.json
prompts/agent-product-launches/runs/foundation-pvp_revelemd.com_2026-05-13.json,ddcf357f9c69d8f213a7908b0b36fbc5b89cbe8c,f2ea19b67f5b82f2479766f01b211574e6957e72ef1bebd2b41f089d7a779e5f,prompts/agent-product-launches/runs/foundation-pvp_revelemd.com_2026-05-13.json
prompts/agent-product-launches/runs/foundation-pvp_revereelectric.com_2026-05-13.json,983a5860a9d32bd8a162fd86adc0e54a960ede74,9f1cc69bc6d4285e606712e1ebbd0a46790c5f5d951d39181f7e51c6dada6112,prompts/agent-product-launches/runs/foundation-pvp_revereelectric.com_2026-05-13.json
prompts/agent-product-launches/runs/foundation-pvp_revlocal.com_2026-05-13.json,f0ab7b3c70aa476cfb43ed9905c04ffe97db0e2b,4601235fa8b23c28d6d5331209a814deaddc27280e7474636a89ef777846406c,prompts/agent-product-launches/runs/foundation-pvp_revlocal.com_2026-05-13.json
prompts/agent-product-launches/runs/foundation-pvp_rewardgateway.com_2026-05-13.json,b746a6ec32378d6c2646a66499e5603b3a3f01df,fea2328e1c5c463028985bdda03136321562baf8f81b57b070c3610a634fe5df,prompts/agent-product-launches/runs/foundation-pvp_rewardgateway.com_2026-05-13.json
prompts/agent-product-launches/runs/foundation-pvp_rgbsi.com_2026-05-13.json,f3ea810c60d87cbd8ff2037b345b7a2231d9b0cd,fd5d17e66a903f9320a42773207f68cc46c9fcc71557b40c4835d4cebb37bf22,prompts/agent-product-launches/runs/foundation-pvp_rgbsi.com_2026-05-13.json
prompts/agent-product-launches/runs/foundation-pvp_rhainc.com_2026-05-13.json,abbbceb35ce5d465a151444ea11a0de414f70b5a,c6c75bfc38d646a762a5e194a81c44264eda0342b82e5bdcece1fec7d518444d,prompts/agent-product-launches/runs/foundation-pvp_rhainc.com_2026-05-13.json
prompts/agent-product-launches/runs/foundation-pvp_ricelake.com_2026-05-13.json,6ad412228d541a83ab778c073ef40eee20344f08,a79587c9782b5aa37c705388e0a2feba44a83c78a1b99f7c8e7e9d6d18814c7f,prompts/agent-product-launches/runs/foundation-pvp_ricelake.com_2026-05-13.json
prompts/agent-product-launches/runs/foundation-pvp_ricoh-americalatina.com_2026-05-13.json,d1339e1d039cc5cb5406b03d7511eed5e7463ae7,73c425fe0087bd67a5fd46489bdad53617f93d9c94049fa17bfeac6e231dc924,prompts/agent-product-launches/runs/foundation-pvp_ricoh-americalatina.com_2026-05-13.json
prompts/agent-product-launches/runs/foundation-pvp_ridder.com_2026-05-13.json,6cc31a7b703e7d018704852c8b2b9b5b63d95c4d,31ad0b4bbe6a9ecdda39aa708ee8925fb0f22f3ff66e0f824da6037be411ac44,prompts/agent-product-launches/runs/foundation-pvp_ridder.com_2026-05-13.json
prompts/agent-product-launches/runs/foundation-pvp_rightship.com_2026-05-13.json,361b8bcf3c105ce42e102da2dba563558ce2b159,42dcfbed9f482600b8361effdd7adb477537d3bd4dabaf2d9668b127443896f0,prompts/agent-product-launches/runs/foundation-pvp_rightship.com_2026-05-13.json
prompts/agent-product-launches/runs/foundation-pvp_rightsourcingusa.com_2026-05-13.json,4d025c3312a8c17d9be7fd4163c986e9ef9ec72c,3bcd34af745bc89c9161c6a56826aa5dbc9937ba3879ce882dfcf20288359d2a,prompts/agent-product-launches/runs/foundation-pvp_rightsourcingusa.com_2026-05-13.json
prompts/agent-product-launches/runs/foundation-pvp_rightworks.com_2026-05-13.json,765467d905fa9db819460d26f3af084a669ab618,fe0edf6a7445f1f7d46894f1d568e5491693e86fd9e92c95f21bd65bd2b0df96,prompts/agent-product-launches/runs/foundation-pvp_rightworks.com_2026-05-13.json
prompts/agent-product-launches/runs/foundation-pvp_ritehite.com_2026-05-13.json,157b5616f784ce387c2828cca251db4b5cd9fc67,5f44bb033a480a4f04c081b3498b6b7e6f20c826d3c0f1760f10bea05756bf82,prompts/agent-product-launches/runs/foundation-pvp_ritehite.com_2026-05-13.json
prompts/agent-product-launches/runs/foundation-pvp_ritesoftware.com_2026-05-13.json,fc43ac1b4f5c32a2c38411873adaba1c182dd9ad,c7edf6967e4ffd8535c603d51dee1bea585b0912e58abe0592418100317f1807,prompts/agent-product-launches/runs/foundation-pvp_ritesoftware.com_2026-05-13.json
prompts/agent-product-launches/runs/foundation-pvp_rivasolutionsinc.com_2026-05-13.json,2930d38342ed35818287319918aae660144cd5ef,b0d23d2951fa8c3026b9949b8a77c54bdcb105bbcbc8becdccf556fd5a6e29be,prompts/agent-product-launches/runs/foundation-pvp_rivasolutionsinc.com_2026-05-13.json
prompts/agent-product-launches/runs/foundation-pvp_riversidepayments.com_2026-05-13.json,feba1dd3a7d4db35a75a056a43006fc2544b8d5a,575825d619d4814b12973f28d99f4e36dbb53d3a95bef231d1df635ae1c17263,prompts/agent-product-launches/runs/foundation-pvp_riversidepayments.com_2026-05-13.json
prompts/agent-product-launches/runs/foundation-pvp_rjlg.com_2026-05-13.json,4314ecc2478b7f7e19aea4073576309bcbc9be94,8f4fb5b8e1dbac6f607b4c037cd14c6f1828ea375aa2dba3cc562388fde31466,prompts/agent-product-launches/runs/foundation-pvp_rjlg.com_2026-05-13.json
prompts/agent-product-launches/runs/foundation-pvp_roanokegroup.com_2026-05-13.json,7aa0efcacfe9cc427913859f90a5d083df7df26a,4692921a8bb031ed1723cdd1a43a818336988ed6fd11fa5a8ac7871cbd28e793,prompts/agent-product-launches/runs/foundation-pvp_roanokegroup.com_2026-05-13.json
prompts/agent-product-launches/runs/foundation-pvp_robbinsgioia.com_2026-05-13.json,2da261fbab3349df7d6bd36beae106e840e12f34,6572b582a915e3a46142da96e69cb26d06d1db9ddec5017967ccdfa2b8dc8d11,prompts/agent-product-launches/runs/foundation-pvp_robbinsgioia.com_2026-05-13.json
prompts/agent-product-launches/runs/foundation-pvp_rocketclose.com_2026-05-13.json,9708c118c1f79d1997a9a90f98a4781b460f5a11,96ece0ae640189aa7390753593ad1d15229738e27ac179b6feeda201fe5864f5,prompts/agent-product-launches/runs/foundation-pvp_rocketclose.com_2026-05-13.json
prompts/agent-product-launches/runs/foundation-pvp_roicallcentersolutions.com_2026-05-13.json,6345e3294a42630d8fdabdaf3abf58e0734d890b,6edd4aa9a280f54c814d3b2983b70b370e1646bdb107532bba4118a1a725576d,prompts/agent-product-launches/runs/foundation-pvp_roicallcentersolutions.com_2026-05-13.json
prompts/agent-product-launches/runs/foundation-pvp_roke.co.uk_2026-05-13.json,103b80144512719b164cb7f092dd5dc5177e1e10,db4a1f704b46929ab6f5ec5b09792ba4f983ebce8103064821b05d16af459034,prompts/agent-product-launches/runs/foundation-pvp_roke.co.uk_2026-05-13.json
prompts/agent-product-launches/runs/foundation-pvp_rokolabs.com_2026-05-13.json,07f583e707c0e1957cca7d53b325d4393e31a7fd,83cab55626e7138ebedad4907ccd5c5799737d779afbcb3f5dce7f9be8f08e9c,prompts/agent-product-launches/runs/foundation-pvp_rokolabs.com_2026-05-13.json
prompts/agent-product-launches/runs/foundation-pvp_rolleaseacmeda.com_2026-05-13.json,f041873205621e4e31f812b54b200d626530dc0a,e331b01872226e6e17f6dd12ee98ba3f413a250409ee27599f07cb0a67b1993c,prompts/agent-product-launches/runs/foundation-pvp_rolleaseacmeda.com_2026-05-13.json
prompts/agent-product-launches/runs/foundation-pvp_roundel.com_2026-05-13.json,00bb09e47a1b22e05cec7aab27bd5ca4f1f9641d,bf538e9f863f74118be0ca05f8d1dcabb40df72908c704bbe7e7b7b89125f408,prompts/agent-product-launches/runs/foundation-pvp_roundel.com_2026-05-13.json
prompts/agent-product-launches/runs/foundation-pvp_roundglass.com_2026-05-13.json,9cc9e892317642ff699b407e018af515a4f503f3,17dbacc46a76e887311ff7d55ebf5467670fa2a4719ae436b476ffe39d4b1c04,prompts/agent-product-launches/runs/foundation-pvp_roundglass.com_2026-05-13.json
prompts/agent-product-launches/runs/foundation-pvp_routeone.com_2026-05-13.json,b3fa53d265e05663e25b687f3cc8c4d9ecb664d3,435cf3fabf60f7588b847ca16345d9e51c6289d07a0434e1ee4585cf9a8372cb,prompts/agent-product-launches/runs/foundation-pvp_routeone.com_2026-05-13.json
prompts/agent-product-launches/runs/foundation-pvp_royalfoodservice.com_2026-05-13.json,846e5f53d178f2b8779f5296a75adaff83291e24,3ab6fcad984360f277c4cda96e18128bbb3fa5201ddce728c1f2d06b3a181071,prompts/agent-product-launches/runs/foundation-pvp_royalfoodservice.com_2026-05-13.json
prompts/agent-product-launches/runs/foundation-pvp_rpmglobal.com_2026-05-13.json,fb8d4d7924786c962178d87bd6a58cdc2b2d7855,6b2b5fd4c1dd9bbb29d8654fca9c12e5f82f4ee90189f8aaf7e7aa79b2dc4591,prompts/agent-product-launches/runs/foundation-pvp_rpmglobal.com_2026-05-13.json
prompts/agent-product-launches/runs/foundation-pvp_rshughes.com_2026-05-13.json,107f30280433b1ff693a779dfd7cb68ba735890b,8345675f063a522a802adbef8e55d44339118fa847790e5e900182442eb85242,prompts/agent-product-launches/runs/foundation-pvp_rshughes.com_2026-05-13.json
prompts/agent-product-launches/runs/foundation-pvp_rsidelivers.com_2026-05-13.json,b07b61a329087743ffe3d6c3e33644e7a37ea05f,af208a251d6a0173f9733e4424dfd337223a6b49173c26356c6259bdd75ec80a,prompts/agent-product-launches/runs/foundation-pvp_rsidelivers.com_2026-05-13.json
prompts/agent-product-launches/runs/foundation-pvp_rws.com_2026-05-13.json,1b25f3f277b23e38aa357187e4fc4e2cb9afdfee,5329b341a7e2950582f2c75e2d50d7c06d3eab3c5eacf6842fd6387aaf9a5e57,prompts/agent-product-launches/runs/foundation-pvp_rws.com_2026-05-13.json
prompts/agent-product-launches/runs/foundation-pvp_ryantrans.com_2026-05-13.json,bb390bbb08dcdffff907b5410cd1a587cfff4e13,c59c00a813bb0820c41d96de0b39cb868795d1de41fb2039f4465c9032f15855,prompts/agent-product-launches/runs/foundation-pvp_ryantrans.com_2026-05-13.json
prompts/agent-product-launches/runs/foundation-pvp_saba.com_2026-05-13.json,1ddd8716161ae5dae2472e8099b4ed05ff37e65a,ac7afdb41a216070c01e699395b4f3298296319d31c22fef143db46bb6f76350,prompts/agent-product-launches/runs/foundation-pvp_saba.com_2026-05-13.json
prompts/agent-product-launches/runs/foundation-pvp_sada.com_2026-05-13.json,f5d8612ab72c34300e54140470394b2c008e1bce,e95eb45ddacc732c7c5be768722175c55e5951dcb0239f67b5a47ace2d9f1ce9,prompts/agent-product-launches/runs/foundation-pvp_sada.com_2026-05-13.json
prompts/agent-product-launches/runs/foundation-pvp_safefleet.net_2026-05-13.json,d5f52988b00649b0d94daf15f2f569ff3391a053,63a6d4c79db60210bceb5970b711682d9cf1e41b3fe99fc28d3116c3de6762af,prompts/agent-product-launches/runs/foundation-pvp_safefleet.net_2026-05-13.json
prompts/agent-product-launches/runs/foundation-pvp_sageitinc.com_2026-05-13.json,4a019e657c3b82860f8ee89b93d1097d74af2810,83f653805138c6999c43eae42729c8a39af598b241869feec4ff43c3a53717af,prompts/agent-product-launches/runs/foundation-pvp_sageitinc.com_2026-05-13.json
prompts/agent-product-launches/runs/foundation-pvp_sakon.com_2026-05-13.json,df318ac319e8adff60d5df5861c60bdcedee0cac,7989a0acf68354b5179bdadd1fa0f5ad87575c265377a67d32771c59e785360f,prompts/agent-product-launches/runs/foundation-pvp_sakon.com_2026-05-13.json
prompts/agent-product-launches/runs/foundation-pvp_sanborn.com_2026-05-13.json,1312431533801501939b1ec3c9d5ddc75a708677,11dce8eed3ebee9fca74816948c2569ebff8c937834b5761ec97b30938e1d109,prompts/agent-product-launches/runs/foundation-pvp_sanborn.com_2026-05-13.json
prompts/agent-product-launches/runs/foundation-pvp_sandstone.com.au_2026-05-13.json,01f222e09ee503c4added896f089af4389fb1b6f,e4c378c9369b4a3e2107c29f8e096d1943063ec445d07e6ace0a8af8f80a13ba,prompts/agent-product-launches/runs/foundation-pvp_sandstone.com.au_2026-05-13.json
prompts/agent-product-launches/runs/foundation-pvp_sanriaengineering.com_2026-05-13.json,830a992a5cdfe7766ce42a8e713293f9ff96c0ab,54ea6fc73fe3da01aed4db771f3a4150558d890231490672c015c683eca6c51f,prompts/agent-product-launches/runs/foundation-pvp_sanriaengineering.com_2026-05-13.json
prompts/agent-product-launches/runs/foundation-pvp_sarnova.com_2026-05-13.json,52f5bf95255be94328f1a4c326b3c5f406d0a5c2,20f9a852e8a8dc08fd1bbd7a24a6fd2ae7dc8b401b89f1733b1202032c5ff1a2,prompts/agent-product-launches/runs/foundation-pvp_sarnova.com_2026-05-13.json
prompts/agent-product-launches/runs/foundation-pvp_satcomdirect.com_2026-05-13.json,14bdd45b5e5cfaab9364f001be94bd7099b04a27,e2706d076a0aa18040c6abe59955a4e92a3f5b051810f3334c853a374638bf3e,prompts/agent-product-launches/runs/foundation-pvp_satcomdirect.com_2026-05-13.json
prompts/agent-product-launches/runs/foundation-pvp_satelliteindustries.com_2026-05-13.json,5513bc72d26e64278bd0e7bd4083406db7937302,69987e9a7821cd62a2d43ec26be6db8f95cfc6eb4f9452cee3edfbec3ffe4e64,prompts/agent-product-launches/runs/foundation-pvp_satelliteindustries.com_2026-05-13.json
prompts/agent-product-launches/runs/foundation-pvp_satpon.com_2026-05-13.json,f65413c2d3b2581f8aef818eb23cda2f544040cd,a0eea7de3ce972a78b001ea99e58379640b17dcf4d8d2eefa399c706b176b53a,prompts/agent-product-launches/runs/foundation-pvp_satpon.com_2026-05-13.json
prompts/agent-product-launches/runs/foundation-pvp_saventech.com_2026-05-13.json,12647661bdca761e95bec44239f6547b745e3345,bd53cb5b48309ca2a1bb29b17e03dabc7ef6db388488b6b750d866238b400e3d,prompts/agent-product-launches/runs/foundation-pvp_saventech.com_2026-05-13.json
prompts/agent-product-launches/runs/foundation-pvp_saxon.ai_2026-05-13.json,344ae0877407a8c6b6eff82fd9e312e244ab964b,6d2049bc6658eaf9c2d0d1d7e1dfb862750d35ac14b017bc2c55aabdc2e1a7e9,prompts/agent-product-launches/runs/foundation-pvp_saxon.ai_2026-05-13.json
prompts/agent-product-launches/runs/foundation-pvp_scalenorth.com_2026-05-13.json,e1ed2159d0cf0c70ae769645a1fdd99bad7c9927,48135b705a24d73d259bdf262374943bef83c65ce52a7834ae15077e2d3a2732,prompts/agent-product-launches/runs/foundation-pvp_scalenorth.com_2026-05-13.json
prompts/agent-product-launches/runs/foundation-pvp_scansource.com_2026-05-13.json,1db3ad78df859f8910090d2192832725209fcbca,d6c1383405dad3eded5dbb7e9daa54625a267b363e2713ef0d9f7d5fa93075c4,prompts/agent-product-launches/runs/foundation-pvp_scansource.com_2026-05-13.json
prompts/agent-product-launches/runs/foundation-pvp_sccu.com_2026-05-13.json,0406f258413935d454f66b32193f7729e714d596,b10e419b4970cdc9094fa20311916dea331b909e07f80f29a18ddaccc099def6,prompts/agent-product-launches/runs/foundation-pvp_sccu.com_2026-05-13.json
prompts/agent-product-launches/runs/foundation-pvp_scissorsscotch.com_2026-05-13.json,da294b2af6088a0eb63f08962bff4631cc25030d,0f485104449d336f2305dde8abcb0b62bb23d665115200ba2dd1a05b97ddc53b,prompts/agent-product-launches/runs/foundation-pvp_scissorsscotch.com_2026-05-13.json
prompts/agent-product-launches/runs/foundation-pvp_scribe-x.com_2026-05-13.json,8a3b7cfcff4eeba649fc4a965019cc0569357786,1421b035c2b2cdc97d7344ba08f58f16d604a08b4c874ace83c308dd17bb504a,prompts/agent-product-launches/runs/foundation-pvp_scribe-x.com_2026-05-13.json
prompts/agent-product-launches/runs/foundation-pvp_scribeamerica.com_2026-05-13.json,6390263f2ee60b41fa4b92f73aee7f5b0e39517b,30037f9c7e8aeb26638e630de100b2f117ed779b88ce495c75cf5656664ec8ac,prompts/agent-product-launches/runs/foundation-pvp_scribeamerica.com_2026-05-13.json
prompts/agent-product-launches/runs/foundation-pvp_scrums.com_2026-05-13.json,8b17b07fd11886aeaa26bef1bf9660fd24cc789b,278da8c99307748b770b67fdf8d2529185cb5f437bce675d595ba1e47cd80611,prompts/agent-product-launches/runs/foundation-pvp_scrums.com_2026-05-13.json
prompts/agent-product-launches/runs/foundation-pvp_scsengineers.com_2026-05-13.json,c6e0781ed77491042a48f99b4aa7ba85925746b9,eb7a5da07e13fbf9e769b25ba86f80168d17d3224ec5e87b8f1723731dfefd8b,prompts/agent-product-launches/runs/foundation-pvp_scsengineers.com_2026-05-13.json
prompts/agent-product-launches/runs/foundation-pvp_sculpturehospitality.com_2026-05-13.json,ae22c35bb4b95dd898559f1bfceb593057d250b0,4a3d478eb869a8893dd0bf176f306098821237f1b86217718a9820b70eda338d,prompts/agent-product-launches/runs/foundation-pvp_sculpturehospitality.com_2026-05-13.json
prompts/agent-product-launches/runs/foundation-pvp_sdlccorp.com_2026-05-13.json,d77674567b2a8bd6db06c04627075767b83bec6e,9fba3cd27e941385fb6c4358424ffc88bd7471dd4ec665d58ed708ca86114a2c,prompts/agent-product-launches/runs/foundation-pvp_sdlccorp.com_2026-05-13.json
prompts/agent-product-launches/runs/foundation-pvp_sdsc.edu_2026-05-13.json,4ad7e04c6fc16190757fa8a6662cf8aaa1ed5168,e29384819a6d161af867cbf2305709216e1c31a82da62e46e045760cb5acb05d,prompts/agent-product-launches/runs/foundation-pvp_sdsc.edu_2026-05-13.json
prompts/agent-product-launches/runs/foundation-pvp_sdsd.com_2026-05-13.json,d88c7b5d3fecf4e71e82c55408cd7787875f2c75,18c7b09d38d5f94e7a6692beb8bab69b7c93f777230cb2804607e951e4b7d3e2,prompts/agent-product-launches/runs/foundation-pvp_sdsd.com_2026-05-13.json
prompts/agent-product-launches/runs/foundation-pvp_sea-link.com_2026-05-13.json,cc07f5f66ce7cc59c972c0a40f8a1fa51964f46b,585df815ced5bca1cd3f55e2dd0b090baa0d9facd522a687db98c517f3b663e5,prompts/agent-product-launches/runs/foundation-pvp_sea-link.com_2026-05-13.json
prompts/agent-product-launches/runs/foundation-pvp_seaboardmarine.com_2026-05-13.json,c8bd1570d71f6142ade04aafd57b3dd8d78143cf,816ca83c16276f093b735419e1408eca640d3898ab4edf2187ea4e0febf019ac,prompts/agent-product-launches/runs/foundation-pvp_seaboardmarine.com_2026-05-13.json
prompts/agent-product-launches/runs/foundation-pvp_seasiainfotech.com_2026-05-13.json,c106add872e33b23a2ca6a4aa18544147bcb286a,140ea3133fdf70fe163609718a6669068c173d71e5edcd98534d9e6939e7c157,prompts/agent-product-launches/runs/foundation-pvp_seasiainfotech.com_2026-05-13.json
prompts/agent-product-launches/runs/foundation-pvp_sebia.com_2026-05-13.json,5124130ce13967b27b644c949233b272b8e227ef,f08675c742642c32e759bb9c2eaf0356b65428d619c9e8c219bca12c5174f5c3,prompts/agent-product-launches/runs/foundation-pvp_sebia.com_2026-05-13.json
prompts/agent-product-launches/runs/foundation-pvp_seca.com_2026-05-13.json,cd9bbf0d91a0423f72cb7e2057033ddba82aef03,7d913b44eee0d76698039972897b3732ce44f9488057891fb296cfb2504bc57f,prompts/agent-product-launches/runs/foundation-pvp_seca.com_2026-05-13.json
prompts/agent-product-launches/runs/foundation-pvp_secondlife.com_2026-05-13.json,da494a2dbbb282594ed87b68064f6be822181735,bd0518cceaddccdd0915cecc5750a5b7734e603d129938047543efdfb1e1f928,prompts/agent-product-launches/runs/foundation-pvp_secondlife.com_2026-05-13.json
prompts/agent-product-launches/runs/foundation-pvp_securekloud.com_2026-05-13.json,06e09b2a45bae3266c04207f8ab1a4374f7c3244,fd46850ea7f11130bd043d0a3ba934dd31214f1b9ead7d93a1f051ebd1372874,prompts/agent-product-launches/runs/foundation-pvp_securekloud.com_2026-05-13.json
prompts/agent-product-launches/runs/foundation-pvp_securitashealthcare.com_2026-05-13.json,5d9a42fb3959f0550be69aeeda852775a0ffdd85,a72e3dd4e170f30f613ee2ec4de29118a93769237024d04c3c3c3a5179dbd130,prompts/agent-product-launches/runs/foundation-pvp_securitashealthcare.com_2026-05-13.json
prompts/agent-product-launches/runs/foundation-pvp_security101.com_2026-05-13.json,053b774669ce6321f7c296c4ade7c280ce83fbde,aefcdb92483542224a73dd89b71155f34cd42ba128d77d4c727b6623b1759808,prompts/agent-product-launches/runs/foundation-pvp_security101.com_2026-05-13.json
prompts/agent-product-launches/runs/foundation-pvp_sedata.com_2026-05-13.json,6362482fa62f07e3000bb7d0b698d86ce98ed4d4,6cae143e0f4f46ca6253e4066df4cf6f756cc4768788ffb1d974b356298ce83b,prompts/agent-product-launches/runs/foundation-pvp_sedata.com_2026-05-13.json
prompts/agent-product-launches/runs/foundation-pvp_sedex.com_2026-05-13.json,8cd99cf0594bd8ca23b0690a71f4c40c63a7e050,da290351f69e544736ea8dbf8478056449b8cc57d521d0091c302c03a5072052,prompts/agent-product-launches/runs/foundation-pvp_sedex.com_2026-05-13.json
prompts/agent-product-launches/runs/foundation-pvp_seek.com.au_2026-05-13.json,1c211421462a7356247c9e6249b6c94e5f9f3ffc,a0dad0bc54b7f04bcd0640efc787e8f9369eba8e5566d766004dc11569c7a324,prompts/agent-product-launches/runs/foundation-pvp_seek.com.au_2026-05-13.json
prompts/agent-product-launches/runs/foundation-pvp_segra.com_2026-05-13.json,a30834aeba7721ae75ccc9891e77ac4165e27a9f,5486982ac278468b58bf85b0f62ffe8323e3da30b9a9307c320f5ff3c41a330d,prompts/agent-product-launches/runs/foundation-pvp_segra.com_2026-05-13.json
prompts/agent-product-launches/runs/foundation-pvp_sekuro.io_2026-05-13.json,2e798082ab862acbabf911aeba6a50a41c2e8dd6,137b2eb3cba2f0f58b4d8b746b9ceb08759d64572e9d736809f64db945c89c5d,prompts/agent-product-launches/runs/foundation-pvp_sekuro.io_2026-05-13.json
prompts/agent-product-launches/runs/foundation-pvp_selectsys.com_2026-05-13.json,cff0c7da0e07635b338dff6036567b8c8d2ae6e3,3a10ee70b5e1392b7df128ab99d1aeb8a315452aa30b67eb15408be33f995a97,prompts/agent-product-launches/runs/foundation-pvp_selectsys.com_2026-05-13.json
prompts/agent-product-launches/runs/foundation-pvp_selenefinance.com_2026-05-13.json,39cc2688343d2650609bf8dd575b759cd400c13e,85a991d12585fe323895287482a0c3e43fa1861a7e1e4c2263fd18ba05a01ba4,prompts/agent-product-launches/runs/foundation-pvp_selenefinance.com_2026-05-13.json
prompts/agent-product-launches/runs/foundation-pvp_sellingsimplified.com_2026-05-13.json,d969f4cb01474d6acf02ba79510cf754e0a2bbe9,85f396f41e96fd207fbe0a3c16f20591358f087aa1d356d3e1773adfbe7a6995,prompts/agent-product-launches/runs/foundation-pvp_sellingsimplified.com_2026-05-13.json
prompts/agent-product-launches/runs/foundation-pvp_seniormarketsales.com_2026-05-13.json,119b25326ce81f432c3a3d7b464554b052425a43,45bc3bce2107730792bbe2de2cb738cea281a4800ec2bb42b1b35d787de6e5f1,prompts/agent-product-launches/runs/foundation-pvp_seniormarketsales.com_2026-05-13.json
prompts/agent-product-launches/runs/foundation-pvp_sensee.co.uk_2026-05-13.json,dd921878e19f68f148ea30f42fa55cefca723b00,8ccda1b45a76c1f64d5eacc4a791e038bfc30c2fcbeb5ec939426691ee5466cf,prompts/agent-product-launches/runs/foundation-pvp_sensee.co.uk_2026-05-13.json
prompts/agent-product-launches/runs/foundation-pvp_sensiaglobal.com_2026-05-13.json,676795734dfbc0f12c8d1f3ea8dfc9a63543fe29,be15d2a9d3162f0ce6f8e321a3f8ecd771c0dc9ab08d98851e682832406bdce4,prompts/agent-product-launches/runs/foundation-pvp_sensiaglobal.com_2026-05-13.json
prompts/agent-product-launches/runs/foundation-pvp_sensiple.com_2026-05-13.json,8916f5650ca8e1a23b6d1b9556eeb432c86893f4,7584347a1ddd85839cd919254a204723c7aabeb1822903332458273450d77455,prompts/agent-product-launches/runs/foundation-pvp_sensiple.com_2026-05-13.json
prompts/agent-product-launches/runs/foundation-pvp_sensitech.com_2026-05-13.json,4389ade23ddd666e5a81d8dd2e062a1c8072c399,b5e8ed3ca0c80036b076cbb7182632fc7130adfccee88cfbd919bc1dac43c6d2,prompts/agent-product-launches/runs/foundation-pvp_sensitech.com_2026-05-13.json
prompts/agent-product-launches/runs/foundation-pvp_sensus.com_2026-05-13.json,946ac810e5701e4a1710c5d504414b946f7d7c80,a75059f64861b174981dc14bf5e22eb57ee8e6e766905a17ab98c35996afd45e,prompts/agent-product-launches/runs/foundation-pvp_sensus.com_2026-05-13.json
prompts/agent-product-launches/runs/foundation-pvp_servian.com_2026-05-13.json,fbb9a04e2617d846faa0f3d748f4298cf3dcad7a,53a9bfe76da6253b78971e48ded5094fd44b518d0ea4dbcdc56b973eb29c7dbc,prompts/agent-product-launches/runs/foundation-pvp_servian.com_2026-05-13.json
prompts/agent-product-launches/runs/foundation-pvp_sfglife.com_2026-05-13.json,d16351aadfcd4ec93c4ad03400a5b492447672f6,3c9455d610d3d004b4286bc9081a2e9a074dd5583391e76deac9cd77b1ef31c5,prompts/agent-product-launches/runs/foundation-pvp_sfglife.com_2026-05-13.json
prompts/agent-product-launches/runs/foundation-pvp_sharpbrains.co.uk_2026-05-13.json,90de7301515b324d1ed126eb1a74df31b1c3c6b3,a6b80e90de5b086bbb0c2f73c59e1416576c6ad7dc70571f67230426e7b34e5a,prompts/agent-product-launches/runs/foundation-pvp_sharpbrains.co.uk_2026-05-13.json
prompts/agent-product-launches/runs/foundation-pvp_shepherdcolor.com_2026-05-13.json,8583cb72d0d09acc18ff001852566b338b084b55,8d35472e788035b5cdace590738232ba8f06a3dde2da8748cc947a21ca8a17c2,prompts/agent-product-launches/runs/foundation-pvp_shepherdcolor.com_2026-05-13.json
prompts/agent-product-launches/runs/foundation-pvp_shiftdigital.com_2026-05-13.json,c0f06f73a13804c07edbb4ff240596b6be3cffaa,9f0dfcebf11f54e75dfa244b5551e9e00094fcf6ed92ab13b965ee9fee02a2d3,prompts/agent-product-launches/runs/foundation-pvp_shiftdigital.com_2026-05-13.json
prompts/agent-product-launches/runs/foundation-pvp_shiperp.com_2026-05-13.json,8d4c86d9a609ab4131187d0b87415fb15fd3e82d,04062d1d0df23e34ddf40a0d433c83304da3a2548ffc29c6d396a95fa1383435,prompts/agent-product-launches/runs/foundation-pvp_shiperp.com_2026-05-13.json
prompts/agent-product-launches/runs/foundation-pvp_shoregrp.com_2026-05-13.json,8c8283361060283f4f7d25e11082071285306429,9cf20eeb4a201d07361f52a50805203731804d128b0d018fc3f5840d830048c9,prompts/agent-product-launches/runs/foundation-pvp_shoregrp.com_2026-05-13.json
prompts/agent-product-launches/runs/foundation-pvp_showingtime.com_2026-05-13.json,28e13e50dcde5c8a2716e16a4dbd835d5952f639,74b4c0a4ae03f034ed86536ba3a980a4e224276884520eb3d9015607fd6a2e31,prompts/agent-product-launches/runs/foundation-pvp_showingtime.com_2026-05-13.json
prompts/agent-product-launches/runs/foundation-pvp_shyftlabs.io_2026-05-13.json,ce6fcdfc978cf8b3fd430549c557a7b90157deea,31ba79707f250cb400691038ce17e298a0720d141323876209d8bf7b00a17563,prompts/agent-product-launches/runs/foundation-pvp_shyftlabs.io_2026-05-13.json
prompts/agent-product-launches/runs/foundation-pvp_sideinc.com_2026-05-13.json,c1aeea1c4d5fc4542d588b5e11dea77d2ce9465a,506dce55263b3ccdf7b80ad9de0fce6688c1f52ba94819bd0b75369ac3081b80,prompts/agent-product-launches/runs/foundation-pvp_sideinc.com_2026-05-13.json
prompts/agent-product-launches/runs/foundation-pvp_sidgs.com_2026-05-13.json,9595fd729e68d8a3383f4260df86bd728bbd8716,297a180c2fa42e4cb0f9e11af36724a20edc9d5bf565d59d7258b5e67fb79e33,prompts/agent-product-launches/runs/foundation-pvp_sidgs.com_2026-05-13.json
prompts/agent-product-launches/runs/foundation-pvp_sigcorp.com_2026-05-13.json,671090fcea45b25bd5713892f77005530c20fe73,206fe713c4c00ddbdf0f810d15c406006cce1b7fcad83a69e3d623ffc14bdfeb,prompts/agent-product-launches/runs/foundation-pvp_sigcorp.com_2026-05-13.json
prompts/agent-product-launches/runs/foundation-pvp_sigdef.com_2026-05-13.json,b883904ccf8e3fe7eb79e835bf79a8a1d62f19a6,d963b60ad52330d9f1676f57cb55b6438ab9c14f5e1d2d54e1d50a5833ea4173,prompts/agent-product-launches/runs/foundation-pvp_sigdef.com_2026-05-13.json
prompts/agent-product-launches/runs/foundation-pvp_sigmahealthcare.com.au_2026-05-13.json,470e8da3e362cf76b1293cf4f5611e243bc8695a,6523b961a8d5b3db2cb12241b48b1f42502c767379ee656c50d9972881a0007d,prompts/agent-product-launches/runs/foundation-pvp_sigmahealthcare.com.au_2026-05-13.json
prompts/agent-product-launches/runs/foundation-pvp_sigmasolve.com_2026-05-13.json,7685520daa4d193ae4e5f3a07d198f4ff7dea512,a05cf41fb1cf218b02f744bbc4fa007531fd0d044f2a782a3b8b07e11df9b65e,prompts/agent-product-launches/runs/foundation-pvp_sigmasolve.com_2026-05-13.json
prompts/agent-product-launches/runs/foundation-pvp_signatureflight.com_2026-05-13.json,ab4ba475e00b6ea351110487ced3c4adc5114be9,68d59e02a1f533feda2c052f6bb7270e98fdbe0f237492d057b9e8b4dd3880e9,prompts/agent-product-launches/runs/foundation-pvp_signatureflight.com_2026-05-13.json
prompts/agent-product-launches/runs/foundation-pvp_signitysolutions.com_2026-05-13.json,8530de569d4dc6c1a6b5d12c504959fcfe01e93b,b02afe83cd9b811aebb0e2951af152b531f9e92de99cf3176cacd5a7a39c8c2e,prompts/agent-product-launches/runs/foundation-pvp_signitysolutions.com_2026-05-13.json
prompts/agent-product-launches/runs/foundation-pvp_siliconexpert.com_2026-05-13.json,ec1df05d1fde4cf0fe270c8fa89c0626a88b9b20,70d538c4f268f63dcd35967ed54da1998780078db8ff97b4351234de69c03176,prompts/agent-product-launches/runs/foundation-pvp_siliconexpert.com_2026-05-13.json
prompts/agent-product-launches/runs/foundation-pvp_silverdoor.com_2026-05-13.json,b5fecfb2474b4ecb2578bc9196bdb2a2ef4bc339,081f81ea556d88c478bceb3d4bc15249ec10baa2624f966bfdd67d5cfa8028f0,prompts/agent-product-launches/runs/foundation-pvp_silverdoor.com_2026-05-13.json
prompts/agent-product-launches/runs/foundation-pvp_silverlinecrm.com_2026-05-13.json,c903fd1c9b16164fea01f6417b3745ae8de4e1f1,6d17a639ccd31c4ae9ce1251ed1786d15543da4a8d4a1dd553a65c9f0656f3d0,prompts/agent-product-launches/runs/foundation-pvp_silverlinecrm.com_2026-05-13.json
prompts/agent-product-launches/runs/foundation-pvp_simco.com_2026-05-13.json,63badfccbdf029453711179a6d2aa69eea67f1aa,418a8facffa737b4c93311973222bfc7aadacbed2f5719e7217e0490aa5b4486,prompts/agent-product-launches/runs/foundation-pvp_simco.com_2026-05-13.json
prompts/agent-product-launches/runs/foundation-pvp_simeio.com_2026-05-13.json,ea8a7b9fc628e17bb4a329b47e4f4e684632a25a,c0ffcf6b03ce58400e5377bb5a1d8ed2d4928954fdda0a4d7f7ade8f5500ccb6,prompts/agent-product-launches/runs/foundation-pvp_simeio.com_2026-05-13.json
prompts/agent-product-launches/runs/foundation-pvp_simplyconveyancing.co.uk_2026-05-13.json,af64557011815116e3a29de9d7955082a6e28853,7040d237f673c08c33652259fee8036070d874b16a74875726e33f461ec341bc,prompts/agent-product-launches/runs/foundation-pvp_simplyconveyancing.co.uk_2026-05-13.json
prompts/agent-product-launches/runs/foundation-pvp_sintons.co.uk_2026-05-13.json,197511d8ce55595682c584690d509acca7aa3f32,4b1ed80d44cc795c1a63e735ec7ec4040f82fc979806d7bcf326e7f9fc52db22,prompts/agent-product-launches/runs/foundation-pvp_sintons.co.uk_2026-05-13.json
prompts/agent-product-launches/runs/foundation-pvp_siriinfo.com_2026-05-13.json,596c8bcb14a862e5971c031a4f0d29fa68a93f81,121dea9ffb1888541920bd6dbf06eb68c53d0121e3e800de290a135cc6e47a84,prompts/agent-product-launches/runs/foundation-pvp_siriinfo.com_2026-05-13.json
prompts/agent-product-launches/runs/foundation-pvp_siriusxm.ca_2026-05-13.json,f11f48fef890875989e4fb5eac35645741f28c2d,635b2dfbfb5e8e80f9e007cfec08eccb2b072154269560e996e47c3957f8486a,prompts/agent-product-launches/runs/foundation-pvp_siriusxm.ca_2026-05-13.json
prompts/agent-product-launches/runs/foundation-pvp_sirva.com_2026-05-13.json,f5d990d2d217db6900ff24e9c1b5aeed370b4677,f1293971620d8971bcc7a2d940137130001a9d541a2f92029d4d8e38f251eb31,prompts/agent-product-launches/runs/foundation-pvp_sirva.com_2026-05-13.json
prompts/agent-product-launches/runs/foundation-pvp_sis.tv_2026-05-13.json,183134e4fa25bdcd2a1c573e6e50b7f857dd35c3,acd64c6eded64ad1e0ca6e8a05f78b68ec072ded3cba969a6de482e8c98d8d67,prompts/agent-product-launches/runs/foundation-pvp_sis.tv_2026-05-13.json
prompts/agent-product-launches/runs/foundation-pvp_sitemetric.com_2026-05-13.json,bcc5ec1e9a5599bbd682207a9908c82fb5c6a939,f64f7dfafae7787d90d42448ddf67d11d59a33104f190effdf362decd687f4a8,prompts/agent-product-launches/runs/foundation-pvp_sitemetric.com_2026-05-13.json
prompts/agent-product-launches/runs/foundation-pvp_skillpath.com_2026-05-13.json,b26339709e64a94376a205a9ca2695ea42c987cf,8d40ddb12fde07bcc49158ac39dc0c08ee9c74c0c3f8147f926ad5103ca56bbf,prompts/agent-product-launches/runs/foundation-pvp_skillpath.com_2026-05-13.json
prompts/agent-product-launches/runs/foundation-pvp_skysolutions.com_2026-05-13.json,bee55ba763933c814b01c762f6cd801bed848806,c2d94ddec918551f296ff49932b2eb79674082d650adc13027890d46bc53f538,prompts/agent-product-launches/runs/foundation-pvp_skysolutions.com_2026-05-13.json
prompts/agent-product-launches/runs/foundation-pvp_smarte.pro_2026-05-13.json,93b447e4469cafcf60e2a2edfbee684d25309b52,5f82729cb51fbad59cd9977a17bb772c53a31ff9feb85e3ed1560ee4971456ba,prompts/agent-product-launches/runs/foundation-pvp_smarte.pro_2026-05-13.json
prompts/agent-product-launches/runs/foundation-pvp_smartshift.com_2026-05-13.json,202b658c7f7354c6498598c6dd8ffccec2df850d,7b8c8d9c006e396e41b1af088b0d5a04ac36fb4de9a33f5443d27d050ceefc00,prompts/agent-product-launches/runs/foundation-pvp_smartshift.com_2026-05-13.json
prompts/agent-product-launches/runs/foundation-pvp_smartsourcellc.com_2026-05-13.json,b4ad77ef9f04f826951d310a5c3da2246a9e5b00,b99cef4082c6a1c48b0fa00ada76837ff42ac867fdef71ce35fd2f4f6a04b307,prompts/agent-product-launches/runs/foundation-pvp_smartsourcellc.com_2026-05-13.json
prompts/agent-product-launches/runs/foundation-pvp_smarttech.com_2026-05-13.json,690439cdb068f872a0bbe9bc74f4d53243bc73f6,8a5583a0b80ff9716ce8125ef561bc01980eef4d2644226ccde8aa37710ddfb5,prompts/agent-product-launches/runs/foundation-pvp_smarttech.com_2026-05-13.json
prompts/agent-product-launches/runs/foundation-pvp_smc3.com_2026-05-13.json,fbed285e57c129635d5cb44c806f6bcd9059d104,bb69fde5ed000becd119ac8bebc494abb047aecec9962f7b31fe7f636e253ca4,prompts/agent-product-launches/runs/foundation-pvp_smc3.com_2026-05-13.json
prompts/agent-product-launches/runs/foundation-pvp_smg.team_2026-05-13.json,e783beecacbcb4884fb1c0bca397b4a08c14f48e,755cb74636bc3e3021d34f4f1b4d0b4503ae444fad710696389b9f983d0a7a9c,prompts/agent-product-launches/runs/foundation-pvp_smg.team_2026-05-13.json
prompts/agent-product-launches/runs/foundation-pvp_smi-inc.com_2026-05-13.json,156a42483856efa11b63464336ea49fefca6f184,d9666a7f94316c5b147865eea739845ab28778efc5b3c70bdbd0ef7d29277cc7,prompts/agent-product-launches/runs/foundation-pvp_smi-inc.com_2026-05-13.json
prompts/agent-product-launches/runs/foundation-pvp_sms-magic.com_2026-05-13.json,9dd2034b138261fed1636216e4e3d5b9580985fd,40df34d8167219add2d6612483bedf91be6e0eaf93a8eb3c3079e63357b45174,prompts/agent-product-launches/runs/foundation-pvp_sms-magic.com_2026-05-13.json
prompts/agent-product-launches/runs/foundation-pvp_sms.com_2026-05-13.json,aa0c241142fe6b3edc1f8f2d97d226d84740426b,80b8f32cade076acbd8fd2b8e9be6c6a38635cf21baab87fa5310c399afa4e16,prompts/agent-product-launches/runs/foundation-pvp_sms.com_2026-05-13.json
prompts/agent-product-launches/runs/foundation-pvp_snakking.com_2026-05-13.json,24cd7398720bacfa674b5127ee74e014c1caa058,737e979b8b36e147d4195213926fab5f83b1fe61a555cbba8d19e056f97e9cb8,prompts/agent-product-launches/runs/foundation-pvp_snakking.com_2026-05-13.json
prompts/agent-product-launches/runs/foundation-pvp_snapav.com_2026-05-13.json,8f88d72ea155f8e516c074477d2926ff1e53832a,8b10cc8d38d0b62be72cc2e5bb172027806a9300a2d1847f7d58d05f4a08c823,prompts/agent-product-launches/runs/foundation-pvp_snapav.com_2026-05-13.json
prompts/agent-product-launches/runs/foundation-pvp_snovasys.com_2026-05-13.json,dd892d2caba1a8288fbce74b147fbea1ee99a0dd,38e2966194e6f9e057b11a3b83e45018ab75520e71cffd548fc1804ff450be96,prompts/agent-product-launches/runs/foundation-pvp_snovasys.com_2026-05-13.json
prompts/agent-product-launches/runs/foundation-pvp_soctronics.com_2026-05-13.json,f282e09028918a6341d89635a542a7ccab179e99,21ac76e3cd3213c570bd9905be70a1403022b5afd197135ee09d3885104d461f,prompts/agent-product-launches/runs/foundation-pvp_soctronics.com_2026-05-13.json
prompts/agent-product-launches/runs/foundation-pvp_softcat.com_2026-05-13.json,ab56e18d84cf392cfaa2acdb8c0dc6d8a102cd70,c39f164b1d34f8e50d283dde0b8bb50d876c820e638194b486f6f1d1b65e4d1a,prompts/agent-product-launches/runs/foundation-pvp_softcat.com_2026-05-13.json
prompts/agent-product-launches/runs/foundation-pvp_softcomputer.com_2026-05-13.json,136bc3c46483c12fc7a27afec553052e2cc78766,90c9dd36f53f68d60515e604a659d2a90a52d146f89e673b773d93a81dbc7a2b,prompts/agent-product-launches/runs/foundation-pvp_softcomputer.com_2026-05-13.json
prompts/agent-product-launches/runs/foundation-pvp_softcrylic.com_2026-05-13.json,c1c7a3abff24d4aa1fcf243be55ef18f6f167e9c,30d8bc8fbd685c99ad37089641a2ea374b5d46db5b995b984a469630e238da75,prompts/agent-product-launches/runs/foundation-pvp_softcrylic.com_2026-05-13.json
prompts/agent-product-launches/runs/foundation-pvp_softprocorp.com_2026-05-13.json,c390b4a06ba7a057597d8645dbb2fd248322c130,2c0e5176d9474bd7200a32bcfe14bb6b8f3c8e6e111c580e8f7efeecb5845082,prompts/agent-product-launches/runs/foundation-pvp_softprocorp.com_2026-05-13.json
prompts/agent-product-launches/runs/foundation-pvp_softura.com_2026-05-13.json,65be36403e89e4b756ca2336f49c1590dc3691f0,df8eb58fa241e76b9b378c3faf0cf23599f911fa52387964de09924c11c9a49c,prompts/agent-product-launches/runs/foundation-pvp_softura.com_2026-05-13.json
prompts/agent-product-launches/runs/foundation-pvp_solartis.com_2026-05-13.json,811608203bd8915ac301a956ad267db172635ffa,39702afc1a2ebf7aed9868d14a8853078e3c558fb6495888b80c930e39e8aa6d,prompts/agent-product-launches/runs/foundation-pvp_solartis.com_2026-05-13.json
prompts/agent-product-launches/runs/foundation-pvp_solidcam.com_2026-05-13.json,16efb0ead9d4047f7df0514fc329630e8afa103f,92c659a9c86f86b26d91a78b2e910f42737ed40eda7e901b0e03e9215b939d67,prompts/agent-product-launches/runs/foundation-pvp_solidcam.com_2026-05-13.json
prompts/agent-product-launches/runs/foundation-pvp_solotech.com_2026-05-13.json,e70927c06b88a2146689d3bdc834e304c09626df,5e3726faf444bc85a7deb89030967f17029c13fdcb6b01b74c1d62219fb41468,prompts/agent-product-launches/runs/foundation-pvp_solotech.com_2026-05-13.json
prompts/agent-product-launches/runs/foundation-pvp_solugenix.com_2026-05-13.json,0d4e2436d8f35afb890ead6090baaf3861acd95b,7c04a8d785646c49065c47f55f70f20de295857541e6749294a635fee54814f4,prompts/agent-product-launches/runs/foundation-pvp_solugenix.com_2026-05-13.json
prompts/agent-product-launches/runs/foundation-pvp_solulab.com_2026-05-13.json,f34ff889e9717496b6e70c8dcc8e06c0dc67b86e,19242e519bd40b70df5876b7cfeca8ebf285dbac07926bf8504473122d26f14d,prompts/agent-product-launches/runs/foundation-pvp_solulab.com_2026-05-13.json
prompts/agent-product-launches/runs/foundation-pvp_solutions2go.ca_2026-05-13.json,9e1b05b951f8a89df829e2e2c437869640d82405,e1759883e49097407e6a60d013934fe31bbf9b46784c99b2e786ce2f42c1dc78,prompts/agent-product-launches/runs/foundation-pvp_solutions2go.ca_2026-05-13.json
prompts/agent-product-launches/runs/foundation-pvp_solutionsoftware.com_2026-05-13.json,e1a98a8b788189425bda66c22772f260db21d385,f8004e6d2763b8a4e32a4d6f814ef4a8333071d108616ec3f6519677ebccd8b7,prompts/agent-product-launches/runs/foundation-pvp_solutionsoftware.com_2026-05-13.json
prompts/agent-product-launches/runs/foundation-pvp_solutran.com_2026-05-13.json,3800bda15f6d22792aeb9132522be55eb69ee940,79fbc99168112f7cc74840120f70133afa2bad02ff7cdcbf0d6ef9eff74b9403,prompts/agent-product-launches/runs/foundation-pvp_solutran.com_2026-05-13.json
prompts/agent-product-launches/runs/foundation-pvp_sopro.io_2026-05-13.json,3ec8b4ebd618e2fdff6d666f57d992c065509283,bde9bf6099e60d1adf072bb6b8a8ab79f3732a844496eee3cdda1cec787b3d1c,prompts/agent-product-launches/runs/foundation-pvp_sopro.io_2026-05-13.json
prompts/agent-product-launches/runs/foundation-pvp_soroco.com_2026-05-13.json,55d63819f70cfdda76678009fb07dc5ff1baa875,fc7c58b45757c9f062a9503b074afe8866e52773fad13756ab41f5c2a2d6ef5e,prompts/agent-product-launches/runs/foundation-pvp_soroco.com_2026-05-13.json
prompts/agent-product-launches/runs/foundation-pvp_sorren.com_2026-05-13.json,4725c079eea4079ea7e830df22fea63c542af3fa,9132e279a5e5b2e2b6df87c1d233b02dda9da0cb3894e896b21d3511df2deddd,prompts/agent-product-launches/runs/foundation-pvp_sorren.com_2026-05-13.json
prompts/agent-product-launches/runs/foundation-pvp_sourceability.com_2026-05-13.json,f82ea1dacab43a2717f300f2217161b8ad21d313,88cc39f1c6adf5529b3532ed073036f3bf12f73ac47160dcd4e026b080c4cae7,prompts/agent-product-launches/runs/foundation-pvp_sourceability.com_2026-05-13.json
prompts/agent-product-launches/runs/foundation-pvp_sourceadvisors.com_2026-05-13.json,b91c42a41eda84bf6d2ea230292f10cdf7c1074f,f41b6ea7b79513cbaeef029deae388aa43c76930be11f29a6bbf7878857c39cd,prompts/agent-product-launches/runs/foundation-pvp_sourceadvisors.com_2026-05-13.json
prompts/agent-product-launches/runs/foundation-pvp_southernlinc.com_2026-05-13.json,52128343f194a38e634c80aa36580524ac4c4449,72753fa9fb4cd904b8b0596f3a224358b3e611a0ad05ab301f45660eb94766d5,prompts/agent-product-launches/runs/foundation-pvp_southernlinc.com_2026-05-13.json
prompts/agent-product-launches/runs/foundation-pvp_sovra.com_2026-05-13.json,134032d125510c51e507e32aea0eac59f9bcb55c,56a94c3a69ae6c43552ce0e02fc8f13aae29b283cfa2e2989f07670925743313,prompts/agent-product-launches/runs/foundation-pvp_sovra.com_2026-05-13.json
prompts/agent-product-launches/runs/foundation-pvp_sparity.com_2026-05-13.json,e5f35fea639bc1a42f78c6d7c7380d3b2f898a51,4d7d5b418b67f14016768e6b822a06f39314f899dd84245faf04ca5b167710f2,prompts/agent-product-launches/runs/foundation-pvp_sparity.com_2026-05-13.json
prompts/agent-product-launches/runs/foundation-pvp_spartanchemical.com_2026-05-13.json,90f412c58976fdd4c07f1c38b2f250a0c72b581b,d20a9e87068602df3257f5974cfbaf865109a08ab705c2a4bf791b49269bcd72,prompts/agent-product-launches/runs/foundation-pvp_spartanchemical.com_2026-05-13.json
prompts/agent-product-launches/runs/foundation-pvp_spdatadigital.com_2026-05-13.json,7e8f9ef4cdb6d7453485aa242dc04da08d635128,67fddba12e69113a47a2f88b324912c4738c545b64b1591a0047569b9cab5bdb,prompts/agent-product-launches/runs/foundation-pvp_spdatadigital.com_2026-05-13.json
prompts/agent-product-launches/runs/foundation-pvp_speareducation.com_2026-05-13.json,59e3422f2682718465b3d46fd6c31b4ee0d1e94a,e01948d484bbade76b59e978faa14519ddf5d9d065fb0bf538b03eb1cd0316a6,prompts/agent-product-launches/runs/foundation-pvp_speareducation.com_2026-05-13.json
prompts/agent-product-launches/runs/foundation-pvp_spectralogic.com_2026-05-13.json,0ed4dfeb300915b00d389a4377278780dc4173dc,12c2a27fcfbf80dc4970c8bdea70341a462917baa33e6c56c27d2166be8aa014,prompts/agent-product-launches/runs/foundation-pvp_spectralogic.com_2026-05-13.json
prompts/agent-product-launches/runs/foundation-pvp_spectrumvoip.com_2026-05-13.json,c26ef5560fee92cb8f1fcba2b0d53806fc46ccd1,0b7e4ed5a5c40b4c4a9f0cf91d23e4d752e1610cf35061257de1c865cebcf666,prompts/agent-product-launches/runs/foundation-pvp_spectrumvoip.com_2026-05-13.json
prompts/agent-product-launches/runs/foundation-pvp_spektrasystems.com_2026-05-13.json,922fbe295f01fa7ffef07d1b12dd28f551740803,cc6df9510b90135c4aeba542b074b82c4c0ff20543902d7efbbe2fecd24702f6,prompts/agent-product-launches/runs/foundation-pvp_spektrasystems.com_2026-05-13.json
prompts/agent-product-launches/runs/foundation-pvp_spok.com_2026-05-13.json,53c80f8b3bd862a9e22cdc0fe01392040e898472,17aa3cb2102e20ef9849641ba46247fd457d439736aa583a5a7abcca11bb535f,prompts/agent-product-launches/runs/foundation-pvp_spok.com_2026-05-13.json
prompts/agent-product-launches/runs/foundation-pvp_spotinc.com_2026-05-13.json,e8e1d57429f9123e4c4c088e9ad12ba0a7895971,41a941816d91b974e9d648b94316f8cfde113ee4b8679ea9bb718268b716105e,prompts/agent-product-launches/runs/foundation-pvp_spotinc.com_2026-05-13.json
prompts/agent-product-launches/runs/foundation-pvp_springfieldelectric.com_2026-05-13.json,2966217ac3938e3c69d6e39451fa3d0064e0afcc,5a28cf0114e49aa738bbb4a5b86cd4c06f26cd44bdbd244717ddea4431ace6d8,prompts/agent-product-launches/runs/foundation-pvp_springfieldelectric.com_2026-05-13.json
prompts/agent-product-launches/runs/foundation-pvp_springworks.in_2026-05-13.json,fe0f066538f39afe18d2618ec1852a1a250b62b5,6903d1c617a4680f914e3d6209fd91db5622addc7e7920a9b189a938e843c1dc,prompts/agent-product-launches/runs/foundation-pvp_springworks.in_2026-05-13.json
prompts/agent-product-launches/runs/foundation-pvp_sqaservices.com_2026-05-13.json,bee2e0c1800b2040b7acfc95e9bcc086eadb82fc,3b6cc94eaaca94afce539302c7ba6504f100f8c54b4f9db04ca1b49939f0f4db,prompts/agent-product-launches/runs/foundation-pvp_sqaservices.com_2026-05-13.json
prompts/agent-product-launches/runs/foundation-pvp_squeezemedia.com_2026-05-13.json,411fc17c84e12da18c0377665af68cbc1fd5720f,aa94a9dc9a3de04e686bc3143c10a0bb597c358937e5b90b6ee7f175fcbd96c2,prompts/agent-product-launches/runs/foundation-pvp_squeezemedia.com_2026-05-13.json
prompts/agent-product-launches/runs/foundation-pvp_squire.com_2026-05-13.json,ccce17d3b2487439d204d7e97cc242dbc289be84,e0ea33e284547739693d220ce8cc93757d5997603b848ef0e094603cd8c06cb0,prompts/agent-product-launches/runs/foundation-pvp_squire.com_2026-05-13.json
prompts/agent-product-launches/runs/foundation-pvp_squiz.net_2026-05-13.json,68d48ebcacb9715485a1e70a55a58692a93501de,9cd5c9455c7fe9b0600d0fff9f6e4e87f8ccbdcb784fc31827b26262437f526f,prompts/agent-product-launches/runs/foundation-pvp_squiz.net_2026-05-13.json
prompts/agent-product-launches/runs/foundation-pvp_sra.io_2026-05-13.json,7f3713912d36f438912ac4c41c04092cd3ed27db,693045b47e6d99a27a3d94b4e37d965686f95f1107e2ab1bfa483369da73b293,prompts/agent-product-launches/runs/foundation-pvp_sra.io_2026-05-13.json
prompts/agent-product-launches/runs/foundation-pvp_ssidecisions.com_2026-05-13.json,5c45cf88129d0b238df94b6779ffb35497131738,fe4fc636a0d931276373e768de34ef4dbd487df7364741ade5cb007ded41fe00,prompts/agent-product-launches/runs/foundation-pvp_ssidecisions.com_2026-05-13.json
prompts/agent-product-launches/runs/foundation-pvp_stackexchange.com_2026-05-13.json,f54c9a15e04dbfe58b8c02104d9e1e53fbfb2efc,a6af12d8b989bb3a77eefc5656f79483f9f2c35e7a7ed5551f5980098ba0580d,prompts/agent-product-launches/runs/foundation-pvp_stackexchange.com_2026-05-13.json
prompts/agent-product-launches/runs/foundation-pvp_staff-force.com_2026-05-13.json,9fc3b611e6421eb6a8a2a06909487dc34c40b866,7d9cc55d2aefd243f077613eeaee8d0137e4f6f29ee8c33dd24645425b0b2be5,prompts/agent-product-launches/runs/foundation-pvp_staff-force.com_2026-05-13.json
prompts/agent-product-launches/runs/foundation-pvp_stamps.com_2026-05-13.json,c906468c25f0d199741fd19e659ab9e5e20206a0,59f3824e0b53a75ba7dbfb2ac22b6b6946d57dc905655cdccb7ad17f71b374ef,prompts/agent-product-launches/runs/foundation-pvp_stamps.com_2026-05-13.json
prompts/agent-product-launches/runs/foundation-pvp_staplespromo.com_2026-05-13.json,d11a8364d8e52dc1f42cf17dab33ff7210d76aea,29db969b7298b86d95797394a2deefec4d7b0c58f63eeec361dd37f081d6f167,prompts/agent-product-launches/runs/foundation-pvp_staplespromo.com_2026-05-13.json
prompts/agent-product-launches/runs/foundation-pvp_stargate.net_2026-05-13.json,8126215e3364d4d1302883ec1d5cddc48bf79d82,e0c3dcb05122e4d5228193cf254e3625aa1af14bdc0a27b4db4d42d3ff60b75c,prompts/agent-product-launches/runs/foundation-pvp_stargate.net_2026-05-13.json
prompts/agent-product-launches/runs/foundation-pvp_stark.co.uk_2026-05-13.json,be4cfde51fec3979c39e4d984c211968ada6e676,64fe94691b3f94cb6695464359ba71951b2bc220fa23a97d0d3f06db29491fab,prompts/agent-product-launches/runs/foundation-pvp_stark.co.uk_2026-05-13.json
prompts/agent-product-launches/runs/foundation-pvp_startribunecompany.com_2026-05-13.json,a9ab287b69a71b3d973e6bec4f3346ca96866564,0fb26c5c0a73df7090e493a1467571835b7232a0326d10021acc5154d1e1f512,prompts/agent-product-launches/runs/foundation-pvp_startribunecompany.com_2026-05-13.json
prompts/agent-product-launches/runs/foundation-pvp_statecollectionservice.com_2026-05-13.json,b9e35cd96e052d11156ad26ae1e12fcc7a64fb8c,f7891db76845cee6a2a77188323de2d730f68e8cf1d91209822256a81297df24,prompts/agent-product-launches/runs/foundation-pvp_statecollectionservice.com_2026-05-13.json
prompts/agent-product-launches/runs/foundation-pvp_statsbomb.com_2026-05-13.json,8493b0dec40dd92296a797a281ca011db68ca1c1,2183ea80bb8f6f4948c0a7ae561b56cbcbe91e4cd72be3e8dff4222cd3b800c6,prompts/agent-product-launches/runs/foundation-pvp_statsbomb.com_2026-05-13.json
prompts/agent-product-launches/runs/foundation-pvp_statusneo.com_2026-05-13.json,1f5b4d23d5ae0d12ca6a6e92e89bca0e7b31e711,9253f601b57e592ea44ffc7751298969407e7f0ebb4b14cf807239812e57a2a3,prompts/agent-product-launches/runs/foundation-pvp_statusneo.com_2026-05-13.json
prompts/agent-product-launches/runs/foundation-pvp_stealthmonitoring.com_2026-05-13.json,0a6ca0944fa8adaefbeffc05fcd4a53d7cdc0c8e,c7292086cfa5ba34e0a1935a4a1fcd607d4a13fdf2b37291ee2b0906fd481da6,prompts/agent-product-launches/runs/foundation-pvp_stealthmonitoring.com_2026-05-13.json
prompts/agent-product-launches/runs/foundation-pvp_steampunk.com_2026-05-13.json,e50c9cae7a59d0d52041c1b94176711de02deaac,762f8af8aa2452ebef8824fd5a53cfbadc1bbc802b637250b746dcca224e451a,prompts/agent-product-launches/runs/foundation-pvp_steampunk.com_2026-05-13.json
prompts/agent-product-launches/runs/foundation-pvp_stearnsbank.com_2026-05-13.json,fd1147a05268b9acd3e3b19be3136ac51823b13f,b578d2fa0c4ee6e715ff4a04d428308aeac8633479766d91b735bad50a79be2f,prompts/agent-product-launches/runs/foundation-pvp_stearnsbank.com_2026-05-13.json
prompts/agent-product-launches/runs/foundation-pvp_steeltechnologies.com_2026-05-13.json,17e4e47b0c01f794e2c3ee4b7e25240e6f7ec4a9,d574a15c77df93d2be6bfd7489f5eec23b2d81dccd5c7f8547f9799ae610105e,prompts/agent-product-launches/runs/foundation-pvp_steeltechnologies.com_2026-05-13.json
prompts/agent-product-launches/runs/foundation-pvp_stellarelements.com_2026-05-13.json,e5e33ad6d470fe373fa6301d44456b8c3a6f48e4,e966ccfb652e8c22b9d84f3a3e631ef5e1c90213a1c43f81c4dc03ef06ea1dd7,prompts/agent-product-launches/runs/foundation-pvp_stellarelements.com_2026-05-13.json
prompts/agent-product-launches/runs/foundation-pvp_stemscopes.com_2026-05-13.json,187a9d8d95853a327a59eb912e1881762c4be80b,53ab7defa481a66ce91f690b739d6f044448150aeb118b0ec05fa50a579012c7,prompts/agent-product-launches/runs/foundation-pvp_stemscopes.com_2026-05-13.json
prompts/agent-product-launches/runs/foundation-pvp_stenograph.com_2026-05-13.json,58c2ac3b199e54d228fa32795962f70e2aa286ef,5aa4243ba0767cb4835c0a77c82d9f672eb7d483c68c6516c458e291a17352c8,prompts/agent-product-launches/runs/foundation-pvp_stenograph.com_2026-05-13.json
prompts/agent-product-launches/runs/foundation-pvp_steris-ims.com_2026-05-13.json,bdf7c0ef6f48e0354de73eee8ce6abb7ed7352d4,c54f823cd44b66a694a6cc03c260a80f1c504d253937f50f68db59e2f1dd884d,prompts/agent-product-launches/runs/foundation-pvp_steris-ims.com_2026-05-13.json
prompts/agent-product-launches/runs/foundation-pvp_stgit.com_2026-05-13.json,2b9bedd6e7bc56d97e65e6cf0f67c1e904277e08,84f9943a71844dae72adec52ce10396d15ae9425fc93278f2ae8e4562f797ced,prompts/agent-product-launches/runs/foundation-pvp_stgit.com_2026-05-13.json
prompts/agent-product-launches/runs/foundation-pvp_stockmanbank.com_2026-05-13.json,4ba1846f45b91ffa0c19ed922afc48cf235c0077,c57733e3c7a2b23144d005cef108c0478929dbfdfeac5b34d7dbfdaaa661ff7b,prompts/agent-product-launches/runs/foundation-pvp_stockmanbank.com_2026-05-13.json
prompts/agent-product-launches/runs/foundation-pvp_stoneridgesoftware.com_2026-05-13.json,a98527f7f353f0e196d3570823045d2f0bf0e78b,43bc1ff60806ceee02fdf31181eb53ea2a7b3021718d95d50ce9851ce57d9131,prompts/agent-product-launches/runs/foundation-pvp_stoneridgesoftware.com_2026-05-13.json
prompts/agent-product-launches/runs/foundation-pvp_str.com_2026-05-13.json,a4c8c12affd3f865b8bfe30482666b86e8ea0a69,9ffad55cc4ad7340d5c05973b05605ad48532aa2791f76865317aef617579033,prompts/agent-product-launches/runs/foundation-pvp_str.com_2026-05-13.json
prompts/agent-product-launches/runs/foundation-pvp_stratacache.com_2026-05-13.json,30f7024bf49404159d073aa4af6448882c80c106,4cf53769eb08f08c1b8fd9fd9a8efdd9efd51a1cf018d121e3b4d0bc608237b8,prompts/agent-product-launches/runs/foundation-pvp_stratacache.com_2026-05-13.json
prompts/agent-product-launches/runs/foundation-pvp_stratumreservoir.com_2026-05-13.json,018655fd69a0ed326ecf784735ed245e45f315e4,e4929de694c8a01b820eefae53124d392ec71bb5bb76c9c36c576fc473a8362f,prompts/agent-product-launches/runs/foundation-pvp_stratumreservoir.com_2026-05-13.json
prompts/agent-product-launches/runs/foundation-pvp_stratus.com_2026-05-13.json,c04ede5bb4372315f7835bc9d3c6b5cd0211af5b,d177564d04f1ca4908b9c4d84e7fa31a94886242098b9728017c84b271116381,prompts/agent-product-launches/runs/foundation-pvp_stratus.com_2026-05-13.json
prompts/agent-product-launches/runs/foundation-pvp_streamlinehealthcare.com_2026-05-13.json,dcfaee9b202c73e3b8f59e5009ef3b728e4a291d,6ac1c0f52bbe11dd37d003f1cb718c12ca3ac5f67d46d3027be1ca62c2621e10,prompts/agent-product-launches/runs/foundation-pvp_streamlinehealthcare.com_2026-05-13.json
prompts/agent-product-launches/runs/foundation-pvp_stretto.com_2026-05-13.json,1338135a4c37a4ebc0cfbbaa52b523e513fa4215,47204751c96b0a08fa96ea8aff8e2b8fd4e453355c79259cd554934500793cb5,prompts/agent-product-launches/runs/foundation-pvp_stretto.com_2026-05-13.json
prompts/agent-product-launches/runs/foundation-pvp_stridelearning.com_2026-05-13.json,423fee6df37417368154ccad33ace421a9878d3f,9a25b79b2a2bf373b48f194437bfa8536e8003e6226c538f12eea9dedd55fb25,prompts/agent-product-launches/runs/foundation-pvp_stridelearning.com_2026-05-13.json
prompts/agent-product-launches/runs/foundation-pvp_strongmind.com_2026-05-13.json,12575b58f3c4480ae5f4a01e0b9e7609069f6ba5,929dcb6af56203ddcd4b43230086a47274da6de0851cc1e4705eddbc7d43dced,prompts/agent-product-launches/runs/foundation-pvp_strongmind.com_2026-05-13.json
prompts/agent-product-launches/runs/foundation-pvp_strongtie.com_2026-05-13.json,f29f8695723f4bfdb4380d1d530e5b0f97d95add,eebe3a96b399aa64230f38bda1bc2262feb1249fc14ec67070d3459462d11d5a,prompts/agent-product-launches/runs/foundation-pvp_strongtie.com_2026-05-13.json
prompts/agent-product-launches/runs/foundation-pvp_studentclearinghouse.org_2026-05-13.json,3dc1940046df4acbff6da6700e3b408bd2754c0c,eaa9e2a32ecac96770a96111fdcf2a57f1741f501259eba0827421e029d06c26,prompts/agent-product-launches/runs/foundation-pvp_studentclearinghouse.org_2026-05-13.json
prompts/agent-product-launches/runs/foundation-pvp_sugarmtn.net_2026-05-13.json,9c697eae682a6066eee9e94542314f3cfbe75bc4,fbbcbd66aa2c56010786aa66ecf41a74d6b7d540bae58b69e27b20be82028a71,prompts/agent-product-launches/runs/foundation-pvp_sugarmtn.net_2026-05-13.json
prompts/agent-product-launches/runs/foundation-pvp_sumtotalsystems.com_2026-05-13.json,b448c4798364cb610faf2b9c1863d526495ed5cb,b27c50a1f645fa2faedef236b26150644f8bfee428589be8ea72b20801817865,prompts/agent-product-launches/runs/foundation-pvp_sumtotalsystems.com_2026-05-13.json
prompts/agent-product-launches/runs/foundation-pvp_sunbeltcontrols.com_2026-05-13.json,2ff1659e32d5d98a4a21770730f6e99f07402cba,40dcc4d187dd0508e57e2cdd91877e0937bc2c3290b63597ec279cb213825895,prompts/agent-product-launches/runs/foundation-pvp_sunbeltcontrols.com_2026-05-13.json
prompts/agent-product-launches/runs/foundation-pvp_sungardas.com_2026-05-13.json,4fb4b6dd5685adf104504255e95f7b8d5661e8d6,196edcdc8228dd1c5845135b76a0a4acaf837327ff1def3e9f6d327534545f20,prompts/agent-product-launches/runs/foundation-pvp_sungardas.com_2026-05-13.json
prompts/agent-product-launches/runs/foundation-pvp_sunsettrans.com_2026-05-13.json,a27a4bd2711ec5925db1f1227256f462b79fb41f,36e0970eb16e78f62fa031f947d2abb89f60ff1012484753db3d9bc7298cc9af,prompts/agent-product-launches/runs/foundation-pvp_sunsettrans.com_2026-05-13.json
prompts/agent-product-launches/runs/foundation-pvp_superconcepts.com.au_2026-05-13.json,f84d8e98eb69f317c6e0c3b46bdcaf936192eb91,9b9b327908209a93b3cadc4f1c2ea64386b369d7c97b0368b1b5f6783512b335,prompts/agent-product-launches/runs/foundation-pvp_superconcepts.com.au_2026-05-13.json
prompts/agent-product-launches/runs/foundation-pvp_supportninja.com_2026-05-13.json,c9f579e2c2ae6348dba7c4b4343cde86357baddc,e06171f89a28f0707b13966c225743adcd881e990700b8b4ac7ff24f7e7f0372,prompts/agent-product-launches/runs/foundation-pvp_supportninja.com_2026-05-13.json
prompts/agent-product-launches/runs/foundation-pvp_surepayroll.com_2026-05-13.json,43414684b1b59f4ea2687b17f0b2eb9e40487ffd,9791185e69b0f7e4bbce77b8f254f16263534ba7506a50de2e1c67824f3b40b1,prompts/agent-product-launches/runs/foundation-pvp_surepayroll.com_2026-05-13.json
prompts/agent-product-launches/runs/foundation-pvp_sureprep.com_2026-05-13.json,ee20abc514c707c0197e59f24efe8c88a581bc4e,0d57625935cfefec699a88cf9f724077b06ff7fd4d1f4ac045a9f9e16ecba195,prompts/agent-product-launches/runs/foundation-pvp_sureprep.com_2026-05-13.json
prompts/agent-product-launches/runs/foundation-pvp_surest.com_2026-05-13.json,c4fc49ac351ff90a008eabb57aa1916700d02e17,c03cb36946861a9608af2a4ac8c3e26e93027223bcffb9dfa7d8e94ce538777c,prompts/agent-product-launches/runs/foundation-pvp_surest.com_2026-05-13.json
prompts/agent-product-launches/runs/foundation-pvp_surgicalnotes.com_2026-05-13.json,06bb459e3a4ca76f8329157f94314783b4b5c6ca,f4c869d74c95106f14fab7e1aa6aa7186bc56aa49544a62a124e820c40328618,prompts/agent-product-launches/runs/foundation-pvp_surgicalnotes.com_2026-05-13.json
prompts/agent-product-launches/runs/foundation-pvp_surpass.com_2026-05-13.json,534b3a5f1dd329fda175f32ae6c5cf283c5c66e4,33dafc0fbe910e6de88a89ecc82513d8768cae5a7c5aea167790ef64dd040072,prompts/agent-product-launches/runs/foundation-pvp_surpass.com_2026-05-13.json
prompts/agent-product-launches/runs/foundation-pvp_survey.com_2026-05-13.json,cd8a30fa37682c4e5f1b7e84185075bc65a8464e,32612765da418484688e7db25bf396482e11d0b3fa6a81edc5a915541d90093f,prompts/agent-product-launches/runs/foundation-pvp_survey.com_2026-05-13.json
prompts/agent-product-launches/runs/foundation-pvp_susserbank.com_2026-05-13.json,8c521576c74d1fa3bf9ff56025d670da7905200a,cd6b14a32aced9813701a9808de64a89d7c05416b4c9f08a8180734e879e0e29,prompts/agent-product-launches/runs/foundation-pvp_susserbank.com_2026-05-13.json
prompts/agent-product-launches/runs/foundation-pvp_svclnk.com_2026-05-13.json,9c87de985818152cd68fa8e94f53e71f5eef4b72,4a0f3c1d17624d0b556664eeb2f4e2d1db932a7caf91b348dbb208f805b56157,prompts/agent-product-launches/runs/foundation-pvp_svclnk.com_2026-05-13.json
prompts/agent-product-launches/runs/foundation-pvp_svksystems.com_2026-05-13.json,be98cc8281a452ecaca651497891ddb5757744a2,4ef04f9d2cb88af929c934c0f198b3b4bf7a31b7c84b6353abd076011b762372,prompts/agent-product-launches/runs/foundation-pvp_svksystems.com_2026-05-13.json
prompts/agent-product-launches/runs/foundation-pvp_swinertonrenewable.com_2026-05-13.json,967a82d387d14c52811866456b0719cf80cf1a4f,6e055dc526c4b79a574de888fa8d6087961df26f2b29879a7d0b74399f88d713,prompts/agent-product-launches/runs/foundation-pvp_swinertonrenewable.com_2026-05-13.json
prompts/agent-product-launches/runs/foundation-pvp_symbio.global_2026-05-13.json,ef03eb9ca1c1b271ea946efa44c2a4724cf2e4ed,2367be08903a3b80f82ec9d1835e194532680e83b5c2b77aa5ac11a6a21a4942,prompts/agent-product-launches/runs/foundation-pvp_symbio.global_2026-05-13.json
prompts/agent-product-launches/runs/foundation-pvp_symitar.com_2026-05-13.json,9edce9a0bfbd1adde06b253db816896df63fb927,3d40cfe26ef2d175aa196916509e66770326430e79ab093b1a2a881559e8f001,prompts/agent-product-launches/runs/foundation-pvp_symitar.com_2026-05-13.json
prompts/agent-product-launches/runs/foundation-pvp_symphony.is_2026-05-13.json,d986ba165197eeb341b45663cad536210603d343,dbfe750298eacb5a0203a314a738b770c88faecdd15094ab65089659f842e097,prompts/agent-product-launches/runs/foundation-pvp_symphony.is_2026-05-13.json
prompts/agent-product-launches/runs/foundation-pvp_synectics-solutions.com_2026-05-13.json,6a8aced1388ef83cffd3bce881599320b32f8a27,d923e543d16eb462d522190759fb1f1a636773690cdcc1d0e1b1ea1caac357d4,prompts/agent-product-launches/runs/foundation-pvp_synectics-solutions.com_2026-05-13.json
prompts/agent-product-launches/runs/foundation-pvp_synecticsglobal.com_2026-05-13.json,5502271be44290d1abb26a2d0e2a2c6a7c6aa973,13cc6c570ff31e1fe3f58820af957887120f2854eed8b4fb46fb1658591d868d,prompts/agent-product-launches/runs/foundation-pvp_synecticsglobal.com_2026-05-13.json
prompts/agent-product-launches/runs/foundation-pvp_synergy.net.au_2026-05-13.json,e931a062800e7a75a555c27f19a42a0dccb8ed5f,51e3d24e3230136cff7ef4e30ae2ab5fd93707964a0568423d95ca00a9e6c109,prompts/agent-product-launches/runs/foundation-pvp_synergy.net.au_2026-05-13.json
prompts/agent-product-launches/runs/foundation-pvp_synergybis.com_2026-05-13.json,2000fe33d955d1d2e6257bc2978a151662375484,0479f9dac2fe65c75156dd1054af723a2bfea5554ef4fe5d672f2e8fab95195b,prompts/agent-product-launches/runs/foundation-pvp_synergybis.com_2026-05-13.json
prompts/agent-product-launches/runs/foundation-pvp_syrencloud.com_2026-05-13.json,b3fe01d16c216db5ef82f97f51135a03bf019c27,c430b1b212b94c7e6512d71576e13a8b513d4ffc2c515df9c7d60324320395c9,prompts/agent-product-launches/runs/foundation-pvp_syrencloud.com_2026-05-13.json
prompts/agent-product-launches/runs/foundation-pvp_systango.com_2026-05-13.json,e7644ee088ef34ec127b0293c97b709fb8c5759d,50d17295218a6a9767eb16d7acb54893424c9b8eb095b7b1c35158b163e1d9c6,prompts/agent-product-launches/runs/foundation-pvp_systango.com_2026-05-13.json
prompts/agent-product-launches/runs/foundation-pvp_systechone.com_2026-05-13.json,2deb908d98e3af3228e804021ba77a85cd3d0f89,1251ae20b32569a7d5e4588842afbb88919bbfa20d3eba3d0b90de84546016aa,prompts/agent-product-launches/runs/foundation-pvp_systechone.com_2026-05-13.json
prompts/agent-product-launches/runs/foundation-pvp_systechusa.com_2026-05-13.json,966954839d6ee48b48c896e5a636ff8a80123b73,91efdeb32ac94bb8031a7e83bb8ca4ab09793d838e6a849d318beaa2a0e6a095,prompts/agent-product-launches/runs/foundation-pvp_systechusa.com_2026-05-13.json
prompts/agent-product-launches/runs/foundation-pvp_system1group.com_2026-05-13.json,b0989bb29d5319bd500d9c1656909ed377203474,62767f101fc27f58ff4c05e17d80a170649e9eaef2eeabdb05396f4b3fbbfc26,prompts/agent-product-launches/runs/foundation-pvp_system1group.com_2026-05-13.json
prompts/agent-product-launches/runs/foundation-pvp_t2s-solutions.com_2026-05-13.json,1e26edc78eda3c330aab93a386b58e3b0cfbd81a,4ea60e60621199b1f12009896ffcfdd3443864bce895f2b8d4f17fc4e6cf1e3d,prompts/agent-product-launches/runs/foundation-pvp_t2s-solutions.com_2026-05-13.json
prompts/agent-product-launches/runs/foundation-pvp_t2systems.com_2026-05-13.json,90cda6253ff8b03f68767055430318f958662af8,04f1a0f86e1f39d366401eb627758579c149ebd45becd3cd05e57deb413822a2,prompts/agent-product-launches/runs/foundation-pvp_t2systems.com_2026-05-13.json
prompts/agent-product-launches/runs/foundation-pvp_tableau.com_2026-05-13.json,4a51f6f4c075a1bc58cc431fcdd4aff38b1c7516,6ab0d6b300490343d5a430ef0e763a328614bb930dc52bf4ce02b9b2aef9cfcc,prompts/agent-product-launches/runs/foundation-pvp_tableau.com_2026-05-13.json
prompts/agent-product-launches/runs/foundation-pvp_tacocomfort.com_2026-05-13.json,b7b75f0a1deb35841d792fc94304bc8b63fd86e9,33f9646db032af506ad17fa5a4f3b7a52a94c39edabd67d610f2865361545707,prompts/agent-product-launches/runs/foundation-pvp_tacocomfort.com_2026-05-13.json
prompts/agent-product-launches/runs/foundation-pvp_taconnections.com_2026-05-13.json,2fbf69405adff18cd77167220256545ce7156b7e,c2788f5cede9f969c393308e92e00c1e6eb4e3d75db29819467361c8fa02cd3a,prompts/agent-product-launches/runs/foundation-pvp_taconnections.com_2026-05-13.json
prompts/agent-product-launches/runs/foundation-pvp_tads.com_2026-05-13.json,4761282fcd803f919b08f023ed7c55f121946467,9b8ae4ecf7461f603ee4e0f33a64c10f9262a6e8fe2e5d8a9f80dd9ebcf64e6f,prompts/agent-product-launches/runs/foundation-pvp_tads.com_2026-05-13.json
prompts/agent-product-launches/runs/foundation-pvp_takepayments.com_2026-05-13.json,d927471380ffa3b0b7e0ffff31a2c7f62590330a,abe88d39d1ae0aa36e4b720bbbe4e3562749da8c38d958406fc4e735ab27e179,prompts/agent-product-launches/runs/foundation-pvp_takepayments.com_2026-05-13.json
prompts/agent-product-launches/runs/foundation-pvp_talentquest.com_2026-05-13.json,e0896ada280fee03502d3aa3bd6c3e8be0ced9bf,74b563a5f060e85ec04996971b40c93279fd81a8958e76d5dc1a0e1edc6fbfab,prompts/agent-product-launches/runs/foundation-pvp_talentquest.com_2026-05-13.json
prompts/agent-product-launches/runs/foundation-pvp_talogy.com_2026-05-13.json,1eb6b1fd894415cb9f816d03dadbb419679d597d,dfc4ce4d6032b776121a9593624aee9b14d9033cb9ae15ebf946809b6bb9cd02,prompts/agent-product-launches/runs/foundation-pvp_talogy.com_2026-05-13.json
prompts/agent-product-launches/runs/foundation-pvp_talonooh.com_2026-05-13.json,d50d2eb0e79df8aff8158944868bab543c484f28,04f28c98ed4c40a95a27df9f4c677eb018dcf3b07f8cb8c209b2b484710d2a79,prompts/agent-product-launches/runs/foundation-pvp_talonooh.com_2026-05-13.json
prompts/agent-product-launches/runs/foundation-pvp_tanishasystems.com_2026-05-13.json,91b119ac310e3241e20eb8193a1ff9f23f093d21,d6e1e5c8667dd73176851308f6b5ea054be0c5ed0a0ae183572c5db72a0585a7,prompts/agent-product-launches/runs/foundation-pvp_tanishasystems.com_2026-05-13.json
prompts/agent-product-launches/runs/foundation-pvp_tanknology.com_2026-05-13.json,0c001e85458c7884de2a05231858e7f06861a68a,c992cb16b7e04d6a2706a96faeca70d5b7f8f32ef683bb0aa67f82a9d71c33cb,prompts/agent-product-launches/runs/foundation-pvp_tanknology.com_2026-05-13.json
prompts/agent-product-launches/runs/foundation-pvp_tapecase.com_2026-05-13.json,24b4cb2a414d2142467236ee73adaf869c7fbfc7,661de97b3f4598bb6233763679c464767c3ca6a3925e95ee2f9d45927f267da3,prompts/agent-product-launches/runs/foundation-pvp_tapecase.com_2026-05-13.json
prompts/agent-product-launches/runs/foundation-pvp_tapestryhealth.com_2026-05-13.json,199bc6727c0d383007b48936a92f20b76cfdf536,83dd2b47392e6ccbd9880f5e600b5ab15bf56c677e5ffca8142510f46ad3cb17,prompts/agent-product-launches/runs/foundation-pvp_tapestryhealth.com_2026-05-13.json
prompts/agent-product-launches/runs/foundation-pvp_targetprocess.com_2026-05-13.json,82f6d4251470b0739a3e8f0f3303d705fccce18f,018a385d2333318ad51f55d6852c8f2f8e3eac58ae9f17cbd493dd59ef1a6781,prompts/agent-product-launches/runs/foundation-pvp_targetprocess.com_2026-05-13.json
prompts/agent-product-launches/runs/foundation-pvp_tasconline.com_2026-05-13.json,7a8a4b1506865784e3d888e4fb73ad7aa1a2d4f2,726f4609fd0cf7a43d882f869fc8f8f2b7eee123743202dc6f7d985464da00dc,prompts/agent-product-launches/runs/foundation-pvp_tasconline.com_2026-05-13.json
prompts/agent-product-launches/runs/foundation-pvp_tasksoftware.com_2026-05-13.json,e775407c07ed1bfba8c9ce3750c0a09ef549821b,a83bdc30a34e5510e82038b34632280cbb6c8441cc0de429692054fc87c1ea91,prompts/agent-product-launches/runs/foundation-pvp_tasksoftware.com_2026-05-13.json
prompts/agent-product-launches/runs/foundation-pvp_tblocks.com_2026-05-13.json,fb8ad8af46ca37120fa5b769b69b6e87ef0bea2f,39352c7a7b903ac674e3e347f381b24b3e201305cd90b12bbc51b6f4521bd323,prompts/agent-product-launches/runs/foundation-pvp_tblocks.com_2026-05-13.json
prompts/agent-product-launches/runs/foundation-pvp_tcgdigital.com_2026-05-13.json,4372a304d7fd60219bc50907352de64f232a10c9,42bac3443aa1957a3d99e913463f2400f21ec3a35de183ddbf13df56d1f018b5,prompts/agent-product-launches/runs/foundation-pvp_tcgdigital.com_2026-05-13.json
prompts/agent-product-launches/runs/foundation-pvp_teamascend.com_2026-05-13.json,3193846cf9e06190f0d7eed64ebbf551ef8b29ea,29261ea1a9d467c8a8f341e7239f4a1ed7478a637b259cfb33ba96f67f48452e,prompts/agent-product-launches/runs/foundation-pvp_teamascend.com_2026-05-13.json
prompts/agent-product-launches/runs/foundation-pvp_teamsoftware.com_2026-05-13.json,c825bec5d767a95c9bea6849c40e076513f7a7d9,63cecd6b08c6200e288833329c11ea37d3469a362bb9b04ec94f23db6c8021a5,prompts/agent-product-launches/runs/foundation-pvp_teamsoftware.com_2026-05-13.json
prompts/agent-product-launches/runs/foundation-pvp_tech2globe.com_2026-05-13.json,e81cf5add28fda6988d519b902b1ed930d961ebf,a7730dd49b6e2be1cfd92d0599d94a685901f0da7a92507b4aaa31e85927f20f,prompts/agent-product-launches/runs/foundation-pvp_tech2globe.com_2026-05-13.json
prompts/agent-product-launches/runs/foundation-pvp_tech9.com_2026-05-13.json,03a456742deb3bbaef6093ce410cc8f7b4bb5381,bd12f710ea9fd4f23eda6de87e8ae42a63d34face8b0b8f4846f8904a64744f1,prompts/agent-product-launches/runs/foundation-pvp_tech9.com_2026-05-13.json
prompts/agent-product-launches/runs/foundation-pvp_techdomain.com.au_2026-05-13.json,431a04aea64e492e87df3e049e515966a43df0ae,cfe44150222b51cec47907d036b0916a1d559d01f4caedec7f464c2a9fe9e8c9,prompts/agent-product-launches/runs/foundation-pvp_techdomain.com.au_2026-05-13.json
prompts/agent-product-launches/runs/foundation-pvp_techfirefly.com_2026-05-13.json,f9bab6657922752a74bb574525f337f9958291de,4cd0153ba70b7c1065da0ca23cb773a17ca1f65c2bf372b02f9d618dcd0ea299,prompts/agent-product-launches/runs/foundation-pvp_techfirefly.com_2026-05-13.json
prompts/agent-product-launches/runs/foundation-pvp_techilaservices.com_2026-05-13.json,4e5eb3165f7239459b46eeef51de0861cb6dc1e7,2c63d8e9870c962b467d152dd75d7595298959849fd9c9820d4d72c028808100,prompts/agent-product-launches/runs/foundation-pvp_techilaservices.com_2026-05-13.json
prompts/agent-product-launches/runs/foundation-pvp_technology1.com_2026-05-13.json,9ea5c7c4c6453829f51c4d0b46105b40a4b7d3b9,e3845ac958e3a8fcfe894db065b988de803713360149fd22f258099c18451e28,prompts/agent-product-launches/runs/foundation-pvp_technology1.com_2026-05-13.json
prompts/agent-product-launches/runs/foundation-pvp_technologyonecorp.co.uk_2026-05-13.json,82e14b7756a5ecf5046332c369a809aa155e736a,54e315572f73a0692a5e8718ff5e873c4c7365f88901daa826f4ddbb819a0fa7,prompts/agent-product-launches/runs/foundation-pvp_technologyonecorp.co.uk_2026-05-13.json
prompts/agent-product-launches/runs/foundation-pvp_techolution.com_2026-05-13.json,ab4646ffd9b526d9479bc7e05771cf2ba6d01388,263927ebb7ed7078617ebb96e3cc42b6b9bc47e9b032018e0c135655747e487a,prompts/agent-product-launches/runs/foundation-pvp_techolution.com_2026-05-13.json
prompts/agent-product-launches/runs/foundation-pvp_techsafety.com_2026-05-13.json,9f85d25d79b55b4a8af03559af22f3aa247b7614,4ba6bf6a928e41f144054b91b4d53620fb575d7b5662692f828511f9a453bc2e,prompts/agent-product-launches/runs/foundation-pvp_techsafety.com_2026-05-13.json
prompts/agent-product-launches/runs/foundation-pvp_techsmith.com_2026-05-13.json,900776b60c4a6c4e2084afbb3ca3a26251d802c5,42ad8e5232b3ff5c6781809f268c0b9e2ef1b854d35c732a4267bef172065c0d,prompts/agent-product-launches/runs/foundation-pvp_techsmith.com_2026-05-13.json
prompts/agent-product-launches/runs/foundation-pvp_techvedika.com_2026-05-13.json,9fe90da34e671e6cf852d70612a55cf499364d18,12a9b6ef5cb06359d450cdf856cb81cecf7737a920ccfd2979c3b6efa6e6eb81,prompts/agent-product-launches/runs/foundation-pvp_techvedika.com_2026-05-13.json
prompts/agent-product-launches/runs/foundation-pvp_techverx.com_2026-05-13.json,e37af2b5ca8cdcb1d7d6f9d3061c1f3c3fa10ab5,be1efbc9ce538e9b7d79f88a3579fd8b7c70b5c7ce646857309b806bd57dde71,prompts/agent-product-launches/runs/foundation-pvp_techverx.com_2026-05-13.json
prompts/agent-product-launches/runs/foundation-pvp_techwave.net_2026-05-13.json,f33c3857baeec8374951c7adb2952c88dbcc360a,afac29b5946719b7ec1fcffbece5542aed0ba175a307b922a55595f23c10db58,prompts/agent-product-launches/runs/foundation-pvp_techwave.net_2026-05-13.json
prompts/agent-product-launches/runs/foundation-pvp_tecnics.com_2026-05-13.json,5ef20639c0a25fd57832a91600bd7c7a207d9222,c8613b3d70975b81c093616ce7659b603bb3d02c002652f15245837f0d5c82eb,prompts/agent-product-launches/runs/foundation-pvp_tecnics.com_2026-05-13.json
prompts/agent-product-launches/runs/foundation-pvp_tecra.com_2026-05-13.json,0e6d46645fcea733a7a7654a0f95ef0deab4f78a,c65200d944ea8a662481194723b8c6a09d3493a9b5f620060efef2a3daf3a8df,prompts/agent-product-launches/runs/foundation-pvp_tecra.com_2026-05-13.json
prompts/agent-product-launches/runs/foundation-pvp_teknion.com_2026-05-13.json,2e71f1f7cd93c40e878d39d9d93e0dd0c7818b1d,7729f7f7af13f2683ef9ba3b75e238715f472b7725e456943a72d008c59e11c8,prompts/agent-product-launches/runs/foundation-pvp_teknion.com_2026-05-13.json
prompts/agent-product-launches/runs/foundation-pvp_teksynap.com_2026-05-13.json,54401d70480730d8648aca4606f321c7b4bf8f8f,73f35cb28453aaefc888c33231afa418a48e05f2e5eaf8b07cb7305bd160e0ff,prompts/agent-product-launches/runs/foundation-pvp_teksynap.com_2026-05-13.json
prompts/agent-product-launches/runs/foundation-pvp_tekwissen.com_2026-05-13.json,13d26f12a09d327f9c6062358ea98052536d00d9,f7281f3aed3157d2505144180a3d4ff2629d01afb040703f024571d45fc80bf8,prompts/agent-product-launches/runs/foundation-pvp_tekwissen.com_2026-05-13.json
prompts/agent-product-launches/runs/foundation-pvp_teledynedalsa.com_2026-05-13.json,46a2ad2f1006f6ebbd5d6ee27cb79598fdffa4cf,dfeb9cea83e270de223c39cf178d3c420050314a8a23f33553caa5239d7d7c44,prompts/agent-product-launches/runs/foundation-pvp_teledynedalsa.com_2026-05-13.json
prompts/agent-product-launches/runs/foundation-pvp_telenetwork.com_2026-05-13.json,6bd517e93f079cac01bdc17e9b95f0edf6b82a52,065a29def0341a5c34fcffcaa5a35714df0d04355b5d1a8e9804f2d23f2ac705,prompts/agent-product-launches/runs/foundation-pvp_telenetwork.com_2026-05-13.json
prompts/agent-product-launches/runs/foundation-pvp_teletrac.com_2026-05-13.json,741563e6b25fc619b75c6f21501c9ff3350c4bc8,6e6bda13143b7101758c0d353a5eaafa4421172cb3a7e5bb2ed8cfce96ea4712,prompts/agent-product-launches/runs/foundation-pvp_teletrac.com_2026-05-13.json
prompts/agent-product-launches/runs/foundation-pvp_teletracnavman.com_2026-05-13.json,3ee982f7a345e5347fb74e10753163fd01d87830,856c6f4dc85e1b16b1898a015a80ea78813349f04655769e20be94f68d4126bd,prompts/agent-product-launches/runs/foundation-pvp_teletracnavman.com_2026-05-13.json
prompts/agent-product-launches/runs/foundation-pvp_televerde.com_2026-05-13.json,29bff566a2c316ac619326dfdb921a74f5e06cc3,73f461de48d7570298b8892b28f3aca377cad3cf81f75b95bafec78dba127512,prompts/agent-product-launches/runs/foundation-pvp_televerde.com_2026-05-13.json
prompts/agent-product-launches/runs/foundation-pvp_telligen.com_2026-05-13.json,9fab873691108a895f17db35fe85be7335e0c569,c1f5b3a11071cce2f43e199aad47ed2a04f20de8c6bf02f80b6267ab6084bb6c,prompts/agent-product-launches/runs/foundation-pvp_telligen.com_2026-05-13.json
prompts/agent-product-launches/runs/foundation-pvp_templatemonster.com_2026-05-13.json,0504b73961b2ef22266f142b705149e0569cc89f,e1d16ac0b828f3d9a688898220c9209d01586589e5025705b10a3b428e97842e,prompts/agent-product-launches/runs/foundation-pvp_templatemonster.com_2026-05-13.json
prompts/agent-product-launches/runs/foundation-pvp_tempuspayment.com_2026-05-13.json,725318fe4f370371c431ccc7c959bb34a952ae9f,f1f56895aaef95e96f62b2d5d7087a6e7c849dad22541b7f54f19510772fa6ec,prompts/agent-product-launches/runs/foundation-pvp_tempuspayment.com_2026-05-13.json
prompts/agent-product-launches/runs/foundation-pvp_tempworks.com_2026-05-13.json,2db79bfada262ebfc5f10017145a776fa46fe943,bee1aa63223aa209f8d7ce0c93725cd7b831cf59f5e186798e530aeb9f232d92,prompts/agent-product-launches/runs/foundation-pvp_tempworks.com_2026-05-13.json
prompts/agent-product-launches/runs/foundation-pvp_ten-x.com_2026-05-13.json,df55941d3b44add17746158487e36f4ac525af8e,89f07bd41b7479adffaa0d3ec9ab4def834b4af8981390755427c21e2e45690b,prompts/agent-product-launches/runs/foundation-pvp_ten-x.com_2026-05-13.json
prompts/agent-product-launches/runs/foundation-pvp_tenerity.com_2026-05-13.json,bda4f2fd294413dc8f646d49e45e5017f49d180b,02fd9564e7d4010cf274e591b2ce1aa1cf211fcc6a1de583e81330398b42c68d,prompts/agent-product-launches/runs/foundation-pvp_tenerity.com_2026-05-13.json
prompts/agent-product-launches/runs/foundation-pvp_tensarcorp.com_2026-05-13.json,828e4fec6f3626413a2b8c6b16b885a6b2593f00,3a3e506b69e59dff3a409a521b4e9929880d6259a71f463ff6db0768efccf2e1,prompts/agent-product-launches/runs/foundation-pvp_tensarcorp.com_2026-05-13.json
prompts/agent-product-launches/runs/foundation-pvp_tenx.ai_2026-05-13.json,8ae9a401aa511523fe93cafbd8670f542851eb36,a087f38d962dab548145f1c2dee1503140bb723d15704aa62c49bcba054feec6,prompts/agent-product-launches/runs/foundation-pvp_tenx.ai_2026-05-13.json
prompts/agent-product-launches/runs/foundation-pvp_teoco.com_2026-05-13.json,958c308c48079ae306c7d0550e44b6dab4b8e900,4fe41a430dfb9a9acdc078133e5001ce53fb23f28a4967f8dbef9a14dd24492a,prompts/agent-product-launches/runs/foundation-pvp_teoco.com_2026-05-13.json
prompts/agent-product-launches/runs/foundation-pvp_teranet.ca_2026-05-13.json,2fff289abd3ef1fbb49e9b5606603bf5dbce8dab,1306fbb78bb0d642ed2a8d77fcdee53e1ddd80a15b27a9c9a38879c4ba12d96f,prompts/agent-product-launches/runs/foundation-pvp_teranet.ca_2026-05-13.json
prompts/agent-product-launches/runs/foundation-pvp_terralink-global.com_2026-05-13.json,7c593d9a67aed032edee6770efeb015cc3af6630,641c73cd573ddb1c11c5b0db8d9eda1264fd6d3d5bae746f263953de95047c4e,prompts/agent-product-launches/runs/foundation-pvp_terralink-global.com_2026-05-13.json
prompts/agent-product-launches/runs/foundation-pvp_terralogic.com_2026-05-13.json,6c821953cdd37548cf6239310adefd99178fe627,533d514ca68b7a6f17b12065f053fa7e19e44f42bac39fef8218a927c097acf2,prompts/agent-product-launches/runs/foundation-pvp_terralogic.com_2026-05-13.json
prompts/agent-product-launches/runs/foundation-pvp_terraquest.co.uk_2026-05-13.json,7fed9fb0df0a5cc62cdc12b607fcc57188ea9c4e,11b60fa59495fe3eae7c5e7c0935d1ffa60669933e98ddf625a0b0ff1e6d48b9,prompts/agent-product-launches/runs/foundation-pvp_terraquest.co.uk_2026-05-13.json
prompts/agent-product-launches/runs/foundation-pvp_terrasmart.com_2026-05-13.json,6165619dce561642b22b50720f134284c18185f8,b745cfdfbb2cbf18a07862c28696a94346a7ef6cde2022cbc960c4e756183a89,prompts/agent-product-launches/runs/foundation-pvp_terrasmart.com_2026-05-13.json
prompts/agent-product-launches/runs/foundation-pvp_tes.com_2026-05-13.json,054e691e9ff8af82d899aabd1e2f33ff0ecd8a6f,55da3d3f7ffd84f306f149bf8a98abe6c2cb48023e90058f29e75d996f5e8413,prompts/agent-product-launches/runs/foundation-pvp_tes.com_2026-05-13.json
prompts/agent-product-launches/runs/foundation-pvp_tessituranetwork.com_2026-05-13.json,af24094644c1ab77ab52cd1f4e89d1b9991cc17e,b6784cd7f6f71b18da9fe8155fd439f8abf64c9c39d3ad7fc771d98cd8bcec59,prompts/agent-product-launches/runs/foundation-pvp_tessituranetwork.com_2026-05-13.json
prompts/agent-product-launches/runs/foundation-pvp_testingxperts.com_2026-05-13.json,b46d650cc841c4d2e505461cb26fbf424998d050,9d9e862f9a5b45dc38af6b51852299a745516473dbc29e100261270d73279d76,prompts/agent-product-launches/runs/foundation-pvp_testingxperts.com_2026-05-13.json
prompts/agent-product-launches/runs/foundation-pvp_tfsglobal.com_2026-05-13.json,fb32bae6e51659cc03485335cf1449dfe377df52,23e405a9d7e9b51db19871bf31b0fa9b99e205e8692b0e3e712f2bbc4e9e9bd2,prompts/agent-product-launches/runs/foundation-pvp_tfsglobal.com_2026-05-13.json
prompts/agent-product-launches/runs/foundation-pvp_theamegroup.com_2026-05-13.json,6f7da251faee9facdc008a1e6f48aa3f0ba1abf7,31ba68093fb8f9529ee7bd55c736e5f76eff2e8f69a5dbb5ee53d23aab98fe16,prompts/agent-product-launches/runs/foundation-pvp_theamegroup.com_2026-05-13.json
prompts/agent-product-launches/runs/foundation-pvp_thebernardgroup.com_2026-05-13.json,0ba68b7b3602b43070b5f5ed1283726d89247f05,54e5e2c55eec0447197dc48deeaca2e07e4638746d5d60eeff78573436b2d851,prompts/agent-product-launches/runs/foundation-pvp_thebernardgroup.com_2026-05-13.json
prompts/agent-product-launches/runs/foundation-pvp_thebluebook.com_2026-05-13.json,f1bf01495d5c19ee1d22ebebe99b86c81ad425b3,6cf03250721b24247bb62c739b1039c4a768f7913b8c7c56e657c72e5ce0afc8,prompts/agent-product-launches/runs/foundation-pvp_thebluebook.com_2026-05-13.json
prompts/agent-product-launches/runs/foundation-pvp_thecranewaregroup.com_2026-05-13.json,86bac04c3fd5d065a0eab802b04774301d2d4588,49fdb9e2a7b8a2e1f1af16d0fcdc0ae7aef91695d83a9bb753b13d36884f53d9,prompts/agent-product-launches/runs/foundation-pvp_thecranewaregroup.com_2026-05-13.json
prompts/agent-product-launches/runs/foundation-pvp_thedigitalgroup.com_2026-05-13.json,46a8d41207b14e3ac7f3d7768891bdd785ceb86a,9a0a4fa61940cfb240c4da11614abcf8a949d2eef247c7ba762695cf20736c2a,prompts/agent-product-launches/runs/foundation-pvp_thedigitalgroup.com_2026-05-13.json
prompts/agent-product-launches/runs/foundation-pvp_thegoldensource.com_2026-05-13.json,dd4f354fe54c07afe9834d4aa1faf5541bbcb945,b330e48a1f11fff0a2e7769b156f75e9e05876e1e3bf1eeb898fdcc9c3a6d125,prompts/agent-product-launches/runs/foundation-pvp_thegoldensource.com_2026-05-13.json
prompts/agent-product-launches/runs/foundation-pvp_theharrispoll.com_2026-05-13.json,1278b6a8639d59f322989ff622a8a2008cdb2640,4e8d17a27acff2a8de89ac7430f436bbe3c967220642293c9c036544a7da5a11,prompts/agent-product-launches/runs/foundation-pvp_theharrispoll.com_2026-05-13.json
prompts/agent-product-launches/runs/foundation-pvp_theknowledgeacademy.com_2026-05-13.json,178f3fbb9c179738f6c1918b317754346618a567,97a805a012c76f2fef8602732fdef6beb8e7f6bfbb9e76b6473776dfc7c8a15b,prompts/agent-product-launches/runs/foundation-pvp_theknowledgeacademy.com_2026-05-13.json
prompts/agent-product-launches/runs/foundation-pvp_themarsagency.com_2026-05-13.json,eb09b4dcb01feb012d0b829cee979d1142887afe,c23d777c545e852742ab979a629bbc8706102104b3b2d4c437bf520ec28bc23d,prompts/agent-product-launches/runs/foundation-pvp_themarsagency.com_2026-05-13.json
prompts/agent-product-launches/runs/foundation-pvp_themeridian.com_2026-05-13.json,9a3950e03d52312fe5f78f2a98013dee164d903f,c519a888f8af96af7eec17016c17f2392b3a81742ccbaa16fd9c06a77c14e961,prompts/agent-product-launches/runs/foundation-pvp_themeridian.com_2026-05-13.json
prompts/agent-product-launches/runs/foundation-pvp_theninehertz.com_2026-05-13.json,c692207dea4ec5b5615889473015c2f9bbe3f1d0,f25511932f33fbe8842e609d8e721e8cfef1bf1a9ea338eeb61db9cbdf062468,prompts/agent-product-launches/runs/foundation-pvp_theninehertz.com_2026-05-13.json
prompts/agent-product-launches/runs/foundation-pvp_theprovidenciagroup.com_2026-05-13.json,652c402bb3e3b865391911ebc0d9551a57c1314f,c2df9b2b57b4061c1fdc860fdebb633f860cefaf07f3bf1955f95ffa5fe6f282,prompts/agent-product-launches/runs/foundation-pvp_theprovidenciagroup.com_2026-05-13.json
prompts/agent-product-launches/runs/foundation-pvp_thepsi.com_2026-05-13.json,1495a264a0e406a00ba3e5004069bd47f33b78fd,267c0651a5d40029ffd78191e210e2a0cbbbb8669630a54fb543a63cdfbed1d3,prompts/agent-product-launches/runs/foundation-pvp_thepsi.com_2026-05-13.json
prompts/agent-product-launches/runs/foundation-pvp_thermosystems.com_2026-05-13.json,621cb5c4dc1a5a3c15a2772cb5acc781676c2a4f,d2c21311d590604e898759fa696d475be7ae66fc2c58e7e7a71af39ef6b542cc,prompts/agent-product-launches/runs/foundation-pvp_thermosystems.com_2026-05-13.json
prompts/agent-product-launches/runs/foundation-pvp_thesiliconpartners.com_2026-05-13.json,6aca50a6bcfc52d24d9b923c5953d02e6fb6e6e5,4a13548a92e4a66d30d1c14721aa77095156ac3789fd3018068608dd0b74ee89,prompts/agent-product-launches/runs/foundation-pvp_thesiliconpartners.com_2026-05-13.json
prompts/agent-product-launches/runs/foundation-pvp_thesmartcube.com_2026-05-13.json,7b84b8118c0a6f38dafb4ed6b61fde588a4d1a08,d0fd8fb1c85a2b1fa4678a39ff935d72cf830dbe1e229573ca7aba68ee7a3dd4,prompts/agent-product-launches/runs/foundation-pvp_thesmartcube.com_2026-05-13.json
prompts/agent-product-launches/runs/foundation-pvp_thingspeak.com_2026-05-13.json,2fddeb3cd082ab4c04b8ff3e5447f2423e2f18c5,92271886657b4fd90f86c47e02c92b6ad8c6e3631adb3675d2f0eeadd97b868f,prompts/agent-product-launches/runs/foundation-pvp_thingspeak.com_2026-05-13.json
prompts/agent-product-launches/runs/foundation-pvp_thinknts.com_2026-05-13.json,18b6fd17cff8fa044ae8d883bfc6d27dbe8e8c5c,e1d49ad134d93a6601094fb52957531e989a3f35b026f8941c5da265d5e66265,prompts/agent-product-launches/runs/foundation-pvp_thinknts.com_2026-05-13.json
prompts/agent-product-launches/runs/foundation-pvp_thinventory.com_2026-05-13.json,dceb0d2d042a79b944ce1b62b32390005f25b466,5037d09c03a531a8e9e4524afd65bdb00c9c0f5dad18d6b8c17f2f9dbd0d28af,prompts/agent-product-launches/runs/foundation-pvp_thinventory.com_2026-05-13.json
prompts/agent-product-launches/runs/foundation-pvp_thomas.co_2026-05-13.json,25c2e069fec8d623c218e2ffc771011e41c72b17,da2d876add593c2f46841af322a593bd7c1b2c9901086968a2d51386c8d66fe0,prompts/agent-product-launches/runs/foundation-pvp_thomas.co_2026-05-13.json
prompts/agent-product-launches/runs/foundation-pvp_thompsongrayinc.net_2026-05-13.json,2955cdda04bc6d704aa25c2f4c46601e93911dc7,40606b43bfab149ef76b34e4c0010127c2407c99afa70e157725405a4c2cfc72,prompts/agent-product-launches/runs/foundation-pvp_thompsongrayinc.net_2026-05-13.json
prompts/agent-product-launches/runs/foundation-pvp_threestep.com_2026-05-13.json,1a30343395218dccae92d271f030b4172ae20c98,e585fd52362c2a0712d5bc083c646b0b1895e1f2688fdf80f0fc1210321faa09,prompts/agent-product-launches/runs/foundation-pvp_threestep.com_2026-05-13.json
prompts/agent-product-launches/runs/foundation-pvp_thyssenkrupp-materials-na.com_2026-05-13.json,461005f7bd2f801424203743f573c5b7f723a90f,b90460740f085574e0668c6eb8983d429aa3b493900562969f15cfa8872cea38,prompts/agent-product-launches/runs/foundation-pvp_thyssenkrupp-materials-na.com_2026-05-13.json
prompts/agent-product-launches/runs/foundation-pvp_tideworks.com_2026-05-13.json,10ce0250fffc6bcfc45cd9a305cf530eb80fc249,d7d3e30ec16dc9d5bcdce2109f21ec7f7a73d8df2313451440a2bf22dd6808d0,prompts/agent-product-launches/runs/foundation-pvp_tideworks.com_2026-05-13.json
prompts/agent-product-launches/runs/foundation-pvp_timg.com_2026-05-13.json,95ad6685c39ad823d09a1b4d390f265fcb4da0ba,e20c9af609983f08b34a2ab76468f11d1adb5d048d5c3f0205369670376cb9a2,prompts/agent-product-launches/runs/foundation-pvp_timg.com_2026-05-13.json
prompts/agent-product-launches/runs/foundation-pvp_tippingpoint.com_2026-05-13.json,79f75c45524d45ffdb31c6ef1b1aa69e25488845,363b9462841d9d89891f36a2fbb11da282d738df8083a71e8b83506a9ae77dd0,prompts/agent-product-launches/runs/foundation-pvp_tippingpoint.com_2026-05-13.json
prompts/agent-product-launches/runs/foundation-pvp_titanium.com_2026-05-13.json,f88ea85599c7f6733da02a805b2977bd4333766a,187f34297da76df9f76d5e0790894c7a904c43099b78233ae373a6f1776c1146,prompts/agent-product-launches/runs/foundation-pvp_titanium.com_2026-05-13.json
prompts/agent-product-launches/runs/foundation-pvp_titantechnologies.com_2026-05-13.json,653e573e19e5f2c1fa86e664708791a90195d9e9,0ee1a28c867959be261bec4fb075a1d873bbf957c9220ea313e40cd61330f8ae,prompts/agent-product-launches/runs/foundation-pvp_titantechnologies.com_2026-05-13.json
prompts/agent-product-launches/runs/foundation-pvp_tlcworldwide.com_2026-05-13.json,7ca053fa9c5a0d987b0f6d72d83afef0b5525647,8902377237dcb4190c72943f73f2fa0b79fd0d3e77de0c476f1d881172f1708b,prompts/agent-product-launches/runs/foundation-pvp_tlcworldwide.com_2026-05-13.json
prompts/agent-product-launches/runs/foundation-pvp_tmaxsoft.com_2026-05-13.json,b4b47e3449a20e78ae36b1a7c180fd39ff252871,2cc0a9dc1caad75ff7d699571a8e1246bfd48bfe2a6a52c291d0a6a591ecff3c,prompts/agent-product-launches/runs/foundation-pvp_tmaxsoft.com_2026-05-13.json
prompts/agent-product-launches/runs/foundation-pvp_tmeic.com_2026-05-13.json,facdf6e8e3963ccd3fabe00091c94f98bc2591aa,cf01333bd9d0e967f2036ce52a4a7e85bdc623cf3c93e021d8a961bf00f40a6a,prompts/agent-product-launches/runs/foundation-pvp_tmeic.com_2026-05-13.json
prompts/agent-product-launches/runs/foundation-pvp_tmp.com_2026-05-13.json,4b3eef7244c18ad7ecd1cdf44ba066390c7d2760,b5b758a8d57419dff20c9ffb748093958a13f5d29864a0c27b1b7381e7fd0cd3,prompts/agent-product-launches/runs/foundation-pvp_tmp.com_2026-05-13.json
prompts/agent-product-launches/runs/foundation-pvp_tobiidynavox.com_2026-05-13.json,7e3042616accbc2003e7acddd5271265f884d4d1,afaf47ce154be7305f1df226782794d169e79415a0257f9e652bf3d1a6efb1b7,prompts/agent-product-launches/runs/foundation-pvp_tobiidynavox.com_2026-05-13.json
prompts/agent-product-launches/runs/foundation-pvp_todo1.com_2026-05-13.json,484e0c5cbfb3819ca6d316565dd5ffd9db5d8ce7,bc080ba72341a581960278d9e96bb5cb4db5f89edf300d88bd4e4e9284c574b2,prompts/agent-product-launches/runs/foundation-pvp_todo1.com_2026-05-13.json
prompts/agent-product-launches/runs/foundation-pvp_topbloc.com_2026-05-13.json,cd4b825cd96176f28881ae65388603b53cdec29e,382c6298c20aafb11868e56aa98a7e0a96260de4dce4ae5d5308d0e1161912b1,prompts/agent-product-launches/runs/foundation-pvp_topbloc.com_2026-05-13.json
prompts/agent-product-launches/runs/foundation-pvp_topconpositioning.com_2026-05-13.json,a1d595d7d41d8d30e014125a964c9daf80658ef8,86ee56f5022cfd46311f4daa70bb5aaf2dc8c9626e0cb1b04fec2aa890a0c565,prompts/agent-product-launches/runs/foundation-pvp_topconpositioning.com_2026-05-13.json
prompts/agent-product-launches/runs/foundation-pvp_toppandigital.com_2026-05-13.json,8469475cf73618fcb0315a2a6258bc5e6d152d20,6992bd082a5d0b9abd62089687e932daf437effe0ede9d4f01f5af5e4b833d29,prompts/agent-product-launches/runs/foundation-pvp_toppandigital.com_2026-05-13.json
prompts/agent-product-launches/runs/foundation-pvp_toppanmerrill.com_2026-05-13.json,221d8c5b267e72cd0677643f026515325aced5c7,da9cf789374e499ef1d554f6acbb5a851cad3765814ad8d78de30e0c0fa845e3,prompts/agent-product-launches/runs/foundation-pvp_toppanmerrill.com_2026-05-13.json
prompts/agent-product-launches/runs/foundation-pvp_topsourceworldwide.com_2026-05-13.json,1d67947be494480b4feaef7629673875813833bb,97476192d1ffda6b7e9692821e5f4b81775e8298c9e7c3b9f611b1b92bc84b20,prompts/agent-product-launches/runs/foundation-pvp_topsourceworldwide.com_2026-05-13.json
prompts/agent-product-launches/runs/foundation-pvp_torque.eu_2026-05-13.json,de42e347e1d5d6566ce0771ab939050be72836e2,446c68d8037593ef0e144c3cd0e543c115982b07dfa92bb7e54ae907f10a6ecf,prompts/agent-product-launches/runs/foundation-pvp_torque.eu_2026-05-13.json
prompts/agent-product-launches/runs/foundation-pvp_totalmerchantservices.com_2026-05-13.json,18ac08a30749b819f6a5c5588d5b5537cd226444,3d3355092209803bc56cdc6d85225cfbef6e2a057fc50e9283fc8ec25ef5c28c,prompts/agent-product-launches/runs/foundation-pvp_totalmerchantservices.com_2026-05-13.json
prompts/agent-product-launches/runs/foundation-pvp_totalmobile.co.uk_2026-05-13.json,3364229464bb843d6f65d9aa0ef5ca9903232f2f,26de8dc0b914205fec0e8d21c7353919b5e9bc6a78958f6fd6c8b8eb7ed21161,prompts/agent-product-launches/runs/foundation-pvp_totalmobile.co.uk_2026-05-13.json
prompts/agent-product-launches/runs/foundation-pvp_touchnet.com_2026-05-13.json,3992c4434fc09239b405935dcba8635c09acbb8b,bd9497d8c1815d26011edd3a48c60880d890eb9626eecd8092a1a502865d608b,prompts/agent-product-launches/runs/foundation-pvp_touchnet.com_2026-05-13.json
prompts/agent-product-launches/runs/foundation-pvp_touchstonebpo.com_2026-05-13.json,3a3b576c92da5a340e565780c24df3b0b6f7b50e,9835c5191c166db01a2c4ca7e048b472c47ee93ba83e7f6db70a49343011413b,prompts/agent-product-launches/runs/foundation-pvp_touchstonebpo.com_2026-05-13.json
prompts/agent-product-launches/runs/foundation-pvp_touchtunes.com_2026-05-13.json,1095572791e76f76e0ddc066f0d58121ecff8356,83c16b762b6ff278559d7e2fbb5daef0daefae6ca798a9d9ddb51623363b15ed,prompts/agent-product-launches/runs/foundation-pvp_touchtunes.com_2026-05-13.json
prompts/agent-product-launches/runs/foundation-pvp_toyotaconnected.com_2026-05-13.json,601ff0d9828d0b66fc1d72c355e1883426899128,67b9a75a08822d49dda3c4ced01f8ad30ce3f4bf8332418e4d19c160abc2386c,prompts/agent-product-launches/runs/foundation-pvp_toyotaconnected.com_2026-05-13.json
prompts/agent-product-launches/runs/foundation-pvp_tpm.com_2026-05-13.json,596956fe0696917c151af751d4c69bda43c95b6f,7a0580c5745eb06748bb8e6d611eaf8269281c964206e1f017740bf9075e198c,prompts/agent-product-launches/runs/foundation-pvp_tpm.com_2026-05-13.json
prompts/agent-product-launches/runs/foundation-pvp_tpnretail.com_2026-05-13.json,f51b5b4ecc8d064ed2d49d8dd0dc230f3b728466,7bb5c09e9509acd57f2bf7cbd07635d8bdf38f09d5c6629e788e5d836f5d3d1b,prompts/agent-product-launches/runs/foundation-pvp_tpnretail.com_2026-05-13.json
prompts/agent-product-launches/runs/foundation-pvp_tpt.com_2026-05-13.json,7776bee8eda0d43eaa6616022bfe8c3121fe88b3,ee7781a73140726dcdb521cfdbd9484fd6c32f571880c19cc713d2bd0e850c19,prompts/agent-product-launches/runs/foundation-pvp_tpt.com_2026-05-13.json
prompts/agent-product-launches/runs/foundation-pvp_tracintermodal.com_2026-05-13.json,70d8f0c5ba14852df8f150e35125438e89ac3e37,0e69de19422fd2072b14e2cd7803b04d147ea3cfbc114ed81b9c9b9f8f907ff1,prompts/agent-product-launches/runs/foundation-pvp_tracintermodal.com_2026-05-13.json
prompts/agent-product-launches/runs/foundation-pvp_tradition.com_2026-05-13.json,b8a2394dc03c5709885d876d1a6d5a2fe793f86e,644167fe8026c153f6a8216e1f94cd17e4540332a57ca53a66e0b5a8bf497696,prompts/agent-product-launches/runs/foundation-pvp_tradition.com_2026-05-13.json
prompts/agent-product-launches/runs/foundation-pvp_trafera.com_2026-05-13.json,9a425270232909ed99bb234047dfb2605e3e4974,dd4d907f397247e1d1ddea5eb4ea44695419dc053666b456e5ca238d67991357,prompts/agent-product-launches/runs/foundation-pvp_trafera.com_2026-05-13.json
prompts/agent-product-launches/runs/foundation-pvp_transcure.net_2026-05-13.json,84ab79818ba1b27fd0a81d20a95869a9b7264d44,6cee25f8ed68d57b5ef18990f1157a5f072b62775698f68cf56c8ab977e20a1d,prompts/agent-product-launches/runs/foundation-pvp_transcure.net_2026-05-13.json
prompts/agent-product-launches/runs/foundation-pvp_transimpact.com_2026-05-13.json,9fd61eca5074a58cfd24210eaca7649f03d95790,d569b94d3013d9e0c13b7b2a78647869ce7511945339324d0ab6a1e4f97f260b,prompts/agent-product-launches/runs/foundation-pvp_transimpact.com_2026-05-13.json
prompts/agent-product-launches/runs/foundation-pvp_translab.io_2026-05-13.json,e81a42b0b2dfac9c0f618a46d6f237bf50f93b93,ffd1d94031fb8cdda1a5238e07076705bb023082e38f1c917afbddb07fb551ca,prompts/agent-product-launches/runs/foundation-pvp_translab.io_2026-05-13.json
prompts/agent-product-launches/runs/foundation-pvp_translateplus.com_2026-05-13.json,eae0548b19b0117ec0cc3a8f0ab7f0e6d31cdc86,ac9b460cec12d6187310ad5e91dc0f08b91d54b937e721a6294e21296be18eb4,prompts/agent-product-launches/runs/foundation-pvp_translateplus.com_2026-05-13.json
prompts/agent-product-launches/runs/foundation-pvp_transmax.com.au_2026-05-13.json,0d4812e03f97d39162e5f08837c7d951b26f670b,1b1397e5df78b87ef6a2535779ad612912ad5a0fed45c5a5d9282332b07e4d7f,prompts/agent-product-launches/runs/foundation-pvp_transmax.com.au_2026-05-13.json
prompts/agent-product-launches/runs/foundation-pvp_transoftsolutions.com_2026-05-13.json,5dfd47a6745331ec3cba3edc3aedc27e4bbb0793,497e95f5602437076305e4fb03115e041e3d2698be1ac59e70af1467b1b9f563,prompts/agent-product-launches/runs/foundation-pvp_transoftsolutions.com_2026-05-13.json
prompts/agent-product-launches/runs/foundation-pvp_transportationinsight.com_2026-05-13.json,e676feb03dc9834efa073571f1dd3aff2261ed29,080c4788d76053fb4fcb9dc145521b266b91372e4fdb5973d1c7fe894a527c57,prompts/agent-product-launches/runs/foundation-pvp_transportationinsight.com_2026-05-13.json
prompts/agent-product-launches/runs/foundation-pvp_transtar1.com_2026-05-13.json,cf63f514b9bfaab729dd336c608ccfa9033ace77,71a7c36745e13dca226793c4c27f27aaf0f1629fe7466aa104884608c8c17518,prompts/agent-product-launches/runs/foundation-pvp_transtar1.com_2026-05-13.json
prompts/agent-product-launches/runs/foundation-pvp_transtelco.net_2026-05-13.json,239d382e67cc583a2577bfb23394e13a50a2dcc6,ccf6328230084b1cb6dcbbdb14149b1c86164af6405b9a24816a653cb8c3de70,prompts/agent-product-launches/runs/foundation-pvp_transtelco.net_2026-05-13.json
prompts/agent-product-launches/runs/foundation-pvp_trantorinc.com_2026-05-13.json,39aa0b48f5b6bc506d6234b83d8d89e8d1682dd1,d2694abf26288757bdc8c61618f7dbe3d8949a98062ed97106b6dce7d2713860,prompts/agent-product-launches/runs/foundation-pvp_trantorinc.com_2026-05-13.json
prompts/agent-product-launches/runs/foundation-pvp_trayport.com_2026-05-13.json,f7787302e9d642afab1dbe45f81895b464d695d9,88f6d9e1d525c866b2e3927bc243c22fbdddfc468981e086f1905c4176b49398,prompts/agent-product-launches/runs/foundation-pvp_trayport.com_2026-05-13.json
prompts/agent-product-launches/runs/foundation-pvp_trgc.com_2026-05-13.json,e9c20a8e41cc50ad11d4327ca2e72c575aaa3aea,749a437e74cdff9e56c1cc28bf96edd0909b4694fc7c5f421ed41fe07148c17d,prompts/agent-product-launches/runs/foundation-pvp_trgc.com_2026-05-13.json
prompts/agent-product-launches/runs/foundation-pvp_trilliant.com_2026-05-13.json,32f100773934123e24f7c9fcaec6d3c1dd8a3d0a,9d1694003433ca1b43f1c7c062e496db48f3f3a131b15de68fb6c73190ee2e38,prompts/agent-product-launches/runs/foundation-pvp_trilliant.com_2026-05-13.json
prompts/agent-product-launches/runs/foundation-pvp_trilliumflow.com_2026-05-13.json,59a8cd82de40d3a39e6aeb962a4b6d17fd99f9e9,1aff7353174cb1bcb3f90ffdd809f904c9a75b6b99ee509fd6f91719e146f057,prompts/agent-product-launches/runs/foundation-pvp_trilliumflow.com_2026-05-13.json
prompts/agent-product-launches/runs/foundation-pvp_trilux.com_2026-05-13.json,809950c25a93e1a2e0903be8cf3418275975bd40,f74c69771ce7b7dbd69a92294a6559fa2d60462e9c70614be02afe874465a353,prompts/agent-product-launches/runs/foundation-pvp_trilux.com_2026-05-13.json
prompts/agent-product-launches/runs/foundation-pvp_trimech.com_2026-05-13.json,09633638e159c47f4438a47cbda88d9658d36a74,9bb3e7a31cfc525b2812635b71bc96bcdc2ee78ada46759faafe27e11b7b3d2d,prompts/agent-product-launches/runs/foundation-pvp_trimech.com_2026-05-13.json
prompts/agent-product-launches/runs/foundation-pvp_tristar.com_2026-05-13.json,8e977ebe7f216eda07d57afd0004f2e3e3ac9be1,48c7a8d3eb17850efe39ed82df890a198054eb51eb853aafafd95dc0423582ab,prompts/agent-product-launches/runs/foundation-pvp_tristar.com_2026-05-13.json
prompts/agent-product-launches/runs/foundation-pvp_trizettoprovider.com_2026-05-13.json,ae183aefe2e0419d259fc4856a625103c4a7b39f,dc73239234aa88e165301f922c2bc0c869eb2af3dc9db5465683c03182b509a0,prompts/agent-product-launches/runs/foundation-pvp_trizettoprovider.com_2026-05-13.json
prompts/agent-product-launches/runs/foundation-pvp_trocglobal.com_2026-05-13.json,f0942be2fc34fbcfc72a5bff862dd90ecf2ab610,efdeffc7edfba9418f5e42b80f80fb6952c57834d65b535fe629dc2eca182c4a,prompts/agent-product-launches/runs/foundation-pvp_trocglobal.com_2026-05-13.json
prompts/agent-product-launches/runs/foundation-pvp_trueinfluence.com_2026-05-13.json,1df3dd5cc69118211dcf1a5ce17a920f7f71eedc,7deb34cb38e57fa1db2a9537dd3fd50f19c9e598d5b389bb6e6decf54a41ca08,prompts/agent-product-launches/runs/foundation-pvp_trueinfluence.com_2026-05-13.json
prompts/agent-product-launches/runs/foundation-pvp_truerx.com_2026-05-13.json,631680d87e1739832791aa99950ad0e63a1da3bf,0db40290921bedd575bc7c4e72f16f2c13c34c616ddf1d9ac3b11dc706a36672,prompts/agent-product-launches/runs/foundation-pvp_truerx.com_2026-05-13.json
prompts/agent-product-launches/runs/foundation-pvp_truesense.com_2026-05-13.json,7fa7b86e16f84d98a2c51b7b7a7faed2db270417,83b7eef2013dc2f330b2b894b20b25b61c198feace7a4df2950262c492a04f0c,prompts/agent-product-launches/runs/foundation-pvp_truesense.com_2026-05-13.json
prompts/agent-product-launches/runs/foundation-pvp_truglobal.com_2026-05-13.json,25bc5f261fe79fdba4b9705bfec48cf42b763168,b49609010c5d6f09a7cf62e66de0f913c07ed03c29789cf78c9e5a336d7712f4,prompts/agent-product-launches/runs/foundation-pvp_truglobal.com_2026-05-13.json
prompts/agent-product-launches/runs/foundation-pvp_truno.com_2026-05-13.json,21748d180acb1ad9ec26ae6d043281bd5cae0027,86c7bcc9ed2ee02cd9efcbfe5b23f70ad8252dbbebbaebd06e28a004ff015739,prompts/agent-product-launches/runs/foundation-pvp_truno.com_2026-05-13.json
prompts/agent-product-launches/runs/foundation-pvp_trustedtechteam.com_2026-05-13.json,0d270350ed2009bfc34152503e6f8f6a88ed2cab,03af5d47e2ae1ea0a0cf53f0c51fa272de9d7b2f9207abc9761ef8df616187dd,prompts/agent-product-launches/runs/foundation-pvp_trustedtechteam.com_2026-05-13.json
prompts/agent-product-launches/runs/foundation-pvp_trustmark.com_2026-05-13.json,0360f23f72dc882d23fd0cee36a19d0daa0a25d2,a663d78ceeb46463b8986048012cdc1bc16ef100d16d346004d70568c2aa4279,prompts/agent-product-launches/runs/foundation-pvp_trustmark.com_2026-05-13.json
prompts/agent-product-launches/runs/foundation-pvp_trustmarque.com_2026-05-13.json,7419768754f850c7b0f772c3907a9f9bca40d7a7,28498010a891b99c6ce7b63e3a0d19f62e1a02e2d145a72332c24013333844d9,prompts/agent-product-launches/runs/foundation-pvp_trustmarque.com_2026-05-13.json
prompts/agent-product-launches/runs/foundation-pvp_trustmineral.com_2026-05-13.json,1419ccc982309f2520070f9bb80fa21bd649caee,9ef92a4c1d3090c32c4fe4cb9c4743283d2e563893497099b8591493c369f64f,prompts/agent-product-launches/runs/foundation-pvp_trustmineral.com_2026-05-13.json
prompts/agent-product-launches/runs/foundation-pvp_trustwave.com_2026-05-13.json,22e284f31bf8841b96e9b40464f696fcf435ddbc,e79021a38d64786bfdbdd8e621a7ab250b3600885ef676d304c76cf7e7d147b4,prompts/agent-product-launches/runs/foundation-pvp_trustwave.com_2026-05-13.json
prompts/agent-product-launches/runs/foundation-pvp_tsdglobal.com_2026-05-13.json,07a48d89031540c643d1e2c13cff860564624cb5,fbfdf78677720c15bf1158f32b5172a784bff30b61d26c665f3904f1b8c67cd3,prompts/agent-product-launches/runs/foundation-pvp_tsdglobal.com_2026-05-13.json
prompts/agent-product-launches/runs/foundation-pvp_tsg.com_2026-05-13.json,1d15f98865e18112fc31fbcb2038fb1941841020,d5e5e7faa7b04a74df02f42a92fc95a3f130b76c865a38396eb18faee32aa12e,prompts/agent-product-launches/runs/foundation-pvp_tsg.com_2026-05-13.json
prompts/agent-product-launches/runs/foundation-pvp_tsi.com_2026-05-13.json,488e4864f16e09dc7b0b10d2fbc67e0598d1ed36,623373f7af05b37da3633025a53024799530fb99ad4a5300d9ed30e5ce9c7c5e,prompts/agent-product-launches/runs/foundation-pvp_tsi.com_2026-05-13.json
prompts/agent-product-launches/runs/foundation-pvp_tslmarketing.com_2026-05-13.json,839a3393b30c67a3e9f3abffda7b08ecb070e4fa,39609c06c91f9131d14933d7bbe28e5a7c032efbcb917b4b211daa20846abec8,prompts/agent-product-launches/runs/foundation-pvp_tslmarketing.com_2026-05-13.json
prompts/agent-product-launches/runs/foundation-pvp_tssands.com_2026-05-13.json,2ea7ceb2fa0961d2795abf4948dfa5bf6d96c7c7,4c011b7721da949d70a1f465421597867625987ed9a1c60a1fa4bffae43c6e96,prompts/agent-product-launches/runs/foundation-pvp_tssands.com_2026-05-13.json
prompts/agent-product-launches/runs/foundation-pvp_ttecdigital.com_2026-05-13.json,08a6c8a807721d06f04ee07b8c2328526f01cd1d,485c0a179b3fcd8f4e7d8c90279f6ee485a47f0208e8481b3fc2ae21ce69eb40,prompts/agent-product-launches/runs/foundation-pvp_ttecdigital.com_2026-05-13.json
prompts/agent-product-launches/runs/foundation-pvp_tudip.com_2026-05-13.json,0e799c31a4ce5e5b22af342f5bbb04563c7f7006,c51968ba3374e97727a9eeaf65b4f54349d36eff545cbd58c5ffa90e1545df6a,prompts/agent-product-launches/runs/foundation-pvp_tudip.com_2026-05-13.json
prompts/agent-product-launches/runs/foundation-pvp_tunstall.co.uk_2026-05-13.json,5bf6d970ec3388b9ed16361f6c46cb2a455ab5e4,3e88fd270f50a7ba152a5d4ce354cc57773c255d6fa9e326c36c2bd6c9bf7209,prompts/agent-product-launches/runs/foundation-pvp_tunstall.co.uk_2026-05-13.json
prompts/agent-product-launches/runs/foundation-pvp_tutor.com_2026-05-13.json,b8c2ac97ddc6311b23ea7956011dbd5962fa9879,898bab92da3fe7e31a597f048444a45d1585e14f6a94973ba493add98d2bf7a5,prompts/agent-product-launches/runs/foundation-pvp_tutor.com_2026-05-13.json
prompts/agent-product-launches/runs/foundation-pvp_tvt.biz_2026-05-13.json,050360c9b16c9386dbfa442cd61cb4f55e0f0388,690f36a52e374fe5b2eef5f6e609c20cd625e9b97b8c8c0e9d32d80dfe463db7,prompts/agent-product-launches/runs/foundation-pvp_tvt.biz_2026-05-13.json
prompts/agent-product-launches/runs/foundation-pvp_tycosecurityproducts.com_2026-05-13.json,caf10092f5f4d2c4f3737844baa8b813a705fd8a,4f085c71ccde1854eeeb7a54ab691e9c8f85f52d49b292030cd0db302417950a,prompts/agent-product-launches/runs/foundation-pvp_tycosecurityproducts.com_2026-05-13.json
prompts/agent-product-launches/runs/foundation-pvp_tylbynatwest.com_2026-05-13.json,1585ae79dbce63543dc5944996e34b594288206c,915625f8ea5b59b7e91652e53aa4d7135d4b00ea97556159dbfd6fe1ba4afabd,prompts/agent-product-launches/runs/foundation-pvp_tylbynatwest.com_2026-05-13.json
prompts/agent-product-launches/runs/foundation-pvp_uasisolutions.com_2026-05-13.json,3d0adc34d942b527a378344dde0ff8ca06cb515a,ab9dc5c79952924e811f23cc40947b40c7f4b2cf0e7c5890d36695dbe73681cb,prompts/agent-product-launches/runs/foundation-pvp_uasisolutions.com_2026-05-13.json
prompts/agent-product-launches/runs/foundation-pvp_uaudio.com_2026-05-13.json,6665459cd18a1e9205393225ecbbb3f9ae540bc7,7f6d92459839a85a9fe678c223bbd4cda549a1eb8e288a9c2d5f05c256cfde09,prompts/agent-product-launches/runs/foundation-pvp_uaudio.com_2026-05-13.json
prompts/agent-product-launches/runs/foundation-pvp_uberconference.com_2026-05-13.json,4043d02e2a64effb01298d6e5dd66993235670bf,5b6bf54437cabd86572d977aca310da7fa7609caeb9bc50bb72b0057599fc022,prompts/agent-product-launches/runs/foundation-pvp_uberconference.com_2026-05-13.json
prompts/agent-product-launches/runs/foundation-pvp_ubtiinc.com_2026-05-13.json,7a4e7327e56d72c369777771a0d4205ebb4e1d6e,eef10b5b20aac13848640a6c91e3b3ac4ef2b6658d98305dbd29a8bfc898bf64,prompts/agent-product-launches/runs/foundation-pvp_ubtiinc.com_2026-05-13.json
prompts/agent-product-launches/runs/foundation-pvp_ucertify.com_2026-05-13.json,59684579305ab1faa275922bbdeff10b7f08bd41,12c23b184796a654c79c3f1bef01df22859d69e61ceb6723abf0b35447a002e2,prompts/agent-product-launches/runs/foundation-pvp_ucertify.com_2026-05-13.json
prompts/agent-product-launches/runs/foundation-pvp_uei.com_2026-05-13.json,e0c92c1170e0f86497d5807b5439bb353bc6b0c2,a114abeb745d2fe9a33b47ee57c5ffbad57c6c1efe3a84784df18624154b60f5,prompts/agent-product-launches/runs/foundation-pvp_uei.com_2026-05-13.json
prompts/agent-product-launches/runs/foundation-pvp_uhcu.org_2026-05-13.json,70f07c1155eaee7387146127eac883d1f9e1ee5a,f9584c43f1ed0ebd6256c457b480c7d3473080239a07fb347e2e2149545029c8,prompts/agent-product-launches/runs/foundation-pvp_uhcu.org_2026-05-13.json
prompts/agent-product-launches/runs/foundation-pvp_ultra-pcs.com_2026-05-13.json,a5c6a0d893472f3f0db478aa76cebbab84470f13,6df4854bee4de19f598df149af61f9a47879dba4e0c3cd3fc286cb28c2468349,prompts/agent-product-launches/runs/foundation-pvp_ultra-pcs.com_2026-05-13.json
prompts/agent-product-launches/runs/foundation-pvp_ultramain.com_2026-05-13.json,3cd1a8bd5d29c3444af7d86b82a4a4e7caf04255,9afe00ee5ac484e3fba7a125483265d598602de4e0593995152893d5643f578b,prompts/agent-product-launches/runs/foundation-pvp_ultramain.com_2026-05-13.json
prompts/agent-product-launches/runs/foundation-pvp_umanomedical.com_2026-05-13.json,983b4406d1d7aae20821d096a987ff43639d862a,0bb5572dae2b330ef8b255dbf78e12e3d5d74c03a5f8e654fcaf5dcd4ccc63a4,prompts/agent-product-launches/runs/foundation-pvp_umanomedical.com_2026-05-13.json
prompts/agent-product-launches/runs/foundation-pvp_ungerboeck.com_2026-05-13.json,f76b99c6c7f41b895925c4b4a2c20058cb2808d7,56611efbe42347cba07558dd8b2133c1b396f233d7887c5be4a44bb4a72e8c0f,prompts/agent-product-launches/runs/foundation-pvp_ungerboeck.com_2026-05-13.json
prompts/agent-product-launches/runs/foundation-pvp_uni.ca_2026-05-13.json,3f3ad2b0f1d1d0f232d3ce1a13f84aa3d31c27d3,99ef514bc1bcedec78e701a72e22c632fabd81d7e6ebab4fde990984b0ba8245,prompts/agent-product-launches/runs/foundation-pvp_uni.ca_2026-05-13.json
prompts/agent-product-launches/runs/foundation-pvp_unicon.net_2026-05-13.json,6e3c15230aa9cc433ada22595972e78f3c027212,2c77dc807347554fc865dd59e7eb356bce80447c12c2d64cec241b327f63f267,prompts/agent-product-launches/runs/foundation-pvp_unicon.net_2026-05-13.json
prompts/agent-product-launches/runs/foundation-pvp_unify.com_2026-05-13.json,d86e726fdb903f881627c22c7696058d92f14082,0a55de4aaa4a3c88bff839f6c71ff9457c653d4ba4f1e76f0d8eee0eb795fed8,prompts/agent-product-launches/runs/foundation-pvp_unify.com_2026-05-13.json
prompts/agent-product-launches/runs/foundation-pvp_unimax.com_2026-05-13.json,d27b3b58379eda054d3937e2bd307f08d926ecd4,331d815e4252fcf12720458e836ad7e9cb487534afd95b69166dd7ba1600dad0,prompts/agent-product-launches/runs/foundation-pvp_unimax.com_2026-05-13.json
prompts/agent-product-launches/runs/foundation-pvp_unisco.com_2026-05-13.json,2455e89438a4779400e0f61f44ab9a791079e0d9,ced994f71ac54f2976cc42ec509cba214439d14d3d3506f6caf0ebd9561cc476,prompts/agent-product-launches/runs/foundation-pvp_unisco.com_2026-05-13.json
prompts/agent-product-launches/runs/foundation-pvp_uniscompany.com_2026-05-13.json,5ce48c3763364a0f393aa05918996e256c0db806,5fc9c86b0a7b6b16b07a681626d0e2a814b5d4631c92b0d067b9b2dba11ba616,prompts/agent-product-launches/runs/foundation-pvp_uniscompany.com_2026-05-13.json
prompts/agent-product-launches/runs/foundation-pvp_unislink.com_2026-05-13.json,67971c3e71539cd50cd0ee652553272f73c63ceb,9450cab23d2855ed25efb74b31bff9979d00b080729bd110b4fd99ba570474ba,prompts/agent-product-launches/runs/foundation-pvp_unislink.com_2026-05-13.json
prompts/agent-product-launches/runs/foundation-pvp_unisonglobal.com_2026-05-13.json,48e38457d92694a38b14cc8a128a4dd7d1d5f1f7,5d79d9c810c48495a6870bf0c0718cf65f9c80afdd2e99811fa6a9087bafccb9,prompts/agent-product-launches/runs/foundation-pvp_unisonglobal.com_2026-05-13.json
prompts/agent-product-launches/runs/foundation-pvp_unitedlex.com_2026-05-13.json,84d27e6b3ee8384938cf96910603b46ff5de2cb7,7f78e916451fa65064b699dbf570b07d66ddac42fb6d8976abb2209800a40db6,prompts/agent-product-launches/runs/foundation-pvp_unitedlex.com_2026-05-13.json
prompts/agent-product-launches/runs/foundation-pvp_unitedpetroleum.com.au_2026-05-13.json,41bdacb3d0905fd8de1e6c04285ad59e8d079b0e,8f6ecb17f62db1a68c3cfc03f90636692fe7442d87aadf458b593a40bd31efac,prompts/agent-product-launches/runs/foundation-pvp_unitedpetroleum.com.au_2026-05-13.json
prompts/agent-product-launches/runs/foundation-pvp_universalbackground.com_2026-05-13.json,d53a6b0cfa56730cb7993934181d6c69b7cd1e10,4f00269cff783ce06479c3b779ebcbfaaf9e29d50390589eab7a6f87a130bbbd,prompts/agent-product-launches/runs/foundation-pvp_universalbackground.com_2026-05-13.json
prompts/agent-product-launches/runs/foundation-pvp_universalweather.com_2026-05-13.json,60c1fa6e4e7d4e25d9dc30c89dd888aa0bb8b270,1b4c10dfeaa87a82177f7f5b8a96e813e84c150e8440726aa6ab3103196dfee6,prompts/agent-product-launches/runs/foundation-pvp_universalweather.com_2026-05-13.json
prompts/agent-product-launches/runs/foundation-pvp_uprisehealth.com_2026-05-13.json,e6a26074280ff971344ea6084e24f88886b449c9,3b8cfab747457edd534013248beb788b58ac876c1de760e096a25a3aa797e0bd,prompts/agent-product-launches/runs/foundation-pvp_uprisehealth.com_2026-05-13.json
prompts/agent-product-launches/runs/foundation-pvp_urbanairship.com_2026-05-13.json,16135e689aa55b63ef408c2380a61846c2060907,d3c2d11036bf2810b2635ca327d8f79077eee14ae14ba8e76ded5a6d06270806,prompts/agent-product-launches/runs/foundation-pvp_urbanairship.com_2026-05-13.json
prompts/agent-product-launches/runs/foundation-pvp_usan.com_2026-05-13.json,1ab2ba56d1cbd66650697d75bb37d718621613db,c8de0ca55fd43640c09183a27629c1b83f125f3aa630cda82663020aa09546aa,prompts/agent-product-launches/runs/foundation-pvp_usan.com_2026-05-13.json
prompts/agent-product-launches/runs/foundation-pvp_usehalo.com_2026-05-13.json,9aae760450efdad325868e9a9c1eb535a4824c2f,c008d9b5d1f933c33efe411fb72d85d2e617ede3a238fa9add66d63203599b8d,prompts/agent-product-launches/runs/foundation-pvp_usehalo.com_2026-05-13.json
prompts/agent-product-launches/runs/foundation-pvp_uslfreight.com_2026-05-13.json,3eb45b368567e4f9d3eace561e8c20e376239b5d,54d293d9e524b84564cb36153b88b4a6f69ef70a07ec196cb577aae4d7b96972,prompts/agent-product-launches/runs/foundation-pvp_uslfreight.com_2026-05-13.json
prompts/agent-product-launches/runs/foundation-pvp_usmsystems.com_2026-05-13.json,b85dc973ec3ac41425d9d4db5ac8efbf9045c7ac,2c2bbeea232dffeced698109ed8f839194feb4c884e8710df470e2ee73ea92a0,prompts/agent-product-launches/runs/foundation-pvp_usmsystems.com_2026-05-13.json
prompts/agent-product-launches/runs/foundation-pvp_usnews.com_2026-05-13.json,b472a463f1f6bb8ea2641e9938d67b05e0ef6cf6,3755380f5637e0164e5f996432fb68d704876209ccaaf3fb3a0b7a5a9e1f75be,prompts/agent-product-launches/runs/foundation-pvp_usnews.com_2026-05-13.json
prompts/agent-product-launches/runs/foundation-pvp_usp.org_2026-05-13.json,749047e014f96223c003cad97ad212fcb81bb280,47cae90c97c5d6c656e94d1a06d996788d5e2928a3de1c0295810710245ed72c,prompts/agent-product-launches/runs/foundation-pvp_usp.org_2026-05-13.json
prompts/agent-product-launches/runs/foundation-pvp_utest.com_2026-05-13.json,78f3a70d20df0f7e290cb9c8f87847ad235a3e64,c9e0b1cd70e62b27b7b488d148f4ba17e3a02065dd4ea6d0f7ed8c31ea9b67ff,prompts/agent-product-launches/runs/foundation-pvp_utest.com_2026-05-13.json
prompts/agent-product-launches/runs/foundation-pvp_utiglobal.com_2026-05-13.json,f37644d1ffd360bc4d5c5465b9c1b131369f69ab,458aca0bdbbce188b0d22acc28c539b2c7f7ce86b7b0d89f1004067b65d8540f,prompts/agent-product-launches/runs/foundation-pvp_utiglobal.com_2026-05-13.json
prompts/agent-product-launches/runs/foundation-pvp_utopiainc.com_2026-05-13.json,6f47b91eb706fca0b856150e63003828a96f4865,fca6302fa32a67286c30da4691c10d8d44527d227be4bf8124c7173158b24abb,prompts/agent-product-launches/runs/foundation-pvp_utopiainc.com_2026-05-13.json
prompts/agent-product-launches/runs/foundation-pvp_utrs.com_2026-05-13.json,f1926a34736e47b96d4b13607fff9f60f56985bb,47e1e541dc0c8fcd49066447e7dea465e5a0539bc02496b594e994402b17c78e,prompts/agent-product-launches/runs/foundation-pvp_utrs.com_2026-05-13.json
prompts/agent-product-launches/runs/foundation-pvp_uworld.com_2026-05-13.json,1925fe30406abf063072318a09d962c58b681a8a,c948721aca4a0aaea4f66a3c4dae41ce341b7c928b67baf2af4b650ab3e2b487,prompts/agent-product-launches/runs/foundation-pvp_uworld.com_2026-05-13.json
prompts/agent-product-launches/runs/foundation-pvp_v2soft.com_2026-05-13.json,1f4927bbc009252b9ed341c28fefc639ae7274e3,a67bea25b42e8ede36c24185dcb8c8441b72c2eb234937911f22ea6f40f1d61e,prompts/agent-product-launches/runs/foundation-pvp_v2soft.com_2026-05-13.json
prompts/agent-product-launches/runs/foundation-pvp_vailsys.com_2026-05-13.json,7cc19a8986b17e5fdc09f778e8f07eb13b4c09e5,30667e275ec614323c6c122db4db3580f493621756630979a1c8d59a0de5cb0e,prompts/agent-product-launches/runs/foundation-pvp_vailsys.com_2026-05-13.json
prompts/agent-product-launches/runs/foundation-pvp_valenta.io_2026-05-13.json,1be6370da1fd76c179db4d203db43f75786d3621,e8e53130fea81856a7084db8b93a909c8f207ec2342b7cb2e60e22ff64ea4131,prompts/agent-product-launches/runs/foundation-pvp_valenta.io_2026-05-13.json
prompts/agent-product-launches/runs/foundation-pvp_valonlabs.ai_2026-05-13.json,9d3f4ac734c96fc9985c23b961a91d114d9f73d9,6c3797711263b3f40e037d5a7449641d562229751b02acc282e1532344294d43,prompts/agent-product-launches/runs/foundation-pvp_valonlabs.ai_2026-05-13.json
prompts/agent-product-launches/runs/foundation-pvp_vaniamgroup.com_2026-05-13.json,cb1c9e859bf9b8e0acd645b8831923dd2a4b8d0b,fe06bb633e8fb32234f76a91c6092b30f56ab4415c79ffeb236b6dd79c8b270e,prompts/agent-product-launches/runs/foundation-pvp_vaniamgroup.com_2026-05-13.json
prompts/agent-product-launches/runs/foundation-pvp_vanmeterinc.com_2026-05-13.json,350f1b2429fb0d7235076c8d1bc8a524541ba69c,a2fc749c6468601c83719fb29a356f1a4d470c4b7b330b110c005b8f6cd4b32e,prompts/agent-product-launches/runs/foundation-pvp_vanmeterinc.com_2026-05-13.json
prompts/agent-product-launches/runs/foundation-pvp_vantagebank.com_2026-05-13.json,7dccff5a6117cf9fe3c93fca4bacf8c69aaa2638,4cc31326d9e0baf815c85c019dae423c3c9c207ec9cd6e721ab460f84f49a179,prompts/agent-product-launches/runs/foundation-pvp_vantagebank.com_2026-05-13.json
prompts/agent-product-launches/runs/foundation-pvp_vassarlabs.com_2026-05-13.json,7e51da5c418b05173cf205ba749d6c7a5655a5c9,296a5953ec48844607e7c918ec255ae7f4a7fcf8f4fdfeb6a5053a5ef201044e,prompts/agent-product-launches/runs/foundation-pvp_vassarlabs.com_2026-05-13.json
prompts/agent-product-launches/runs/foundation-pvp_vaughnindustries.com_2026-05-13.json,4fec22fbffc4dc949199b579be405ea09bc30859,67687b9c37a70cca341a00e3cccfc17eb3aa140e5871dcdd43782e6048f2599b,prompts/agent-product-launches/runs/foundation-pvp_vaughnindustries.com_2026-05-13.json
prompts/agent-product-launches/runs/foundation-pvp_vauto.com_2026-05-13.json,00bfae8ea60a79378f655f59f053a3e1ec5753c7,09ef18bc988ab2da666d5eadce18697535c873e89a63397cf1285cd7157c1a5d,prompts/agent-product-launches/runs/foundation-pvp_vauto.com_2026-05-13.json
prompts/agent-product-launches/runs/foundation-pvp_vectorworks.net_2026-05-13.json,86fada66845903345148da6c9e19954e9a2e8987,83e7e60e3609c82ade8b76c4193a24bfb8a6be1e63081f187b6637172becb062,prompts/agent-product-launches/runs/foundation-pvp_vectorworks.net_2026-05-13.json
prompts/agent-product-launches/runs/foundation-pvp_vectrabank.com_2026-05-13.json,da55254118a211c6a7edefbfa9fc024c421f323e,f49d5c5d84955d2b50414a1f571dbf79cc6a6c7a77c216fe463af848f346238f,prompts/agent-product-launches/runs/foundation-pvp_vectrabank.com_2026-05-13.json
prompts/agent-product-launches/runs/foundation-pvp_veersatech.com_2026-05-13.json,3b3426aa4aa56c7ec9c5bc4f4b6ff71d03893ad5,207aab194627433a571ded382c118210e95b48eb92ac23ccd55da249001779dd,prompts/agent-product-launches/runs/foundation-pvp_veersatech.com_2026-05-13.json
prompts/agent-product-launches/runs/foundation-pvp_veetechnologies.com_2026-05-13.json,1464478a6cda19844b3e4228c57c83c2a1e8057c,2f623cc0811327505d76b226cf90cf5e0bb6e049445b9fe81850b1502968cce4,prompts/agent-product-launches/runs/foundation-pvp_veetechnologies.com_2026-05-13.json
prompts/agent-product-launches/runs/foundation-pvp_velocitymsc.com_2026-05-13.json,10ba56e56912a668315812e43587875b79c4c4a9,dc5e113a8864337490dfbf1c2daae74dabc40d662c84e96d7abbf9abb51cc888,prompts/agent-product-launches/runs/foundation-pvp_velocitymsc.com_2026-05-13.json
prompts/agent-product-launches/runs/foundation-pvp_velocitytrade.com_2026-05-13.json,ccfb5888269c8da81daae9de3ffccc7878740629,7b2821607aa120652ae9781bc172d0999b99b79893e43d7f48775ef2b158ea68,prompts/agent-product-launches/runs/foundation-pvp_velocitytrade.com_2026-05-13.json
prompts/agent-product-launches/runs/foundation-pvp_velosio.com_2026-05-13.json,4a8e5c9171f3381265e3bec37e587568997ab467,5e320639059208c1b18d4e43b04b5e34e571b3fb16840807252ebedbae7ca5af,prompts/agent-product-launches/runs/foundation-pvp_velosio.com_2026-05-13.json
prompts/agent-product-launches/runs/foundation-pvp_velotio.com_2026-05-13.json,8dcb743a1a1dedec5d043de4a2a3e26ab6f6d890,da6c99bb27b4b1d3bfc31885fb1991e85f5c857b4c99fa8e4ef3f3f21051f773,prompts/agent-product-launches/runs/foundation-pvp_velotio.com_2026-05-13.json
prompts/agent-product-launches/runs/foundation-pvp_velsera.com_2026-05-13.json,0f0b7da77e4500f740d520f86b0626c9f419c69c,3e559668548ba3377ab025b9dc693b76118a7f99b360bd8f5cabe2d8814df4e3,prompts/agent-product-launches/runs/foundation-pvp_velsera.com_2026-05-13.json
prompts/agent-product-launches/runs/foundation-pvp_vensoft.com_2026-05-13.json,c15f3e4d914aed56f6d75d60c72a3dd272e0d1fc,dcffee1f2a8e2af8a8fca0d2a49231341f4c5057f199a70e9f461652f9e2bc72,prompts/agent-product-launches/runs/foundation-pvp_vensoft.com_2026-05-13.json
prompts/agent-product-launches/runs/foundation-pvp_ventois.com_2026-05-13.json,25a63f1dcbeed0e3c734fa4aed86084a0282952a,90af7c7f50b40653c1837d22064ab9ce297eb90f6c65c2998b29d5a28ca286fd,prompts/agent-product-launches/runs/foundation-pvp_ventois.com_2026-05-13.json
prompts/agent-product-launches/runs/foundation-pvp_ventrahealth.com_2026-05-13.json,3ba2220a6e858e94eaf8cc3d597802d32c9b8ab2,c7bafd243a4159515a70eb179b9a0127785d27c6bd73c6f5847b1f50372b8c11,prompts/agent-product-launches/runs/foundation-pvp_ventrahealth.com_2026-05-13.json
prompts/agent-product-launches/runs/foundation-pvp_venturedive.com_2026-05-13.json,2a7c701494eb95b4dcbac2d355a88719283dc043,011c1992cad3a4b8decb03874549e75cff60b0b20cd1090447f995390058a382,prompts/agent-product-launches/runs/foundation-pvp_venturedive.com_2026-05-13.json
prompts/agent-product-launches/runs/foundation-pvp_venturesoftglobal.com_2026-05-13.json,579686fecf31668818e6d2a8a65c297ca3d2dabe,57acd1e5a2c46ba836e0a1a9b280ee0b4f8aa2000600b6d731ad1585305d8296,prompts/agent-product-launches/runs/foundation-pvp_venturesoftglobal.com_2026-05-13.json
prompts/agent-product-launches/runs/foundation-pvp_veracross.com_2026-05-13.json,b6b010f63a364aaa9cd285c7ddf7aa467a5d3bcf,b1354d82017908c81a6018ab3aabe7af2269051dafd9c5840613673dbc0db76b,prompts/agent-product-launches/runs/foundation-pvp_veracross.com_2026-05-13.json
prompts/agent-product-launches/runs/foundation-pvp_veriforce.com_2026-05-13.json,a9ba52f7249b75b2bac90a5539c158702c825aec,f5fe5d159ab66b3613d37570837b2b7059bd742d31372ff2bd698deb2b507a59,prompts/agent-product-launches/runs/foundation-pvp_veriforce.com_2026-05-13.json
prompts/agent-product-launches/runs/foundation-pvp_verifyglobal.com_2026-05-13.json,92d19d80e43ed4dfcecc0a6da2f24720307f04e8,264db0cd46462af26fe5166c34f8b4fa3b80688a2e60e504f9953de80f822f65,prompts/agent-product-launches/runs/foundation-pvp_verifyglobal.com_2026-05-13.json
prompts/agent-product-launches/runs/foundation-pvp_veripark.com_2026-05-13.json,073f19dd3121ea57d1cbfd7954f356b92ee48658,8122ca5c8900a112d0813663a95f63c9430a06a348c305b98e3842ecadb857f3,prompts/agent-product-launches/runs/foundation-pvp_veripark.com_2026-05-13.json
prompts/agent-product-launches/runs/foundation-pvp_veris.com.au_2026-05-13.json,61d871d17c271a1dfdc4436247977299e7cd3bdd,de2c6161bc2c119ea21c425e861b838c5cefac4773b5dbb2c78e81a378292c76,prompts/agent-product-launches/runs/foundation-pvp_veris.com.au_2026-05-13.json
prompts/agent-product-launches/runs/foundation-pvp_verisma.com_2026-05-13.json,b48a2bd066f68ad79917c42387da16e7fac75442,168cc2505a57bb2cd0c10aee034203f6dd11199a1410414fc10610a227e5280e,prompts/agent-product-launches/runs/foundation-pvp_verisma.com_2026-05-13.json
prompts/agent-product-launches/runs/foundation-pvp_verista.com_2026-05-13.json,2c50ef234355a2e85438a2bbd2cf1198e29ebe84,7e5354d4c63522c8e5236d09e017e34fa10a797d735d4135579f1a55c195f00e,prompts/agent-product-launches/runs/foundation-pvp_verista.com_2026-05-13.json
prompts/agent-product-launches/runs/foundation-pvp_verisys.com_2026-05-13.json,576e0b56b822f5b9e0fd4e337c8bc6d452b45957,2bd8cdbdecf48d2ec558883cc1ca07bdcc21d1efec2711277dc6441755f18166,prompts/agent-product-launches/runs/foundation-pvp_verisys.com_2026-05-13.json
prompts/agent-product-launches/runs/foundation-pvp_verrill-law.com_2026-05-13.json,e8a3db5ccee6daaa7211970608aedb127ae0189c,70644037864f3f6a0c0d72c4caecf85a439a27d03c27dab3c119b3f59c637823,prompts/agent-product-launches/runs/foundation-pvp_verrill-law.com_2026-05-13.json
prompts/agent-product-launches/runs/foundation-pvp_verticalraise.com_2026-05-13.json,c75fdf0611ddc60cb5a1602bd3e4b7e30101e1f0,09d592e3b32a74039c4545327ae2114747ea15996c82b5b24b11c091e261a2d0,prompts/agent-product-launches/runs/foundation-pvp_verticalraise.com_2026-05-13.json
prompts/agent-product-launches/runs/foundation-pvp_verticalscreen.com_2026-05-13.json,9a184c3175937e3e2f259e241a3e59e67a96d5e9,1cdab8a430858c8770bc9ac4b738e86a105910ee989cd74fd0a787a76b61f062,prompts/agent-product-launches/runs/foundation-pvp_verticalscreen.com_2026-05-13.json
prompts/agent-product-launches/runs/foundation-pvp_vertisystem.com_2026-05-13.json,0c482087e684d91cca3cfa8a5f5f092144c34454,4dc853a69489a9971e59a044fe1275b27e324d174945c7a0ada95ad887af3a3f,prompts/agent-product-launches/runs/foundation-pvp_vertisystem.com_2026-05-13.json
prompts/agent-product-launches/runs/foundation-pvp_vertoz.com_2026-05-13.json,3449cb9956a18275980452fdf5afdf5567099c5f,1ab3cfeb8ea5b709b3d3b176b5138f94e3a58f60c0278b6ae47d6a6707d08b1a,prompts/agent-product-launches/runs/foundation-pvp_vertoz.com_2026-05-13.json
prompts/agent-product-launches/runs/foundation-pvp_verveba.com_2026-05-13.json,1fc6ee96a17362bf591abe0cb9ad29251bb50f84,25763d4d0b86ec552a2a73ac3e937c0a2b6a501717dac0233961188a7ffde93f,prompts/agent-product-launches/runs/foundation-pvp_verveba.com_2026-05-13.json
prompts/agent-product-launches/runs/foundation-pvp_veseris.com_2026-05-13.json,7ef8ab3555e5b010b49bbcb40f94ebd111ba334e,efb6925666c83879970e89bc538bbf7265029862524c81e9cf65718e80bc3ab7,prompts/agent-product-launches/runs/foundation-pvp_veseris.com_2026-05-13.json
prompts/agent-product-launches/runs/foundation-pvp_vetsez.com_2026-05-13.json,e9f1b504d940ef9d05854810974e24618a254bb0,9d3bfa58b42c5d075c08f422085599339438e46cc1ace2e45e192a19a1e96fc9,prompts/agent-product-launches/runs/foundation-pvp_vetsez.com_2026-05-13.json
prompts/agent-product-launches/runs/foundation-pvp_vexrobotics.com_2026-05-13.json,93fda6045d6400ae91cd0f61619229a16b9e3878,9c8a9e36ab2d9ce073b471b84047379cfe3dcd74c8392dd06d0a40bf92c69ca7,prompts/agent-product-launches/runs/foundation-pvp_vexrobotics.com_2026-05-13.json
prompts/agent-product-launches/runs/foundation-pvp_vfairs.com_2026-05-13.json,acef6406dc5f913b468c58537bb70abf820b36a4,0ea9aa375c021716522fce09378e577f9226b280644774c9a57d2db4d1aeca5e,prompts/agent-product-launches/runs/foundation-pvp_vfairs.com_2026-05-13.json
prompts/agent-product-launches/runs/foundation-pvp_vgroupinc.com_2026-05-13.json,ea63fc5c87587e3fb235be8b41c92c88026ff820,e5f95f17be626df63ecdb08968fa75448a5b88a9bcc9bc412fc9c484994c2b61,prompts/agent-product-launches/runs/foundation-pvp_vgroupinc.com_2026-05-13.json
prompts/agent-product-launches/runs/foundation-pvp_viamediatv.com_2026-05-13.json,cb89add18d27df6cbc63dcbb93ed80153c504a76,49f5a85441fc86f4eaf657252d64f3a382ae15a49712af985d2da315dc8c4579,prompts/agent-product-launches/runs/foundation-pvp_viamediatv.com_2026-05-13.json
prompts/agent-product-launches/runs/foundation-pvp_viatechpub.com_2026-05-13.json,4c7640eac0412adf532d383076854e4e6c87a82d,0ff0b1bbb0dfb6d594caabaab70c8362d0b7d1266a88e1cc6de7b51ff73a53a5,prompts/agent-product-launches/runs/foundation-pvp_viatechpub.com_2026-05-13.json
prompts/agent-product-launches/runs/foundation-pvp_vibrant-wellness.com_2026-05-13.json,4adfce8a3c5b64679691142d72794b842cf2b6bf,11c04ad90b86e7a497d65b299737400fd6f5745443e419f2951f0a94ae27c1b9,prompts/agent-product-launches/runs/foundation-pvp_vibrant-wellness.com_2026-05-13.json
prompts/agent-product-launches/runs/foundation-pvp_videojet.com_2026-05-13.json,114d3272ae2a614e9d168f071d40beb48003681d,ec473e9e018cd1ef49e1fe287135ec63a90267c6da1cb0508929211d77a46ab2,prompts/agent-product-launches/runs/foundation-pvp_videojet.com_2026-05-13.json
prompts/agent-product-launches/runs/foundation-pvp_viewpoint.com_2026-05-13.json,4d5bdf5155733688db3df55c73c309ef19fc90c5,cb1cc97565e865c338c5b7d6a1cd5af4d7d6ffae3be260f982a9145b9111d809,prompts/agent-product-launches/runs/foundation-pvp_viewpoint.com_2026-05-13.json
prompts/agent-product-launches/runs/foundation-pvp_vigilant-inc.com_2026-05-13.json,1d37b7b41f1d796c448cf969791394d9d0c60a0d,e6fb67c1c086961228c0804ef26b5118daf5157d00045bed5a054b8cc85b73f2,prompts/agent-product-launches/runs/foundation-pvp_vigilant-inc.com_2026-05-13.json
prompts/agent-product-launches/runs/foundation-pvp_vikingelectric.com_2026-05-13.json,98bbe2c970ecfdf0c4d5f255c1ea6d171feebb57,79072f7c99f53816dd81a0856acb3dd93215677da9eb730b4f15ffd1913e376d,prompts/agent-product-launches/runs/foundation-pvp_vikingelectric.com_2026-05-13.json
prompts/agent-product-launches/runs/foundation-pvp_vimo.com_2026-05-13.json,634506d0eab17dd73a1479e5e5126bc8daf2e09e,c28f233fedd3f4e9bfaa7a0e8206e2593c01353c89a82299ea007ddabd16a888,prompts/agent-product-launches/runs/foundation-pvp_vimo.com_2026-05-13.json
prompts/agent-product-launches/runs/foundation-pvp_vinsolutions.com_2026-05-13.json,f463ac6e416731ec89f6ceadd709e5a3e5ea41a8,b1a789a70f36a4e39bfaae899dddf8271a9a36725e5af8098135fb74a9fe9264,prompts/agent-product-launches/runs/foundation-pvp_vinsolutions.com_2026-05-13.json
prompts/agent-product-launches/runs/foundation-pvp_vipre.com_2026-05-13.json,b1d0e53a47bfa3819747652595480da78b2d3f8d,60f7e465a684a6f54c38d9f0ee06ba9d178a6c714c383f2e78386327dea04206,prompts/agent-product-launches/runs/foundation-pvp_vipre.com_2026-05-13.json
prompts/agent-product-launches/runs/foundation-pvp_virtualemployee.com_2026-05-13.json,61971c82246d93afe0167260a4fee3a4715e2de2,4dd8b540a63d0971eb24c2d60de178629485ea952008f1cbfa6d892a91fb36ef,prompts/agent-product-launches/runs/foundation-pvp_virtualemployee.com_2026-05-13.json
prompts/agent-product-launches/runs/foundation-pvp_virtuozzo.com_2026-05-13.json,776fcd470f8e6d7c2d8a1f1773d3392e6bcb5d39,0b34ac3821bb9c4af65ab2b9e2d601402c9a93c0d7da73534f2dba8d4119b220,prompts/agent-product-launches/runs/foundation-pvp_virtuozzo.com_2026-05-13.json
prompts/agent-product-launches/runs/foundation-pvp_visioneng.com_2026-05-13.json,2013522ef920c0b84cc9e2d64a9aa066ba5f208e,82b050ac58edbb203c4b45632f439e89187a655ede43c610a8b6b39b76740896,prompts/agent-product-launches/runs/foundation-pvp_visioneng.com_2026-05-13.json
prompts/agent-product-launches/runs/foundation-pvp_visionrt.com_2026-05-13.json,517a665c6ed61d9f1d76b97692eb0b7a9c1c792d,af0b0177de9d091ea204f8425fda746dc6ca63c59fcc8328d9a54bc36d745c23,prompts/agent-product-launches/runs/foundation-pvp_visionrt.com_2026-05-13.json
prompts/agent-product-launches/runs/foundation-pvp_vistaar.com_2026-05-13.json,73175a198c0a1469fcc18c5a296e9e55c933d5aa,69bedda634f0f8fb77448592b15b2f6d288e518b06d8165de844ba969bbc5cba,prompts/agent-product-launches/runs/foundation-pvp_vistaar.com_2026-05-13.json
prompts/agent-product-launches/runs/foundation-pvp_vistahigherlearning.com_2026-05-13.json,ebb34e471daf1997017d317f46c595065db3ae80,3ab7f4febf9da45b47f8bbc52411089ff0a685525bcd4e30e6f5d2f92dbe22df,prompts/agent-product-launches/runs/foundation-pvp_vistahigherlearning.com_2026-05-13.json
prompts/agent-product-launches/runs/foundation-pvp_vitalitygroup.com_2026-05-13.json,d91489ad94fed365f9185d763dc2677ce6a0935d,f0029b4870c3adce4048fb497d672cf5274d0ec8b19eecdd42f9ac1071046e0e,prompts/agent-product-launches/runs/foundation-pvp_vitalitygroup.com_2026-05-13.json
prompts/agent-product-launches/runs/foundation-pvp_vitalrecordscontrol.com_2026-05-13.json,1af94b72846aaae3aa18c28cb88013c408a7ead7,e28164ca100a0d6eb5d6c8f989f185233b7962279989c4c8f4d3fe98445ed83f,prompts/agent-product-launches/runs/foundation-pvp_vitalrecordscontrol.com_2026-05-13.json
prompts/agent-product-launches/runs/foundation-pvp_vitu.com_2026-05-13.json,0ea784f48e19548462f6f2c81aca56954ed6cf4e,744e1a4cd62a6feed294b74d4b092eb9d0312e36fc4e8cf93c872a2dcb24bcdf,prompts/agent-product-launches/runs/foundation-pvp_vitu.com_2026-05-13.json
prompts/agent-product-launches/runs/foundation-pvp_viva-it.com_2026-05-13.json,2b33f50849f6127721b188a966d2dd7d333abbca,bb72497884eda9e83a224c338670d1d92b82636d200076aab26ad60fddd786bf,prompts/agent-product-launches/runs/foundation-pvp_viva-it.com_2026-05-13.json
prompts/agent-product-launches/runs/foundation-pvp_vizionnetwork.co.uk_2026-05-13.json,e0861978c71dc78793c95076152072b08a2a2ac1,635bcfeda84eff19caeb213312868f14d1fbd08e0261f503e0705bde1d1fb260,prompts/agent-product-launches/runs/foundation-pvp_vizionnetwork.co.uk_2026-05-13.json
prompts/agent-product-launches/runs/foundation-pvp_vizypay.com_2026-05-13.json,a12a93733628b68f3e957b0e0a1e6843441ea6ab,2707cab4a458d582c1204b5cf89894a5a69efb6bd49586854a106206e80fa689,prompts/agent-product-launches/runs/foundation-pvp_vizypay.com_2026-05-13.json
prompts/agent-product-launches/runs/foundation-pvp_vlmshealthcare.com_2026-05-13.json,c4a4d8dc27724e942bce0e50de2540e77a2e02c6,5baedebdeef604700e3aacc7ea06341053f17cc34bfc577bd127cdd5cbda0a8c,prompts/agent-product-launches/runs/foundation-pvp_vlmshealthcare.com_2026-05-13.json
prompts/agent-product-launches/runs/foundation-pvp_vmlyrx.com_2026-05-13.json,1d53ce02041d2582230c581411dae24c76a211e4,0fd40367958af81955c0d0be2a27f12cd54e4ebd6dd427605020d5870cb1cfa5,prompts/agent-product-launches/runs/foundation-pvp_vmlyrx.com_2026-05-13.json
prompts/agent-product-launches/runs/foundation-pvp_volantis.com_2026-05-13.json,a12eb83b9f51c50eed389bcad8e5e0e9f4148335,6a6b6707ee0f7c6b76d1531141dc348db55481cd96a3d12f31f57c79fa289910,prompts/agent-product-launches/runs/foundation-pvp_volantis.com_2026-05-13.json
prompts/agent-product-launches/runs/foundation-pvp_volgapartners.com_2026-05-13.json,942546f9fa972551ec2af00ffbad4a7f10dc9df7,7fbcb5ead46b18ae359914ea339cf7c2df3527b19896d11422b04e18fcf9f9cf,prompts/agent-product-launches/runs/foundation-pvp_volgapartners.com_2026-05-13.json
prompts/agent-product-launches/runs/foundation-pvp_voro.com_2026-05-13.json,f0fbdb6831d8c13b88bb5a2acb7afb9c796e4829,2085632f512796a64f0c8e66561966c9673dbbd15fe5f70040de6a4705020968,prompts/agent-product-launches/runs/foundation-pvp_voro.com_2026-05-13.json
prompts/agent-product-launches/runs/foundation-pvp_voyagersopris.com_2026-05-13.json,38faf3ae909c4a2866f49ff2a3ff971adfb08096,8b48f8924ebd2f26ace2e97c6c0c7f78469177dbf64af24a8586507cf77b67fb,prompts/agent-product-launches/runs/foundation-pvp_voyagersopris.com_2026-05-13.json
prompts/agent-product-launches/runs/foundation-pvp_vrl.net_2026-05-13.json,8690d040be1249310b00da296c027b96de5fb8a0,f2cef248ced4fa5ee0f80ad5f3c29422d14e03af95c3f335e583478881f5825d,prompts/agent-product-launches/runs/foundation-pvp_vrl.net_2026-05-13.json
prompts/agent-product-launches/runs/foundation-pvp_vservesolution.com_2026-05-13.json,b6b45cbe807b9c907c4a42229d69680e82741774,59edbc0c7b683cb57bdd72b3a3f88c0c734117469854e75ceff4c755b70521f6,prompts/agent-product-launches/runs/foundation-pvp_vservesolution.com_2026-05-13.json
prompts/agent-product-launches/runs/foundation-pvp_vso-inc.com_2026-05-13.json,01cc80d6829d8332c3120caad7369cd8c497c934,a5a3922ee9005915ce54a40d701d2cfe6298903908c880dab9f59cb439ed287f,prompts/agent-product-launches/runs/foundation-pvp_vso-inc.com_2026-05-13.json
prompts/agent-product-launches/runs/foundation-pvp_vsoftcorp.com_2026-05-13.json,550a88c2af466ac31e8e79df6c22e2c717b3227e,a4b9a69979d810ebee77216a69382e033fdac89bdbe3ee60dc1aa0b92f6b31a9,prompts/agent-product-launches/runs/foundation-pvp_vsoftcorp.com_2026-05-13.json
prompts/agent-product-launches/runs/foundation-pvp_vtechsolution.com_2026-05-13.json,52e0ff646e06e3d924469634412c3740203ab904,7904b6b833f443ddc667bcbb37ef643b3eb64f274eb959bed7ba2e4636fba60c,prompts/agent-product-launches/runs/foundation-pvp_vtechsolution.com_2026-05-13.json
prompts/agent-product-launches/runs/foundation-pvp_vtiger.com_2026-05-13.json,028f07ef2bc7b26dea2f6e9e36df3c8c55eac0cd,962c00caa2770041df417f54ebcde1c6e3234c4888d1c1fa2845d4cf363a7e72,prompts/agent-product-launches/runs/foundation-pvp_vtiger.com_2026-05-13.json
prompts/agent-product-launches/runs/foundation-pvp_wachter.com_2026-05-13.json,fe56b5c70f4f630b117ec32c4269b88250e68b83,c90a2ab635a9bd6e0905159e7388a7c475b5bccd7ca2aae5517e7782d49cbba8,prompts/agent-product-launches/runs/foundation-pvp_wachter.com_2026-05-13.json
prompts/agent-product-launches/runs/foundation-pvp_wadic.net_2026-05-13.json,4b1eaef94403a16c221248cb567212bafdf110ac,9e2c81a2d508d95686e9d50abc1f5343698e310c428acf82d28654e51130b869,prompts/agent-product-launches/runs/foundation-pvp_wadic.net_2026-05-13.json
prompts/agent-product-launches/runs/foundation-pvp_wagnerequipment.com_2026-05-13.json,69396f9c3934093d6a166479475253eb073b63d4,deb804e5eb2311bb41b411bf5bdd580fcb21389af289bb7a0043453cfae62167,prompts/agent-product-launches/runs/foundation-pvp_wagnerequipment.com_2026-05-13.json
prompts/agent-product-launches/runs/foundation-pvp_waiin.com_2026-05-13.json,9c731ce6da6a129adf84d263273580c3720be55e,0a72d37a78b9be575465c4cfab94fcffd265e8eabd9d46173bcc2f26f22ab074,prompts/agent-product-launches/runs/foundation-pvp_waiin.com_2026-05-13.json
prompts/agent-product-launches/runs/foundation-pvp_waiter.com_2026-05-13.json,25c277a32c62bee4189b80b450569cd039ffea17,21d5978503072bea7312d38566c67f2a31e371bdcf3f4285168becbdfcfa5251,prompts/agent-product-launches/runs/foundation-pvp_waiter.com_2026-05-13.json
prompts/agent-product-launches/runs/foundation-pvp_waterford.org_2026-05-13.json,9b7b7d9ffb20453ed76843b013aa120cddb66e59,d776bd711125ae45d058ecf0723784dc741d7d2dd9a70746c81ec650de4b3bc3,prompts/agent-product-launches/runs/foundation-pvp_waterford.org_2026-05-13.json
prompts/agent-product-launches/runs/foundation-pvp_watermarkinsights.com_2026-05-13.json,3f71931ee255012d5f0e4e03ed85bdff49212c31,6d7c1f1c580cc987545930f47194f4966c7810ff414a22295e4f87131e2e1daf,prompts/agent-product-launches/runs/foundation-pvp_watermarkinsights.com_2026-05-13.json
prompts/agent-product-launches/runs/foundation-pvp_watlow.com_2026-05-13.json,39ada694821e277c39b223ede7cce5cfe9605630,b3f9e25b58e0482c2905a713ab4b2e4401ef23bcb9ad552905016a8aeed78df2,prompts/agent-product-launches/runs/foundation-pvp_watlow.com_2026-05-13.json
prompts/agent-product-launches/runs/foundation-pvp_wattmonk.com_2026-05-13.json,7e14eeeb6088fc9a3801800d18dbc79f777c62bb,e6177936aeefb28e3a668cfcd90fcef38f741cfc6eff962f12fd0566f6565a14,prompts/agent-product-launches/runs/foundation-pvp_wattmonk.com_2026-05-13.json
prompts/agent-product-launches/runs/foundation-pvp_wave-access.com_2026-05-13.json,2dcb5bec1aeb93a3a627b8af1f9b44e2075ddc94,14c11f85f8c9a1fafff11f4e0391695905247b516206a23051f033c0fc3b0635,prompts/agent-product-launches/runs/foundation-pvp_wave-access.com_2026-05-13.json
prompts/agent-product-launches/runs/foundation-pvp_wavicledata.com_2026-05-13.json,2b10cbc8e736f4f94603585e6e58750659f749e7,5f04a9500b7b13c8de3480971d839feab04cf708fec32f08186ffb1c129d376e,prompts/agent-product-launches/runs/foundation-pvp_wavicledata.com_2026-05-13.json
prompts/agent-product-launches/runs/foundation-pvp_wazuh.com_2026-05-13.json,8c288be189c6b4418740f13b4a80387cc69fa3f5,81b1800afbcb236bd43a7d86efe2681643bbbe83a0fdc38ff9013139e13e0350,prompts/agent-product-launches/runs/foundation-pvp_wazuh.com_2026-05-13.json
prompts/agent-product-launches/runs/foundation-pvp_weareevery.com_2026-05-13.json,2f1565e52993e9def514039690cc2e5ec02095ad,c764a6b3d4f52fa8005048dfa5eddacc6a6f532c6407bab9778849a0a23662ab,prompts/agent-product-launches/runs/foundation-pvp_weareevery.com_2026-05-13.json
prompts/agent-product-launches/runs/foundation-pvp_wearefka.com_2026-05-13.json,9a4d4f1008a8d18acd040dc7be01b327a08cee2d,fa941712ad7306b286d4d628a0fa347aa38d4c9cfb9d141d2d8830e90630db40,prompts/agent-product-launches/runs/foundation-pvp_wearefka.com_2026-05-13.json
prompts/agent-product-launches/runs/foundation-pvp_wearepay.uk_2026-05-13.json,955a7b7fcf352639aa9efe33d6555ca2f399fb10,2446bc17265e309ab1e264e33d70150835950c99effbf8258b326d0cd1a85719,prompts/agent-product-launches/runs/foundation-pvp_wearepay.uk_2026-05-13.json
prompts/agent-product-launches/runs/foundation-pvp_weaver.com_2026-05-13.json,aaa26ba44b8dc8771481c036a360ed9065406d7c,a55e4f9eb19e43398b1b931e4c97c6d3a21fe88247caa46c92f4ca5a822e57b5,prompts/agent-product-launches/runs/foundation-pvp_weaver.com_2026-05-13.json
prompts/agent-product-launches/runs/foundation-pvp_webmdhealthservices.com_2026-05-13.json,12d154b9d7e6cdf6b4c4b851e4415ddf8e4396a8,cf750149635ecb015d9db07e7d511a1f24917776cd8c3202a4a1df00d6bfdaf7,prompts/agent-product-launches/runs/foundation-pvp_webmdhealthservices.com_2026-05-13.json
prompts/agent-product-launches/runs/foundation-pvp_webmdignite.com_2026-05-13.json,10178410b893715317e614cd00766e4bf3bb71b8,e96f0fe5ab9f5fa2857d8a6365f1160bc30116ce9a6cbfb7179ea880b1da614f,prompts/agent-product-launches/runs/foundation-pvp_webmdignite.com_2026-05-13.json
prompts/agent-product-launches/runs/foundation-pvp_webosose.org_2026-05-13.json,7564749c9a3f9f034651230a9e124434acb8a8c5,d55597cc1470d48ddd7add1b4010591df9026746a2e45f39b7ac950be8aaf43b,prompts/agent-product-launches/runs/foundation-pvp_webosose.org_2026-05-13.json
prompts/agent-product-launches/runs/foundation-pvp_webspiders.com_2026-05-13.json,c8db8053ed8428a181a4d0d530302ef9eb680dcf,ce043ec2b7f8076f631ab153d4ecd88cddc300eaee397f220320a216474d18ff,prompts/agent-product-launches/runs/foundation-pvp_webspiders.com_2026-05-13.json
prompts/agent-product-launches/runs/foundation-pvp_weichertworkforcemobility.com_2026-05-13.json,4a5cffa7f53b146ac35efc1626c67686275e8aa7,9e168066b79279b8635021d0e9b24111270488a1801c2d1643a4a3864434de47,prompts/agent-product-launches/runs/foundation-pvp_weichertworkforcemobility.com_2026-05-13.json
prompts/agent-product-launches/runs/foundation-pvp_wellcove.com_2026-05-13.json,9c5339dc0d332315782785e08d68849e1fd911a1,5729289609b848b58d71fe5c5b855280cf9d5f1a2329ee1e5c128ac025dfe1b7,prompts/agent-product-launches/runs/foundation-pvp_wellcove.com_2026-05-13.json
prompts/agent-product-launches/runs/foundation-pvp_weststarbank.com_2026-05-13.json,be440ffe591403ed2a2420e46d6fddc2dfd0e38e,190144cbc835a4eca401874147fd51d7e58c2bb0b48ebaac8336baa06f4e74b3,prompts/agent-product-launches/runs/foundation-pvp_weststarbank.com_2026-05-13.json
prompts/agent-product-launches/runs/foundation-pvp_wgsn.com_2026-05-13.json,92dbe99311f3f0a053af6a62efc5900727c37df7,39443d0977ecf1a6bd5bc3156f1df1bf4369230fa10dd4e36013118d6063d88b,prompts/agent-product-launches/runs/foundation-pvp_wgsn.com_2026-05-13.json
prompts/agent-product-launches/runs/foundation-pvp_whitewaterwest.com_2026-05-13.json,ebd92816a0030ba2bc6a989d6539be224b0632e1,3702e57bf35af68e3ba69ed660902efe0db903b73af59ce873fc3e84342bd3c7,prompts/agent-product-launches/runs/foundation-pvp_whitewaterwest.com_2026-05-13.json
prompts/agent-product-launches/runs/foundation-pvp_whitlock.com_2026-05-13.json,ea04362b71009a5f473b60025e987ebeb1ae3933,8d1a64cff6d47a5bd945db9451d986ea3672376d4ded9d81664ed9770c67c2da,prompts/agent-product-launches/runs/foundation-pvp_whitlock.com_2026-05-13.json
prompts/agent-product-launches/runs/foundation-pvp_wholesalepayments.com_2026-05-13.json,6fdc4c469c925040dfed3e483f9bacb9713d5c8e,49e69993a6d5f5be9ebb149421286c229f49940c4275737dc735695007a0fef7,prompts/agent-product-launches/runs/foundation-pvp_wholesalepayments.com_2026-05-13.json
prompts/agent-product-launches/runs/foundation-pvp_wibmo.co_2026-05-13.json,d1af25fb3bb764b78938cb021af945fa00487962,2af06b26275623938edf9cb6dc1bdefb7a55af962ec6e79b6fbac7918f22794c,prompts/agent-product-launches/runs/foundation-pvp_wibmo.co_2026-05-13.json
prompts/agent-product-launches/runs/foundation-pvp_wideorbit.com_2026-05-13.json,53b8ff6346f1848c857fa07334055f19157982e0,695e5d44ab200870ddd827b5117f3ad90f6735610b8b9362fec0902dad1a4ec1,prompts/agent-product-launches/runs/foundation-pvp_wideorbit.com_2026-05-13.json
prompts/agent-product-launches/runs/foundation-pvp_wilcosource.com_2026-05-13.json,8cb96092150be2cad95d9a4655a44bea4cdcdd61,d20be4399e17af8aa35fc9335e2192c208f62e5351abb26b78f8131b31756b4d,prompts/agent-product-launches/runs/foundation-pvp_wilcosource.com_2026-05-13.json
prompts/agent-product-launches/runs/foundation-pvp_willdom.com_2026-05-13.json,0a79f61027a2e1efd5f5e6a310e2fdc2ee06c017,81853a8069af8948c281148774415009f2904bd3003652e97327b9d8ffc70d3f,prompts/agent-product-launches/runs/foundation-pvp_willdom.com_2026-05-13.json
prompts/agent-product-launches/runs/foundation-pvp_willowtreeapps.com_2026-05-13.json,1e44c128fc8702527f9f7f86130bc635cd3244e5,41ee4763207f8ae74581ce162a46ebdceb9a212110a9ca3f74eaa7b8e1e89c35,prompts/agent-product-launches/runs/foundation-pvp_willowtreeapps.com_2026-05-13.json
prompts/agent-product-launches/runs/foundation-pvp_winfieldunited.com_2026-05-13.json,5ec7ce3b8d9a710446bfb6d271395bb8fae20171,9cb9302e997f08d5b4cbbc2e5d81ea0cb21fd64b57150cd77e1f015f43ef0fb8,prompts/agent-product-launches/runs/foundation-pvp_winfieldunited.com_2026-05-13.json
prompts/agent-product-launches/runs/foundation-pvp_winfosolutions.com_2026-05-13.json,901ed5be33053a67b33941c28eef8792bd801da5,fdd5302adf72f877e25672b0eb1b768636185a387351a1b987483675975cda94,prompts/agent-product-launches/runs/foundation-pvp_winfosolutions.com_2026-05-13.json
prompts/agent-product-launches/runs/foundation-pvp_winterflood.com_2026-05-13.json,81da094c37553c78325d912a47205297ad221960,863487f298582e1c2c48b803b6993f6b8293485e1429935ce61899d600f5d1d0,prompts/agent-product-launches/runs/foundation-pvp_winterflood.com_2026-05-13.json
prompts/agent-product-launches/runs/foundation-pvp_winwire.com_2026-05-13.json,9978ef4552626f96e443833d9ec546555b672a0c,c072f9253904ce97fbba413e17cbba74c5b36f11f0d30e640c153858a8a69c7d,prompts/agent-product-launches/runs/foundation-pvp_winwire.com_2026-05-13.json
prompts/agent-product-launches/runs/foundation-pvp_withum.com_2026-05-13.json,fad1e0bc3f3c6d4ffa4c63856bbaa70ca8360af6,0607a56abf3e3191d75e1af1772ed5fb1bc7e966a3387e9b930fb29b615de5ee,prompts/agent-product-launches/runs/foundation-pvp_withum.com_2026-05-13.json
prompts/agent-product-launches/runs/foundation-pvp_wkelmsolutions.com_2026-05-13.json,6243c31c839a27cc5dc336234443c689f297039b,1b14013b3778566a148cbb4477aeb7b16c368f291f395bc1df3710cfde79c5aa,prompts/agent-product-launches/runs/foundation-pvp_wkelmsolutions.com_2026-05-13.json
prompts/agent-product-launches/runs/foundation-pvp_wolfram.com_2026-05-13.json,1f947b543c6f3aca5e3d8ff4ed2439e599e03317,a685dd5f98dfc253580f691465ba96f137b153006a9c5976d16987dd1ac1a581,prompts/agent-product-launches/runs/foundation-pvp_wolfram.com_2026-05-13.json
prompts/agent-product-launches/runs/foundation-pvp_wolterinc.com_2026-05-13.json,be79b955ad03a224664682ad5d6ec5674b0ee238,fe4b854be328bbcec175df7b8f7f6df0f2de32f2141a776dfa7a94ecee276d80,prompts/agent-product-launches/runs/foundation-pvp_wolterinc.com_2026-05-13.json
prompts/agent-product-launches/runs/foundation-pvp_wonderbotz.com_2026-05-13.json,084dba8839ef50eb82e826434e7428d66da74a30,14936096208b446ac5866b527580ae237136db45322f5965f0763fb19b61fd0c,prompts/agent-product-launches/runs/foundation-pvp_wonderbotz.com_2026-05-13.json
prompts/agent-product-launches/runs/foundation-pvp_woodruffsawyer.com_2026-05-13.json,5af2dbd87b95701667c6c6621234013c252ef180,33101d9ff42a60e5c45fdc9202863c4918d702b7d03a46448e1d8c300e348cfb,prompts/agent-product-launches/runs/foundation-pvp_woodruffsawyer.com_2026-05-13.json
prompts/agent-product-launches/runs/foundation-pvp_workforcesoftware.com_2026-05-13.json,41b51c63b0560ddfe28eab8c35ab01fadb91b839,175eea9bf6bf78fe3a97bbb8786e19a9674597bf56dc56680d2231957f1d10b4,prompts/agent-product-launches/runs/foundation-pvp_workforcesoftware.com_2026-05-13.json
prompts/agent-product-launches/runs/foundation-pvp_workpartners.com_2026-05-13.json,69cb5b32f80a12f2f9c167dacd57fc66ff65fe09,71c37f5e6ad085697ebf82db8bb77692cc8af4a376c3fdb8a02ae7ab5d7c726c,prompts/agent-product-launches/runs/foundation-pvp_workpartners.com_2026-05-13.json
prompts/agent-product-launches/runs/foundation-pvp_worldbook.com_2026-05-13.json,1103bc81b00072d98c32c124762ba6cbfc8f2f00,ca15f0ccd1b39350228f545b49b7866a1b1f678a16834c07cbff4f4600e0a041,prompts/agent-product-launches/runs/foundation-pvp_worldbook.com_2026-05-13.json
prompts/agent-product-launches/runs/foundation-pvp_wsd.tech_2026-05-13.json,2a37dd29c7014f7c197b70e7bada206aa6e04ca7,d77f71987407795ece339e6c469f0b05d568c25f4ecdd5f1673b9f8ef5c29852,prompts/agent-product-launches/runs/foundation-pvp_wsd.tech_2026-05-13.json
prompts/agent-product-launches/runs/foundation-pvp_wwex.com_2026-05-13.json,8a0c5c588bd33687a6b4fd050690e4077da4629e,6c1884d07e967dbc2d0123ec3ab24a54c086857804ce645bb4690c8948bd1e1a,prompts/agent-product-launches/runs/foundation-pvp_wwex.com_2026-05-13.json
prompts/agent-product-launches/runs/foundation-pvp_x-team.com_2026-05-13.json,5d948ccf5f1dade1f0b23d58d6cd987e5af1d428,6a9df7e0eb3030b60c883a5e858ba4d755d0c132a746aea4ab771c3534284f4a,prompts/agent-product-launches/runs/foundation-pvp_x-team.com_2026-05-13.json
prompts/agent-product-launches/runs/foundation-pvp_xactware.com_2026-05-13.json,ca92f7bc150df01817b9db98cf09073ada478db1,524a23201b7d134927970cc687f52bc951793cc7a596bdcc9fd353c706f85019,prompts/agent-product-launches/runs/foundation-pvp_xactware.com_2026-05-13.json
prompts/agent-product-launches/runs/foundation-pvp_xalient.com_2026-05-13.json,1a0e2f270e97e9e47c56e1a52cbcf3ffbacd21f6,ae983738c284d4b993f5f034d62ae9acae2d53dc4fe14e5d4b0272a1fe5470ad,prompts/agent-product-launches/runs/foundation-pvp_xalient.com_2026-05-13.json
prompts/agent-product-launches/runs/foundation-pvp_xandr.com_2026-05-13.json,204d7ba82e0683f49ef367c5b95a1f1c2ddec621,0afd1921a17fabeb651c8053ebc3f50d940957ff85b54be3219fa76976070710,prompts/agent-product-launches/runs/foundation-pvp_xandr.com_2026-05-13.json
prompts/agent-product-launches/runs/foundation-pvp_xciteauto.com_2026-05-13.json,36a19c2f7bced0dbc76cd5452747a9a8bef1ee45,80bb5545fa41f730485379b1e8ae4fbf6b2e6d71634a2bdfe2e55b320ab533c9,prompts/agent-product-launches/runs/foundation-pvp_xciteauto.com_2026-05-13.json
prompts/agent-product-launches/runs/foundation-pvp_xe.com_2026-05-13.json,ad95a8ab8a4434a2209e6a3f23306fd03419b067,26184d72f0c3f840668ff3cf645d6403b46d4d1c71e9a7a8a4b184d4bbac4bb3,prompts/agent-product-launches/runs/foundation-pvp_xe.com_2026-05-13.json
prompts/agent-product-launches/runs/foundation-pvp_xendit.co_2026-05-13.json,5ca2eafe68eb998680fb5b93b5fb044496da6b7a,cee2add669c0fd327e0f6908822fb11c2d2f6d065e577ecb1c33b62ca9d95667,prompts/agent-product-launches/runs/foundation-pvp_xendit.co_2026-05-13.json
prompts/agent-product-launches/runs/foundation-pvp_xenial.com_2026-05-13.json,873e9c09caee5b3fb63e8fc2dc44d857a4ec2095,787145dd0e4ddb9f9a820e8986c1efeba8606e12c23d40b167941c615ab99034,prompts/agent-product-launches/runs/foundation-pvp_xenial.com_2026-05-13.json
prompts/agent-product-launches/runs/foundation-pvp_xerago.com_2026-05-13.json,51af0807cc9a52184cbeb7b2bf368e6568ccee56,8eeacf3eaf38c4be60173d96e6a06ce5200da2c6961b5b683b162e98d0c1b034,prompts/agent-product-launches/runs/foundation-pvp_xerago.com_2026-05-13.json
prompts/agent-product-launches/runs/foundation-pvp_xln.co.uk_2026-05-13.json,21e836d4f41e19fd604674402b73484d94d701dd,e904a55e899fb4f137cc8fca98cd9c4cb901d96056cfefe8d98d864345f6c3f8,prompts/agent-product-launches/runs/foundation-pvp_xln.co.uk_2026-05-13.json
prompts/agent-product-launches/runs/foundation-pvp_xperience-group.com_2026-05-13.json,b2ec1df9b2cb6cbd39e4c2ee33be8e64c5645ab0,08acb46fdd042208ccc90445630a4922ea0181e6be31a687f0c9c756786b29b3,prompts/agent-product-launches/runs/foundation-pvp_xperience-group.com_2026-05-13.json
prompts/agent-product-launches/runs/foundation-pvp_xplorpay.com_2026-05-13.json,a817e28dc2a7d0362c5d045e77491626469eee0e,ed00e4e7c4aeb0baae2f6ad9f6628036a32445871ecf3c0af5ccdc084ffa95f5,prompts/agent-product-launches/runs/foundation-pvp_xplorpay.com_2026-05-13.json
prompts/agent-product-launches/runs/foundation-pvp_xr.global_2026-05-13.json,181ee197b1eaa2c650f584293294266f299d9dcb,a22d0b9b3b6df6e5f5049eacf4dd1902c669f0f8a7bd856233e63ae40e918df2,prompts/agent-product-launches/runs/foundation-pvp_xr.global_2026-05-13.json
prompts/agent-product-launches/runs/foundation-pvp_xtendhealthcare.net_2026-05-13.json,bf0595601dd889f644fe2da75c96ae26e0c32a43,ab57c27d21e4cf20a4b0e83f12f589a7edc85fa1628601f91bab87fc42484ca6,prompts/agent-product-launches/runs/foundation-pvp_xtendhealthcare.net_2026-05-13.json
prompts/agent-product-launches/runs/foundation-pvp_xtendops.com_2026-05-13.json,4fc7ea62650c1cd60539e1240539694f74c506ff,58fcca1c5eed6000b2dd6dff5d075cc067ed62d3abb08b19ff0a5e672f7fe3fb,prompts/agent-product-launches/runs/foundation-pvp_xtendops.com_2026-05-13.json
prompts/agent-product-launches/runs/foundation-pvp_xtglobal.com_2026-05-13.json,8152a13d0dcebac0ce604dfd6d23403fd2c408d3,d6cb7d4a51e3cafb634b68c769644b3d6e326881f70074aa3bd02128b408f1d3,prompts/agent-product-launches/runs/foundation-pvp_xtglobal.com_2026-05-13.json
prompts/agent-product-launches/runs/foundation-pvp_xtium.com_2026-05-13.json,acee5e94b74fbb39a4dd8fede6853c20b6dbde99,6f0a66169fce17901ea115303b961b5188198e6509f96042ea090e765f890c4e,prompts/agent-product-launches/runs/foundation-pvp_xtium.com_2026-05-13.json
prompts/agent-product-launches/runs/foundation-pvp_xtivia.com_2026-05-13.json,d7cdc8a0bfe2482782d66899dabb0ef84b03368f,e3778ab2a03da2e1117f9835038e8feb6e0aeca6f0d319c1a711e255e4b20e04,prompts/agent-product-launches/runs/foundation-pvp_xtivia.com_2026-05-13.json
prompts/agent-product-launches/runs/foundation-pvp_yantrainc.com_2026-05-13.json,8780203fd89e968d56f7b10794792389a2baa749,278fe6f3db2b10ae630fa08952ff50dbec576991753c8921d1a692c300146fc6,prompts/agent-product-launches/runs/foundation-pvp_yantrainc.com_2026-05-13.json
prompts/agent-product-launches/runs/foundation-pvp_yesenergymanagement.com_2026-05-13.json,5c0ef3af0fec173296f6235cba683d5a808732b0,310daa47af137c2797f362e835fbf4d3b81b8f2153df66a47e0b074c0d5c8ccc,prompts/agent-product-launches/runs/foundation-pvp_yesenergymanagement.com_2026-05-13.json
prompts/agent-product-launches/runs/foundation-pvp_yeslifecyclemarketing.com_2026-05-13.json,7b10bb4369e031dc8ca9fdefea8157940250d408,cab858ac0a26c3d55cc1f4b6b60427f0274d06658350a25fe97a7d6dbcfa8eb3,prompts/agent-product-launches/runs/foundation-pvp_yeslifecyclemarketing.com_2026-05-13.json
prompts/agent-product-launches/runs/foundation-pvp_yesss.co.uk_2026-05-13.json,5d81361a1640e6797955bfbc4c4eee0025392504,94b0e6d623a51be395570545c2779b7daadcfd2255d95986f8ee21b286c5059a,prompts/agent-product-launches/runs/foundation-pvp_yesss.co.uk_2026-05-13.json
prompts/agent-product-launches/runs/foundation-pvp_yorksolutions.net_2026-05-13.json,f08c35db67b90fe71bf116552a67945a4712f312,596cb0e2174f60ac0393bf3aa8d5613937ad26ec62ad5b20dbbf89df90e69c39,prompts/agent-product-launches/runs/foundation-pvp_yorksolutions.net_2026-05-13.json
prompts/agent-product-launches/runs/foundation-pvp_youi.com.au_2026-05-13.json,08152010861560f216f55bb6d2a29df6d5addc21,f3f40dc3119631192e05a14c1c967c09af580430d595d3ecb42fc92d7888c6c0,prompts/agent-product-launches/runs/foundation-pvp_youi.com.au_2026-05-13.json
prompts/agent-product-launches/runs/foundation-pvp_zadv.com_2026-05-13.json,ee91e83480e1a7f0062d5433880b9ff423f04304,fb0ea3f1b23dce968ad9131b53e47b415375b893ab86e9bc4e728f5039a62d9c,prompts/agent-product-launches/runs/foundation-pvp_zadv.com_2026-05-13.json
prompts/agent-product-launches/runs/foundation-pvp_zapcom.ai_2026-05-13.json,f8fa88bc45f4a2cb6f691d825e6112af2a50b799,0193c4dcbc1719089cf34e9deb954fab8ba21783b9585659f094147a89ec2396,prompts/agent-product-launches/runs/foundation-pvp_zapcom.ai_2026-05-13.json
prompts/agent-product-launches/runs/foundation-pvp_zelarsoft.com_2026-05-13.json,72f0b2e46e40a1b4d26d32d18a67dc858696ee9c,6fb21c85ca7bd3245ef245f5c45ee9930a2db50637bf553f63675446ca707e2f,prompts/agent-product-launches/runs/foundation-pvp_zelarsoft.com_2026-05-13.json
prompts/agent-product-launches/runs/foundation-pvp_zen3tech.com_2026-05-13.json,8c5e89bfe420762ea049355bd8020a451dddfd8a,af522b508aafa3dd216ac38d1c6d49d0cf5dd5442e6394f84fa122accfd416c2,prompts/agent-product-launches/runs/foundation-pvp_zen3tech.com_2026-05-13.json
prompts/agent-product-launches/runs/foundation-pvp_zenefits.com_2026-05-13.json,abd83db50e2389152c7058ae418ceaa7c6744b45,310f83769d7e6db7fc37dcc4e361518b894971eccfa3462dddfe0325dd6bf549,prompts/agent-product-launches/runs/foundation-pvp_zenefits.com_2026-05-13.json
prompts/agent-product-launches/runs/foundation-pvp_zennio.com_2026-05-13.json,dda1fdde11bf166d0b53345d6d4b8a7a82f95f7a,0ccf09c2101af2d7c2d9d8259e8d05804796712c3f73e51d0aa5cea12e5c1143,prompts/agent-product-launches/runs/foundation-pvp_zennio.com_2026-05-13.json
prompts/agent-product-launches/runs/foundation-pvp_zifornd.com_2026-05-13.json,a7ded25ec3e1e344b814537f880feebeb4a170dd,e71de5ac146b57b5d38db742096f6d54d7904e4b9236b723b98a6d4e2671371c,prompts/agent-product-launches/runs/foundation-pvp_zifornd.com_2026-05-13.json
prompts/agent-product-launches/runs/foundation-pvp_zinnov.com_2026-05-13.json,ec0647171c85632e4acffb375e32a55507a670f0,b0c114abb161b25bb80aabd2f6df30f8f72a5db91a5549d69c5d00978e60503b,prompts/agent-product-launches/runs/foundation-pvp_zinnov.com_2026-05-13.json
prompts/agent-product-launches/runs/foundation-pvp_zipmoney.com.au_2026-05-13.json,5fe1758f970894ec224201bde55abed65e7c0c77,2f89fc2ec0cf2df5fbd1845605c91ac826e2a4e7fa28ae71b72481f6cad2dd9b,prompts/agent-product-launches/runs/foundation-pvp_zipmoney.com.au_2026-05-13.json
prompts/agent-product-launches/runs/foundation-pvp_zolldata.com_2026-05-13.json,39106e37359b47af3d17e1961e67c0341a2ef0a7,58a7022e0ae383d0333dc9c72806f72486f2d1754176ed22c87aa19a7fdbacde,prompts/agent-product-launches/runs/foundation-pvp_zolldata.com_2026-05-13.json
prompts/agent-product-launches/runs/foundation-pvp_zolon.com_2026-05-13.json,963cc81041e7b4d3e351e67985792a236abf1f9c,a609de8a2b2728e188c8b6423549181d98943cf4fef2f544be9a75b9a6c4fec6,prompts/agent-product-launches/runs/foundation-pvp_zolon.com_2026-05-13.json
prompts/agent-product-launches/runs/foundation-pvp_zonarsystems.com_2026-05-13.json,515e34670ca9bb40aca1992fec33990830f7fb90,a7e329a92bf95e9061dabae1786518538668d7094a291c8dc4bab85e6efcc947,prompts/agent-product-launches/runs/foundation-pvp_zonarsystems.com_2026-05-13.json
prompts/agent-product-launches/runs/foundation-pvp_zones.com_2026-05-13.json,6b4d403b117023eac3f4b03eb000240d114b4b71,b5e5d53574ae04a343aadbf7dd5939290cceb581c266ea7c3e30d53683814304,prompts/agent-product-launches/runs/foundation-pvp_zones.com_2026-05-13.json
prompts/agent-product-launches/runs/foundation-pvp_zoodigital.com_2026-05-13.json,0d4a9c43ec282c3e66a740854ee0bd428c0ddf1a,0b67811ecc992060d9c0b0eea7a90b8ce78f591c0addc216c78a884193d47cc0,prompts/agent-product-launches/runs/foundation-pvp_zoodigital.com_2026-05-13.json
prompts/agent-product-launches/runs/foundation-pvp_zoolatech.com_2026-05-13.json,9c17ac7ae9ed4eb25df95ab820193740c225b652,2191c99e25d5c3b59da90e171de5ee8f7d8dcad81c7fe9ab914bc39659d0710a,prompts/agent-product-launches/runs/foundation-pvp_zoolatech.com_2026-05-13.json
prompts/agent-product-launches/runs/foundation-pvp_ztr.com_2026-05-13.json,66346fe636aa117a548b1bffd60300d013bff214,ece2c5eb6aa049352cd51d7bc0807e8c4ac8cffdc16fe42be62dd9b615251e1b,prompts/agent-product-launches/runs/foundation-pvp_ztr.com_2026-05-13.json
prompts/agent-product-launches/runs/foundation-pvp_zymoresearch.com_2026-05-13.json,02768600030ab3e043c36bdac148da9b1a6afe36,20399bfe2f6fa0d76288190dba2ff171a42b3a14e04eb50cf1896259048552dc,prompts/agent-product-launches/runs/foundation-pvp_zymoresearch.com_2026-05-13.json
prompts/agent-product-launches/runs/manual_uworld.com_2026-05-13.json,18222cb681a4e90e71d40b27f691a0f9d209d5cc,05eb715477246e7292a80ad7fe8d1735da219b82bdeaeb76b6327c87a14e032d,prompts/agent-product-launches/runs/manual_uworld.com_2026-05-13.json
prompts/agent-product-launches/runs/unknown_aitworldwide.com_2026-05-13.json,c0a2f4b21301869dbdd9507c80031775d4d84199,00b6195f4a62d0616a5f0759618c886af66e8394d30725bf8397d530324ac2ef,prompts/agent-product-launches/runs/unknown_aitworldwide.com_2026-05-13.json
prompts/agent-product-launches/runs/unknown_ascenderhcm.com_2026-05-13.json,17e1911c694e14ea5deff12526395ac8fcc4f6b9,504b9c78ae2f5bde00f78a6127f96689007976a7fb302238b26b822726e64aea,prompts/agent-product-launches/runs/unknown_ascenderhcm.com_2026-05-13.json
prompts/agent-product-launches/runs/unknown_auria.space_2026-05-13.json,d54460bd04291b20d157ea6df738f5b3d7df1187,6560fb841c705405339b04cdb35ec31afbda5678acbe83b8defbce3b6f925b07,prompts/agent-product-launches/runs/unknown_auria.space_2026-05-13.json
prompts/agent-product-launches/runs/unknown_dmeserve.com_2026-05-13.json,e7b7756a73252f5818e125246502a9b724b3df77,53235779899991cc2d2c9233e2f817fd35cc09394aca5885918dec7ae2cf69a4,prompts/agent-product-launches/runs/unknown_dmeserve.com_2026-05-13.json
prompts/agent-product-launches/runs/unknown_fareharbor.com_2026-05-13.json,b9611fdacd440fa31327396ef200c8d1a5baba00,be08710a395319b66daf91a9670ea73e6f1e0924e9760858d83984b9dbd8662a,prompts/agent-product-launches/runs/unknown_fareharbor.com_2026-05-13.json
prompts/agent-product-launches/runs/unknown_folio3.com_2026-05-13.json,34b00595e364286b57a25ce718a131eb00b08958,a3dac98c41c6abdcdde05606ec4a1f339e66490b1af87b1a0ef5d5afae0f0c20,prompts/agent-product-launches/runs/unknown_folio3.com_2026-05-13.json
prompts/agent-product-launches/runs/unknown_follettsoftware.com_2026-05-13.json,79b3d4eaf7441a1b90ecc7f6829c6040e27cd852,86d0a49bf16c3cd0e72d04ed721d19448cfbc66cbd344f057c469f9c081894c1,prompts/agent-product-launches/runs/unknown_follettsoftware.com_2026-05-13.json
prompts/agent-product-launches/runs/unknown_forsta.com_2026-05-13.json,e19dc9b0c89884edf5fb35b58b501511c3e91c50,1da3e536da675b0f7f4af9552244793fba1862e3b6844005a4da78b9d9fff774,prompts/agent-product-launches/runs/unknown_forsta.com_2026-05-13.json
prompts/agent-product-launches/runs/unknown_forterro.com_2026-05-13.json,5f1591d8268795fe0e9c92c95eaa66800815122e,bd0b38c65eebb8ddbd9cc3261620ddbbbf2523fcf96948e45dbd57e0d06cbecb,prompts/agent-product-launches/runs/unknown_forterro.com_2026-05-13.json
prompts/agent-product-launches/runs/unknown_itagroup.com_2026-05-13.json,7912cb7d2e4c06b81bbf118486719c64fe5be778,cf2a1eb982dcef5e725c35d7bfe5bb8bf127ce87db358621ffbbaba9a1845691,prompts/agent-product-launches/runs/unknown_itagroup.com_2026-05-13.json
prompts/agent-product-launches/runs/unknown_lendscape.com_2026-05-13.json,ffef73a3588accd87c65a73a4a660ae2734ba7f5,94e8ef5309578fea8e3893bd5f40e46e52cb797a478ba8c23dd47571e95d5475,prompts/agent-product-launches/runs/unknown_lendscape.com_2026-05-13.json
prompts/agent-product-launches/runs/unknown_listrak.com_2026-05-13.json,922241fcfde77d93631625f04b36cc011848dc1c,4be6acf07843c30c394d4689df0cf18ddcdfc984f00ded2b6e7a7c1aa87a6235,prompts/agent-product-launches/runs/unknown_listrak.com_2026-05-13.json
prompts/agent-product-launches/runs/unknown_macquarietelecom.com_2026-05-13.json,e7a10d7bb33169c3175c4e6d8819e156ca1973e8,6cf018becde10181bdbf7575848e59420c6ad1ccd67ee83c0ca66f4d17795d21,prompts/agent-product-launches/runs/unknown_macquarietelecom.com_2026-05-13.json
prompts/agent-product-launches/runs/unknown_medidata.com_2026-05-13.json,7cc82b1b5ffd2d1d86d3c6062db2df33f0097033,5e67fc27c760b14ad991003e19fe3923a7eef0568755954723801fb3dba1e285,prompts/agent-product-launches/runs/unknown_medidata.com_2026-05-13.json
prompts/agent-product-launches/runs/unknown_mgid.com_2026-05-13.json,1d59ea3f10e6181cbf8fd9ab6e242d4b0cd06c05,5dbfcf27fd86afbd4d8283329228bc831d833e67639b1a1f5a93590f37a87193,prompts/agent-product-launches/runs/unknown_mgid.com_2026-05-13.json
prompts/agent-product-launches/runs/unknown_mrocorp.com_2026-05-13.json,064753179509a1ae4f2bf342582c5b476f82cf1a,4466222603b571da7471034cea5a649655dbb1b33de67ee3106e8616e385c91b,prompts/agent-product-launches/runs/unknown_mrocorp.com_2026-05-13.json
prompts/agent-product-launches/runs/unknown_rightworks.com_2026-05-13.json,b15bef8f76519d22a434b4842bf7f7bbe017f5ff,e60db8217c85f2fcacd5cb6e277de63fa21b7cac3aa0402d056a597a9ef73e26,prompts/agent-product-launches/runs/unknown_rightworks.com_2026-05-13.json
prompts/agent-product-launches/runs/unknown_speareducation.com_2026-05-13.json,512a4d5f2846c8fcda2833475aa23fa098ffbe7a,1f9dc03b937a654edae79d5c588103c5818cfd14ff644ec7c4b170c2cdc993fd,prompts/agent-product-launches/runs/unknown_speareducation.com_2026-05-13.json
prompts/agent-product-launches/runs/unknown_tableau.com_2026-05-13.json,d6c1be326c64e6e45221f740df03d9561d4e3a06,19b7194f5381b9e7e3bdcf0be4dcead96676e50c0b89cadb6b13b79554891a28,prompts/agent-product-launches/runs/unknown_tableau.com_2026-05-13.json
prompts/agent-product-launches/runs/unknown_tblocks.com_2026-05-13.json,b0ef39c20ea928bc8ff2da26e3d9d31dd82fa5e8,5c4195595524d5c9ce4b6c68d9d839660622921b5387a361a4f4a3c90c21dd5d,prompts/agent-product-launches/runs/unknown_tblocks.com_2026-05-13.json
prompts/agent-product-launches/runs/unknown_tudip.com_2026-05-13.json,9e1dab733c957d0853392e1937b8d01ccc5a3ece,b1bc4fa9e35efa6beb86770329920b3687ef8bac4ce51253bfb1adafee214fba,prompts/agent-product-launches/runs/unknown_tudip.com_2026-05-13.json
prompts/agent-product-launches/runs/unknown_tutor.com_2026-05-13.json,07f484a7df2da5cf2cb97163317b7cf754010178,5718c02aebffb6d038ce9601c3854076a0b5ad77813afa08d1848a2db9353959,prompts/agent-product-launches/runs/unknown_tutor.com_2026-05-13.json
prompts/agent-product-launches/runs/unknown_uworld.com_2026-05-13.json,a6919083f744ca29488676f7d071384fd236d7d0,e531ec127fe1c9c8cc893a0be8292ec684ba617497f3f3c0bb31e3cf9d05229f,prompts/agent-product-launches/runs/unknown_uworld.com_2026-05-13.json
prompts/agent-product-launches/runs/unknown_veracross.com_2026-05-13.json,8afefa672d3327be6229a2489c43cf16a0199dec,ae779f21aa5a62bac5e0a5ebff7b35f75984697eabbdb36c1b731a2afa019c60,prompts/agent-product-launches/runs/unknown_veracross.com_2026-05-13.json
prompts/agent-product-launches/runs/unknown_virtuozzo.com_2026-05-13.json,30713bac7239eb48c5fe1c43108658a956942c05,d57ff3b2a6f289847d81e982a53467a1cc62e601a1fd587501c28fc7e7d6f46c,prompts/agent-product-launches/runs/unknown_virtuozzo.com_2026-05-13.json
prompts/agent-product-launches/runs/v010-conf-test_folio3.com_2026-05-13.json,7209180e863c63f35e3461e1b512fd9aa7fcfb29,0c74d065dc8cf12d294eb6fde545ffe46086eb43854426199fa9738c03dc3ee3,prompts/agent-product-launches/runs/v010-conf-test_folio3.com_2026-05-13.json
prompts/agent-product-launches/runs/v010-conf-test_listrak.com_2026-05-13.json,51588d7b8d86811718b8421599dd8b3f454a2878,83c4a0b3b77c715f9a42017a8f56667bb7419680c464c6b5eecae08da9e0bd70,prompts/agent-product-launches/runs/v010-conf-test_listrak.com_2026-05-13.json
prompts/agent-product-launches/runs/v010-conf-test_uworld.com_2026-05-13.json,0458740264e4e60d29c4534a3b425c6b5d80600d,ac2a468ac036b1f6a47605a08b2972e2b1a5bd7d64b3efc3a839baa7cae56d35,prompts/agent-product-launches/runs/v010-conf-test_uworld.com_2026-05-13.json
prompts/agent-product-launches/runs/v010-conf-test_virtuozzo.com_2026-05-13.json,7bdc9b91c71de2d0cdd696b274abb7f9c66cf6bd,d8b64f36d50400abbe4e229cd3acaf724c086beb789dadb197ef8a083140c043,prompts/agent-product-launches/runs/v010-conf-test_virtuozzo.com_2026-05-13.json
prompts/agent-product-launches/runs/v010-conf-v2_folio3.com_2026-05-13.json,189b6a6b62e55a86f0edea653117c30848df70b2,ab66033f31e456111b9fa34e118a7bf63a0fb1988064f325629d32f13ac70a18,prompts/agent-product-launches/runs/v010-conf-v2_folio3.com_2026-05-13.json
prompts/agent-product-launches/runs/v010-conf-v2_tableau.com_2026-05-13.json,590e79de53ecd081809462bc8c898743376c13b3,b764195f83e3e693411298d65a475943454f98ba55c88074e49a1fd6ebe62cb1,prompts/agent-product-launches/runs/v010-conf-v2_tableau.com_2026-05-13.json
prompts/agent-product-launches/runs/v010-conf-v2_uworld.com_2026-05-13.json,6a8a4789a78e77df9161c0a3d668a22b4caba59a,97d28bb8b1bb68024026a6c3214d0d1450d73554a2b89604490d94e7ab5fb7e6,prompts/agent-product-launches/runs/v010-conf-v2_uworld.com_2026-05-13.json
prompts/agent-product-launches/runs/v010-conf-v2_virtuozzo.com_2026-05-13.json,be6b0e79107e4bf7df83d8cabaafff575c230f0a,41e268d4b86a677fe23983b625025961c257568319652711652c54ced39c994b,prompts/agent-product-launches/runs/v010-conf-v2_virtuozzo.com_2026-05-13.json
prompts/agent-product-launches/runs/v010-verify-test_aitworldwide.com_2026-05-13.json,b3afc49081afc9095b2e39aa4c1bad7a52ba63b9,06c23a5ac502b71ff66e52ce3da490e3e0a8b521b5c45f45ee6ad27b21fd82d3,prompts/agent-product-launches/runs/v010-verify-test_aitworldwide.com_2026-05-13.json
prompts/agent-product-launches/runs/v010-verify-test_folio3.com_2026-05-13.json,86113a2f7a612655727dfc61a23cbf214bd6e4b7,f0362e66455c5c1c1129c48a5a9a839e8e864d9b47a531aa4dd68f310669210d,prompts/agent-product-launches/runs/v010-verify-test_folio3.com_2026-05-13.json
prompts/agent-product-launches/runs/v010-verify-test_uworld.com_2026-05-13.json,92fd288d3198341dafccb63cc2d9552c36b64133,1732310934bdab13e5e50ede9a01df1b1ed5bdbdd8a1d0d488c896a4c1265444,prompts/agent-product-launches/runs/v010-verify-test_uworld.com_2026-05-13.json
prompts/agent-product-launches/runs/v010_aitworldwide.com_2026-05-13.json,5413b87483826412fa56b8452aa0a28093fd35d9,3992a707e2878b4321900d5e7604b4ca3484cc3fd4e5ea716507c32bbe84492b,prompts/agent-product-launches/runs/v010_aitworldwide.com_2026-05-13.json
prompts/agent-product-launches/runs/v010_ascenderhcm.com_2026-05-13.json,310c378b309560e59d374305a55932a174b1ddfd,332f94c7c7765a9316556615e03e880a1cb99870f7d66e269253de3b4400a01a,prompts/agent-product-launches/runs/v010_ascenderhcm.com_2026-05-13.json
prompts/agent-product-launches/runs/v010_auria.space_2026-05-13.json,decd16674aed436f9b1adc8bce7cfc129c6e5104,01634ba4a7cc21000ce984a934c8d6ac485aed0cffb944d15e45e61756f6e541,prompts/agent-product-launches/runs/v010_auria.space_2026-05-13.json
prompts/agent-product-launches/runs/v010_dmeserve.com_2026-05-13.json,318515d99c1f4a407aa99940481fc38c67da5a01,b946c4ff37132c32c65e4e3b08305f194ad7c283257665324e4eed0ea75888ec,prompts/agent-product-launches/runs/v010_dmeserve.com_2026-05-13.json
prompts/agent-product-launches/runs/v010_fareharbor.com_2026-05-13.json,e9d5ecb173a61dcf9656ce0102b7e8c785499a66,ddb8725cb5eb683de1d2cb0119b7059649f769a9df9a38a71077d864f56f15b2,prompts/agent-product-launches/runs/v010_fareharbor.com_2026-05-13.json
prompts/agent-product-launches/runs/v010_folio3.com_2026-05-13.json,d0ccccb4f81a02c15b200ad7ce7c76b92bb44cac,213c307525133a3f4eda1f7f27c2748104f95df130dab26ab888d930072eb73e,prompts/agent-product-launches/runs/v010_folio3.com_2026-05-13.json
prompts/agent-product-launches/runs/v010_follettsoftware.com_2026-05-13.json,9858713e9561b1c94c4a6d702c0b1f10960b5703,015b9a7e00b6c616f1cf4707b0089ffeee92ef566cc506dedfc2b21e00854997,prompts/agent-product-launches/runs/v010_follettsoftware.com_2026-05-13.json
prompts/agent-product-launches/runs/v010_forsta.com_2026-05-13.json,cbe24d975502daf2dcd61c245f1c53395866fd6d,2a496958e10e517d556768b3bd54580e1febdd16f1308bd9459f6ded68df9712,prompts/agent-product-launches/runs/v010_forsta.com_2026-05-13.json
prompts/agent-product-launches/runs/v010_forterro.com_2026-05-13.json,1280758a9efa867a8dcc2404363577c01c2528ff,919b66f57a8f30140861163c1d11cc7d3d6dc75e3e5f5994952fef73ba15a49f,prompts/agent-product-launches/runs/v010_forterro.com_2026-05-13.json
prompts/agent-product-launches/runs/v010_itagroup.com_2026-05-13.json,8292d05a1eafabcc7e885f74cba4fd76aeb7a530,2de5ba35824426271f66313b0b26297a1cfed659deb0f063197b2d60d9c4bf21,prompts/agent-product-launches/runs/v010_itagroup.com_2026-05-13.json
prompts/agent-product-launches/runs/v010_lendscape.com_2026-05-13.json,f9411cf0055c64f52495a6d02eb34627c2f264c1,fb9969c13740cae22ac7c9fb9f0ec243ed30c498c3ffb682b7354394b8fd6825,prompts/agent-product-launches/runs/v010_lendscape.com_2026-05-13.json
prompts/agent-product-launches/runs/v010_listrak.com_2026-05-13.json,bd3dd8aeda2e4f0b4b82eb92e72ee28d25dd0b26,04c79b02e72d7006bc22ab5fe932279c45aa8c28530d65564e2ca40f157da6bf,prompts/agent-product-launches/runs/v010_listrak.com_2026-05-13.json
prompts/agent-product-launches/runs/v010_macquarietelecom.com_2026-05-13.json,e36c085b65390942c783cf5ae20317c9eb0a5505,3f0aa273e9d29fd0b375fce0ec2d9528eb515f78a9d01cd72848df102f1673e6,prompts/agent-product-launches/runs/v010_macquarietelecom.com_2026-05-13.json
prompts/agent-product-launches/runs/v010_medidata.com_2026-05-13.json,b414d5f769e249b9e4274f96eddb96cbe6302bdf,6fffec3868b21560ef75bbdaa9eaca31fe0f81efac4623b5e7b1870dd53e3513,prompts/agent-product-launches/runs/v010_medidata.com_2026-05-13.json
prompts/agent-product-launches/runs/v010_mgid.com_2026-05-13.json,6e208a30f7c67f75e20abf8988bb7c71a355c887,ae91373b86e310dabb4ecf5c1d96ff79332d4931da9dedf7d19385c53194e0ef,prompts/agent-product-launches/runs/v010_mgid.com_2026-05-13.json
prompts/agent-product-launches/runs/v010_mrocorp.com_2026-05-13.json,dbbb792ceed10cf941e9adaec894ddf37f7f86e1,6ddfe5cd38290b67b8c92cc3973bb064830bf1c37b6202c05e3a2c7f53cc3fc4,prompts/agent-product-launches/runs/v010_mrocorp.com_2026-05-13.json
prompts/agent-product-launches/runs/v010_rightworks.com_2026-05-13.json,be6f80cd3b2f973c421d8e6587416462faa1e44a,0b57c8b66d693a1fff5366aaf1b92780a0fabed2275e60f0e5f11cdebf7d2d2d,prompts/agent-product-launches/runs/v010_rightworks.com_2026-05-13.json
prompts/agent-product-launches/runs/v010_speareducation.com_2026-05-13.json,b39d51606a3a9622a9b7886eeeddbe1dad117cf1,bf2e4b77fce1cd932da406792b32aa9c42196a05d43df705f4aef656e56a2d48,prompts/agent-product-launches/runs/v010_speareducation.com_2026-05-13.json
prompts/agent-product-launches/runs/v010_tableau.com_2026-05-13.json,463da6ed89b0c68000ae00faaa76ac42640b750d,940a6de6f0d93c3401eeecc30a0b0ab499273643096db781045d18fe50a4e942,prompts/agent-product-launches/runs/v010_tableau.com_2026-05-13.json
prompts/agent-product-launches/runs/v010_tblocks.com_2026-05-13.json,8dabfe63cc12f0bb75e007df0cb2ae9572e34922,b9bdb8e9c0238e3618d2ab8db5c81dae1dbd0a591d2cae71645505132d30e048,prompts/agent-product-launches/runs/v010_tblocks.com_2026-05-13.json
prompts/agent-product-launches/runs/v010_tudip.com_2026-05-13.json,6ba1d93d1b29744f1e1a3d43259d127a7418fbc4,9541e21d0a6a0cead8b51ba8b6b673a302994f24e6ac96e2018dae38978e1723,prompts/agent-product-launches/runs/v010_tudip.com_2026-05-13.json
prompts/agent-product-launches/runs/v010_tutor.com_2026-05-13.json,3bd161ee35c3004c2909089b8c02f38cd195f341,b5902dad4a6375ebfa3b57f4d1fa4a79109d7c841c5845f11bfbbdf66eaaecdd,prompts/agent-product-launches/runs/v010_tutor.com_2026-05-13.json
prompts/agent-product-launches/runs/v010_uworld.com_2026-05-13.json,170b472a5caef7c78bcb54f43909515f652c8d1f,a99ac8b88918f71f4848d3a6f988e1a42d79e5959c63317f816ac9dbb70679b6,prompts/agent-product-launches/runs/v010_uworld.com_2026-05-13.json
prompts/agent-product-launches/runs/v010_veracross.com_2026-05-13.json,2b2e6b426f6b28c3ee4a9540f1ae3659460ac3cc,578275db699336b7255d1022ab21ebde78a70072308e91e058713abe6682e67e,prompts/agent-product-launches/runs/v010_veracross.com_2026-05-13.json
prompts/agent-product-launches/runs/v010_virtuozzo.com_2026-05-13.json,aeb9551ce2526e8fa600354f8b963dbb425ec01a,61989f8e895b6da61464b3758a3a54e16e2902b84224d6c03428bc1ade63ba34,prompts/agent-product-launches/runs/v010_virtuozzo.com_2026-05-13.json
prompts/agent-product-launches/runs/v017_aitworldwide.com_2026-05-13.json,3e98b67fb807353830d9a42f717199e21d141b32,08900dd2dd87634a2ff3f7c7201f2aaf42ce45f7310f469af1827d26ee26fbb9,prompts/agent-product-launches/runs/v017_aitworldwide.com_2026-05-13.json
prompts/agent-product-launches/runs/v017_ascenderhcm.com_2026-05-13.json,8c7b56fbdc9cc396e98cc0e33a3798d924a0ab94,4be69346e5b0e1e5d97f9721fdcd3fbc0c61c74552762638a454440dc34ecee1,prompts/agent-product-launches/runs/v017_ascenderhcm.com_2026-05-13.json
prompts/agent-product-launches/runs/v017_auria.space_2026-05-13.json,a0b6ba737331c4f01ca4cbf9eba3d0c6a4ee31aa,301e56b56ea2828ec0e954de84342145b73f9a7bc4ad6fa449fe9ea7930a9082,prompts/agent-product-launches/runs/v017_auria.space_2026-05-13.json
prompts/agent-product-launches/runs/v017_dmeserve.com_2026-05-13.json,467b0c5b10c78c922e9e2467f43800d88df24887,c626c78d15a78bf754fc7fb414ede35709821227224f569a2d92f5cea51f2d2d,prompts/agent-product-launches/runs/v017_dmeserve.com_2026-05-13.json
prompts/agent-product-launches/runs/v017_fareharbor.com_2026-05-13.json,c376e0ce1efdf2a5f8b825cc1aa7c326c8aaa7fa,c8019b89c2c603e7357243a4e087552e8aaa2d98ca221d37994a0c218d6eb332,prompts/agent-product-launches/runs/v017_fareharbor.com_2026-05-13.json
prompts/agent-product-launches/runs/v017_folio3.com_2026-05-13.json,9df9d39755aaa6ab79996ac77efef57fac265146,68d9733c256aa685f0609f64afcd9dddefb8f8b030ee88761b3940e0a56df4b6,prompts/agent-product-launches/runs/v017_folio3.com_2026-05-13.json
prompts/agent-product-launches/runs/v017_follettsoftware.com_2026-05-13.json,81330c9c3dd36f1535326aaf879da2a75a2e7c41,d382ca0081b8febbf2653f4bbe887d190d45b886f94afe0d7ff60ef2fe4e4cdc,prompts/agent-product-launches/runs/v017_follettsoftware.com_2026-05-13.json
prompts/agent-product-launches/runs/v017_forsta.com_2026-05-13.json,e21786b2655aef3e5375cfee9dc76c234523303a,3bf3f54c9322409ca2a3750b1c5a5d5ef44fa97dc17924e2ef998a7d0f4cc70f,prompts/agent-product-launches/runs/v017_forsta.com_2026-05-13.json
prompts/agent-product-launches/runs/v017_forterro.com_2026-05-13.json,052cdf22804327c151043cf65bc4ddd38b0ee60e,a7334559dcee15dc7bd1a42a42603ff3a3ae579a2aea1c492e6530bd4a67bbec,prompts/agent-product-launches/runs/v017_forterro.com_2026-05-13.json
prompts/agent-product-launches/runs/v017_itagroup.com_2026-05-13.json,04c2faace7e330ef13a9e4068f16a26fb66cd76d,7e7cd7ea3bc8e12d82bed629d9240977355cfda92cab0f11b29f72db2b9bb0f0,prompts/agent-product-launches/runs/v017_itagroup.com_2026-05-13.json
prompts/agent-product-launches/runs/v017_lendscape.com_2026-05-13.json,a5f3062b798744e93cb8dce673e34e97dafa8949,8be3972eca9695e70f38e1cb0e961daffafaa642d01d7e2d8a692090c7913c18,prompts/agent-product-launches/runs/v017_lendscape.com_2026-05-13.json
prompts/agent-product-launches/runs/v017_listrak.com_2026-05-13.json,ce67e325dfe393f492387180e0dc26068440b97f,228ecb292278bd1fb33df53860f42ffdab98c2891805565360b5c02f7001ed3a,prompts/agent-product-launches/runs/v017_listrak.com_2026-05-13.json
prompts/agent-product-launches/runs/v017_macquarietelecom.com_2026-05-13.json,658ef931d2faebcad7457f78f228a1a22be61c50,13e797af5e33b21395e5e834c3ba85ff222c2d65befad1df26ea0f36cccd7709,prompts/agent-product-launches/runs/v017_macquarietelecom.com_2026-05-13.json
prompts/agent-product-launches/runs/v017_medidata.com_2026-05-13.json,a294187fdace5d2fffb136deed5101aaeb4199d3,d01c59affd4be431a48a99d27dd7e22a25459d37d639653baa7f350dc4d35fee,prompts/agent-product-launches/runs/v017_medidata.com_2026-05-13.json
prompts/agent-product-launches/runs/v017_mgid.com_2026-05-13.json,89536a487be8795be76f23137ecfe099542ae377,5fef31744b12b4054ecdf9ddd963eeb1b04505d2c65383f28ffb739f5663f5c4,prompts/agent-product-launches/runs/v017_mgid.com_2026-05-13.json
prompts/agent-product-launches/runs/v017_mrocorp.com_2026-05-13.json,a912436e990b53de30e14aec36e3d2156bef26b8,8023aa29741d2d2edcf9ef412dbefe3083c8791ec4f922f06d2589579ff91ad5,prompts/agent-product-launches/runs/v017_mrocorp.com_2026-05-13.json
prompts/agent-product-launches/runs/v017_rightworks.com_2026-05-13.json,491bcc716f71ee4a33f5670582b39c8865050cbd,bbe694182931ef7f159419fe188ca42cecc49f1a2ac3780c4352bfc6e678bc81,prompts/agent-product-launches/runs/v017_rightworks.com_2026-05-13.json
prompts/agent-product-launches/runs/v017_speareducation.com_2026-05-13.json,167b569bf879b6c959c0096596bcda1de117faf0,e7e23a8e0ab06ad6c3159aa528a219d9ca69b4b46422fdf456057f5f9cb047c4,prompts/agent-product-launches/runs/v017_speareducation.com_2026-05-13.json
prompts/agent-product-launches/runs/v017_tableau.com_2026-05-13.json,c7d384a4a0f20726ce082a8717de13b115da55c2,b5b8ee8fdc07567b1ea62368585b88d2ad9fe90c173af40a13f94d3cb1b4baee,prompts/agent-product-launches/runs/v017_tableau.com_2026-05-13.json
prompts/agent-product-launches/runs/v017_tblocks.com_2026-05-13.json,0495c504c811b760e802f80c80fa0f4cdf6d3e74,af1a602239494267a441acf523fd47358f404fbbc58b30acd1b4888d29683e2a,prompts/agent-product-launches/runs/v017_tblocks.com_2026-05-13.json
prompts/agent-product-launches/runs/v017_tudip.com_2026-05-13.json,b622d48b08e1ca68de2357c7b94321177dce9e4e,d4f22d8409e112e49cab6c13c9782626442e9cd0c44f940626051f2b44a16a76,prompts/agent-product-launches/runs/v017_tudip.com_2026-05-13.json
prompts/agent-product-launches/runs/v017_tutor.com_2026-05-13.json,fae05a312e05f1ba42f6f76b1d8fb35ddb94ec74,ccffd8c7e824060254e9c7be38a40a74c6760e903a31f1791a77f8118034691f,prompts/agent-product-launches/runs/v017_tutor.com_2026-05-13.json
prompts/agent-product-launches/runs/v017_uworld.com_2026-05-13.json,cfb46466420e15f3d0d2247025b9e2c97f6c915c,ac040b416abe900d0fc9fa468425a852bde0335d51d219898aa7962a61cc51e4,prompts/agent-product-launches/runs/v017_uworld.com_2026-05-13.json
prompts/agent-product-launches/runs/v017_veracross.com_2026-05-13.json,92998d03b4cccf0bdde4120ccb9a7142041e3938,2f224cffafdd2521a88585e0e5f59fe5e13cfd498cd83a11c5b013e4748410fc,prompts/agent-product-launches/runs/v017_veracross.com_2026-05-13.json
prompts/agent-product-launches/runs/v017_virtuozzo.com_2026-05-13.json,3b87bbe6b4cfeb5014df80c86fa66bc4b2970132,bb9204d7fe14bc1827c4355a82426993260bfbc3bb0096e43b7ed84192d09dd1,prompts/agent-product-launches/runs/v017_virtuozzo.com_2026-05-13.json
prompts/agent-product-launches/runs/v018_aitworldwide.com_2026-05-13.json,148b20932c0558fdf1e877521974f12c70d75f1d,30845bbe8ac15b053a612e8917be96d1e80956c7b44f1c65fa7a0304169279e1,prompts/agent-product-launches/runs/v018_aitworldwide.com_2026-05-13.json
prompts/agent-product-launches/runs/v018_ascenderhcm.com_2026-05-13.json,b050b434a204bad8ee40364e46729778cc390156,7fdfa0a15b6dd257398d68e4d4b143a09f09c6b954beef8150cc98376ddce2d3,prompts/agent-product-launches/runs/v018_ascenderhcm.com_2026-05-13.json
prompts/agent-product-launches/runs/v018_auria.space_2026-05-13.json,8dceb6434f2f567cb8aa755bac49edc439396046,5af86959ec785abf9b8af27c8c54bbff40cecfa0b4840fbe36b68ae98aaca949,prompts/agent-product-launches/runs/v018_auria.space_2026-05-13.json
prompts/agent-product-launches/runs/v018_dmeserve.com_2026-05-13.json,cd68afc880c78f304b728671250d599080268829,07ae953723b2e591a2d9e403eb1f67276005fd14428e13179b9b8bc61daef227,prompts/agent-product-launches/runs/v018_dmeserve.com_2026-05-13.json
prompts/agent-product-launches/runs/v018_fareharbor.com_2026-05-13.json,f2a5d2f9a0985c57668fcaacf80d14e2129b9956,139f53be2b6991b8c47f59b7ca65cd98567bf7b3e3bce628b69e4136afe0afb8,prompts/agent-product-launches/runs/v018_fareharbor.com_2026-05-13.json
prompts/agent-product-launches/runs/v018_folio3.com_2026-05-13.json,1bfa5b3444bd8e2b216eacd306b51dcce0df7a8c,4ef0489d0a2bc559b9373ac9ad0d2867fa620238fe0ecc7dabf33f1ac54b354d,prompts/agent-product-launches/runs/v018_folio3.com_2026-05-13.json
prompts/agent-product-launches/runs/v018_follettsoftware.com_2026-05-13.json,554506d4d3b5227eb51ef85d161981e01988330f,f23d4af64581b99bfeae85ab2092b43615e5f353346ada9466c2fa350fcdcb56,prompts/agent-product-launches/runs/v018_follettsoftware.com_2026-05-13.json
prompts/agent-product-launches/runs/v018_forsta.com_2026-05-13.json,7c8953b0ed5331beb6f6e52f788d7df55d28d4ca,be6e4f0cdf36872132f9849d16d8f1870483e8e9218d5d4f0fc9b0e10943110b,prompts/agent-product-launches/runs/v018_forsta.com_2026-05-13.json
prompts/agent-product-launches/runs/v018_forterro.com_2026-05-13.json,986ef9bf4f645904c103167b5561825b9b0d5cd3,b43cdca062cac7ada19abe5895b8cb58c6ddf251177abcceb204b03cf15ec644,prompts/agent-product-launches/runs/v018_forterro.com_2026-05-13.json
prompts/agent-product-launches/runs/v018_itagroup.com_2026-05-13.json,5e0d6169709108c38bb7d1f49b22464784691686,6b9f89ff685db8e6460ec12dbdf4058e5a56d2b0b8f9ce125902605c1e59a24a,prompts/agent-product-launches/runs/v018_itagroup.com_2026-05-13.json
prompts/agent-product-launches/runs/v018_lendscape.com_2026-05-13.json,916e0300f873eb2d7da7bdb75c5ef24ed3384f9e,bf6bca3c66caacf7b4948b5ef8a984df717dce99417283cf343e5b4e1aa73719,prompts/agent-product-launches/runs/v018_lendscape.com_2026-05-13.json
prompts/agent-product-launches/runs/v018_listrak.com_2026-05-13.json,f2bf6b6a635282a665e566fee6e89c87d4096166,2e343a03c2f8e0b44177eb76b1ca8be5ded90d5208f727fa001a6b1d7d7dae9b,prompts/agent-product-launches/runs/v018_listrak.com_2026-05-13.json
prompts/agent-product-launches/runs/v018_macquarietelecom.com_2026-05-13.json,b6545cc90fd6d25f54fbdc25b9cee90155eaf7ac,73e838e421d6f8d69e8ee67ec2aed3466d7ac42548543c2c3fb847f1242d32ad,prompts/agent-product-launches/runs/v018_macquarietelecom.com_2026-05-13.json
prompts/agent-product-launches/runs/v018_medidata.com_2026-05-13.json,a0f964bfa2513b435142ee950daf6dd09b5c3a3e,887d3e0d3d4cdd8f05d0afede79d77a108c722aeb064ec464c9ba5e41dc18e66,prompts/agent-product-launches/runs/v018_medidata.com_2026-05-13.json
prompts/agent-product-launches/runs/v018_mgid.com_2026-05-13.json,0955a6dc32f494922e1d52679121b28a2857d0cc,727951770f2befae2e0a888b09e334700b292ba431c520ba6474a1d9114487dd,prompts/agent-product-launches/runs/v018_mgid.com_2026-05-13.json
prompts/agent-product-launches/runs/v018_mrocorp.com_2026-05-13.json,d7a50ae5ab460f32747725efd1596f012670089e,1a94f0dab82f4541bcd8fa7a7554f53bcf754545a6253bbdd0cd8146d94db696,prompts/agent-product-launches/runs/v018_mrocorp.com_2026-05-13.json
prompts/agent-product-launches/runs/v018_rightworks.com_2026-05-13.json,85dbd8042b6788c83d93e2a6f4f74b61320ed747,781b4a1523581553e528bd8991e77e6571de047b3cd50e3b68b1ec994c82a292,prompts/agent-product-launches/runs/v018_rightworks.com_2026-05-13.json
prompts/agent-product-launches/runs/v018_speareducation.com_2026-05-13.json,6b4c6355bf50fff763106f26a82054790b660f2e,4c3cc9905d66c738cad15310eadad371a79c955da1c049835f8a2d3fc45e2419,prompts/agent-product-launches/runs/v018_speareducation.com_2026-05-13.json
prompts/agent-product-launches/runs/v018_tableau.com_2026-05-13.json,abf981d7e42b8d118b44a12faace3a3460608f8d,fb38e491f0e2ae1fbab0b9f46ac4ea85ea4d82eccbeab1977f16f2b6030810e2,prompts/agent-product-launches/runs/v018_tableau.com_2026-05-13.json
prompts/agent-product-launches/runs/v018_tblocks.com_2026-05-13.json,0d078c8747a1bc6b0d20d868f95aae7c5a133e48,9f62f545376a7370a02047df4e7d67bbac21bf36a4e61d4e5e65946058728222,prompts/agent-product-launches/runs/v018_tblocks.com_2026-05-13.json
prompts/agent-product-launches/runs/v018_tudip.com_2026-05-13.json,762954a8de131208ca83816a99d9095f914f8804,e5d8e7a8660baac3363e4b842f7d94a4db58ab16192208d6ab358dd339586965,prompts/agent-product-launches/runs/v018_tudip.com_2026-05-13.json
prompts/agent-product-launches/runs/v018_tutor.com_2026-05-13.json,905cfc070223d64f6507b91de182bf9b44dfcb7b,fd7ace1bd719caef1649dffdf81f0b6a5f5deae2ebfed5f4b9c8a9c57cbbede5,prompts/agent-product-launches/runs/v018_tutor.com_2026-05-13.json
prompts/agent-product-launches/runs/v018_uworld.com_2026-05-13.json,5f5b0d7dd35db2d20ca95b7e89336a21ad7c6eaf,d96aba7c6b2c516d7951d160ac3d8990149edfdf6cccd6c5e7d3f08cdde5cd47,prompts/agent-product-launches/runs/v018_uworld.com_2026-05-13.json
prompts/agent-product-launches/runs/v018_veracross.com_2026-05-13.json,2afbbf5c31f1f4156252ebe89faf09dad16b0025,56e10222e0a04507be8e4d41864eff7299422305d60a12c06568c4cf7f1dd3a5,prompts/agent-product-launches/runs/v018_veracross.com_2026-05-13.json
prompts/agent-product-launches/runs/v018_virtuozzo.com_2026-05-13.json,e957902a8b1569dd4ceb9f85b2fa6dd61203411d,d53a548fc5bfb7c8a6d4352a91f88b660d7a2c8236da9f8e22a19f2164739cfe,prompts/agent-product-launches/runs/v018_virtuozzo.com_2026-05-13.json
prompts/agent-product-launches/runs/v019_aitworldwide.com_2026-05-13.json,153c7abc8f57baf06bda18964a210d1c371a6e2f,db1e781975975abf9e165d348742bf61621cdc4a11fefcfa85835e850e0242ae,prompts/agent-product-launches/runs/v019_aitworldwide.com_2026-05-13.json
prompts/agent-product-launches/runs/v019_ascenderhcm.com_2026-05-13.json,61e2ccf06d7afcdf60445024bdb22587ca288a72,ea6ee5ec8a7cf09667b65f8db408e29ae8114057cd2dfb9a418793be92f3a997,prompts/agent-product-launches/runs/v019_ascenderhcm.com_2026-05-13.json
prompts/agent-product-launches/runs/v019_auria.space_2026-05-13.json,54868f802a50926cc3f721da2b365f0625205251,4de3d073283efe9e8339d273e4c37f2391a6d0f6f0ec5f105dd4d4f932053b8f,prompts/agent-product-launches/runs/v019_auria.space_2026-05-13.json
prompts/agent-product-launches/runs/v019_dmeserve.com_2026-05-13.json,f94a43394d4a700b8b5cc17d43cb6f22db683725,ed71488ec25dea280578c62f92b05cca5f8ca1e092b038ac25041b715b4f25dd,prompts/agent-product-launches/runs/v019_dmeserve.com_2026-05-13.json
prompts/agent-product-launches/runs/v019_fareharbor.com_2026-05-13.json,ad2f72d4d850b1963e5e4827b7c0ff45f11dd337,7cbede0f48f54635921ba2c452330a46673720a1d273d1b1d9c4ccacd4898629,prompts/agent-product-launches/runs/v019_fareharbor.com_2026-05-13.json
prompts/agent-product-launches/runs/v019_folio3.com_2026-05-13.json,18bd4dc1484c27ac76f77826f7f34b0044735328,136a582ca617befe3e466201b14969ca4a6b5af0ead4c07aa4bf1ebb8a0dfbff,prompts/agent-product-launches/runs/v019_folio3.com_2026-05-13.json
prompts/agent-product-launches/runs/v019_follettsoftware.com_2026-05-13.json,bfe787c9e480ef92a7ff685f4248eacd1d020b39,c3a39b75421d8db358d32205d58e226c42127e6f9f5c4cacd1bfa94d39b1194e,prompts/agent-product-launches/runs/v019_follettsoftware.com_2026-05-13.json
prompts/agent-product-launches/runs/v019_forsta.com_2026-05-13.json,aba837592981e17a71667b8f883c979ec02075f3,c8539f26b812479a21753e87ebb887bc0b06391e18263e88561e5053911e89ce,prompts/agent-product-launches/runs/v019_forsta.com_2026-05-13.json
prompts/agent-product-launches/runs/v019_forterro.com_2026-05-13.json,6ed5e0ec9d132cfd4b619eb964bdebf323705fc5,71355dac477c8b2211ae3f1c5f326eed8b0dc4ffdcc346d59e62df5d7cca68f0,prompts/agent-product-launches/runs/v019_forterro.com_2026-05-13.json
prompts/agent-product-launches/runs/v019_itagroup.com_2026-05-13.json,eeb0666fc43da0542cb7dbaa580d9eff4bdba5b8,8fbdd0b2a37dec75c4d039488277f406011d66d0a1c7657b48602d0dc72b0ed8,prompts/agent-product-launches/runs/v019_itagroup.com_2026-05-13.json
prompts/agent-product-launches/runs/v019_lendscape.com_2026-05-13.json,f65c565dd246565b243c10013181add0dbdabd02,eb4f4d77e166a6cd45b0ec7d2faf410b6d6989f02688b5564cc327b0b58734fe,prompts/agent-product-launches/runs/v019_lendscape.com_2026-05-13.json
prompts/agent-product-launches/runs/v019_listrak.com_2026-05-13.json,4a3e24a5ad8b27bfb493dd363b25d17a2fa7cb01,34ba3cb8ae58ab39f6bb8185fe43330ed7e4ec184f968314bd7631408aa495bb,prompts/agent-product-launches/runs/v019_listrak.com_2026-05-13.json
prompts/agent-product-launches/runs/v019_macquarietelecom.com_2026-05-13.json,a332c63c5456b9f6f5effb38fd60de099b15f98f,aaa14d64ce507c882d41ebcff9aeecfaa8d1572b390f2d55da442c5b33cccdcb,prompts/agent-product-launches/runs/v019_macquarietelecom.com_2026-05-13.json
prompts/agent-product-launches/runs/v019_medidata.com_2026-05-13.json,36043d310a8620b0eb5137c6aa283761a9eb11e7,da9aaf623d1de4c655e81878036b9c40ffd1b9e27e877e3cd2c3cb7fe7068ebb,prompts/agent-product-launches/runs/v019_medidata.com_2026-05-13.json
prompts/agent-product-launches/runs/v019_mgid.com_2026-05-13.json,105b1c6bbca430f69ac0e6e7d646fd6b50c4c5d4,897c901a78722b4e607e0ad6f6b727f0751d7c5201a21e121c9045aec6369432,prompts/agent-product-launches/runs/v019_mgid.com_2026-05-13.json
prompts/agent-product-launches/runs/v019_mrocorp.com_2026-05-13.json,e1fe918cc6d59258ca167bb3a02d9c3f9cce35dc,95e557f56ea4fb0ad349edc127bf23d827cedb2584221ad9a950ed1fa5986a8b,prompts/agent-product-launches/runs/v019_mrocorp.com_2026-05-13.json
prompts/agent-product-launches/runs/v019_rightworks.com_2026-05-13.json,ea492f497970f5377d22a5e8a9a0ab801de28ff1,f7364e6646f64f276414de59afb621ec816d28b0baa14e756e96d67b0490616d,prompts/agent-product-launches/runs/v019_rightworks.com_2026-05-13.json
prompts/agent-product-launches/runs/v019_speareducation.com_2026-05-13.json,c02e1e1c22048b4653734d7c3e149c2f9d6053e2,5d8da92bcbbe1f4f06aad67a5913019edfb0ae65b109cc0f56c94ec6ecaf89af,prompts/agent-product-launches/runs/v019_speareducation.com_2026-05-13.json
prompts/agent-product-launches/runs/v019_tableau.com_2026-05-13.json,b62866692b1f2a733b47829fb381660a8e685f09,65c9a3e372af6b58b039230787150548f58c142ddcdb54eb4bd8c19bdd80b9e7,prompts/agent-product-launches/runs/v019_tableau.com_2026-05-13.json
prompts/agent-product-launches/runs/v019_tblocks.com_2026-05-13.json,671052a8c8995c2edd5e646629a054188231e54d,9d1d71725a6baedaa3e291bc4f06d7f56511a23b5785660eebf517e3b707a644,prompts/agent-product-launches/runs/v019_tblocks.com_2026-05-13.json
prompts/agent-product-launches/runs/v019_tudip.com_2026-05-13.json,83e7b59f69273cd8f009b541f858d32e2758e0ec,5d969c64f7bf4edaefb2c1797d169768f5edfdad104bbfde3aa9806a0a1d5b2a,prompts/agent-product-launches/runs/v019_tudip.com_2026-05-13.json
prompts/agent-product-launches/runs/v019_tutor.com_2026-05-13.json,54be42df4d650426e08401902e9c19d807bafb50,1412d47fd9cf316c7c8ef740831ddf3c7d49a8edf305e2e5224de69618d27047,prompts/agent-product-launches/runs/v019_tutor.com_2026-05-13.json
prompts/agent-product-launches/runs/v019_uworld.com_2026-05-13.json,00877d8110c6f4d73c67ac1c5830b80a02eacd59,5ab376d57cc453cba8c71cda04d598d91df4e975d81233ffb1fe2d222595dbdc,prompts/agent-product-launches/runs/v019_uworld.com_2026-05-13.json
prompts/agent-product-launches/runs/v019_veracross.com_2026-05-13.json,9acbcb84ea526e7687d605207403fc20f93ffea4,f2053ff652d72dc57522f474a33b8719f281599cf6cb61c8258ab20b72dbeb7d,prompts/agent-product-launches/runs/v019_veracross.com_2026-05-13.json
prompts/agent-product-launches/runs/v019_virtuozzo.com_2026-05-13.json,98b8c3cd9fe28c5d24b9f72e28c4cb7058c64625,d4e94c18fd83a0d53c75d235bf96d4d5b693a24b1d5ada0a460c4baea1286bf3,prompts/agent-product-launches/runs/v019_virtuozzo.com_2026-05-13.json
prompts/agent-product-launches/runs/v020_aitworldwide.com_2026-05-13.json,6a5e4aea2cfdc37174988be7168f872845c08948,a09d445b40393f1e4cd6f8205d3940738b549d1b01b58a9dd1f46ed1fcce514f,prompts/agent-product-launches/runs/v020_aitworldwide.com_2026-05-13.json
prompts/agent-product-launches/runs/v020_ascenderhcm.com_2026-05-13.json,c2aff6310fbe8ce16baec10b8934ec15b6c208fb,872be98732e62cb27297a252330321a37fde194a0fe099efff8c8c9ecd473d0f,prompts/agent-product-launches/runs/v020_ascenderhcm.com_2026-05-13.json
prompts/agent-product-launches/runs/v020_auria.space_2026-05-13.json,29bd75dd0eef232e68ea9084af5b01157bdc7cb5,7f6bc3cf34390c84368d44d0532ead61fb099b05cc4c93aac4755318ed5c451c,prompts/agent-product-launches/runs/v020_auria.space_2026-05-13.json
prompts/agent-product-launches/runs/v020_dmeserve.com_2026-05-13.json,f7402becd64a6e4d8f8702c28b12ad968375d9eb,4452ef63d9cc22437ed1263bb63b68b81d4e547f5a3573fbe3c4ad411c56c610,prompts/agent-product-launches/runs/v020_dmeserve.com_2026-05-13.json
prompts/agent-product-launches/runs/v020_fareharbor.com_2026-05-13.json,32d737a30e37a6ae0621a240ef8ac557c5060d23,544f588d7b893dfb103661d1e91ec8f879b667ca48327e477ab015255953b8c9,prompts/agent-product-launches/runs/v020_fareharbor.com_2026-05-13.json
prompts/agent-product-launches/runs/v020_folio3.com_2026-05-13.json,d4e8fc7510984413fa3df1314e8d3bda6c59a053,ebec498d3690eb75e50774d41ba601c2dcbab04f8186224ca159af29be2ea921,prompts/agent-product-launches/runs/v020_folio3.com_2026-05-13.json
prompts/agent-product-launches/runs/v020_follettsoftware.com_2026-05-13.json,3356d6c170687b7988e6b55869a364a81f1ead23,175564a01478b0705c8903b59688697963b1a558dcc20ca81f5fe383e841ecb0,prompts/agent-product-launches/runs/v020_follettsoftware.com_2026-05-13.json
prompts/agent-product-launches/runs/v020_forsta.com_2026-05-13.json,b063d17c48fb1ea45a315b8af94a0dc7b80a0782,07b7c1eabe86de23dec94179b248efd36101581cbaf139f801215c153995b269,prompts/agent-product-launches/runs/v020_forsta.com_2026-05-13.json
prompts/agent-product-launches/runs/v020_forterro.com_2026-05-13.json,0c25c5b84854551a218627bed42f48c9b538bd4e,5b1579b2fbfdb4513e501e58acad00ae0e8acf3b5710acc2d484ce36c804aadc,prompts/agent-product-launches/runs/v020_forterro.com_2026-05-13.json
prompts/agent-product-launches/runs/v020_itagroup.com_2026-05-13.json,1f3bd0f73b9c0fc42b54825a9baa2b847d418137,bb957215c2f80dc4c53e63868c86e1b263008ffff0023034f11fe8426e599993,prompts/agent-product-launches/runs/v020_itagroup.com_2026-05-13.json
prompts/agent-product-launches/runs/v020_lendscape.com_2026-05-13.json,dcb2c686a0c66ac5eec2e26e7935b0404b17b2bc,59a09ffab78769ae93014db568449502723a5ef220551efd4c94aea03a05eeb8,prompts/agent-product-launches/runs/v020_lendscape.com_2026-05-13.json
prompts/agent-product-launches/runs/v020_listrak.com_2026-05-13.json,ac4b7fa64146bb9ef35423a46a7077b585b4eea9,d39b8c48f693c0033c79445a4bb9a303f56d8ccc1a6a673041cc9c1903eba4a5,prompts/agent-product-launches/runs/v020_listrak.com_2026-05-13.json
prompts/agent-product-launches/runs/v020_macquarietelecom.com_2026-05-13.json,eab7de45b413cb1efd2234844df5c89679a6acfb,e70d76949380e78fa182426354852181be16b147716328f5a68ce1509aaa2d1f,prompts/agent-product-launches/runs/v020_macquarietelecom.com_2026-05-13.json
prompts/agent-product-launches/runs/v020_medidata.com_2026-05-13.json,33e5807be0414902b80b76453e14a9d0a62e0e5b,ef507c27df455f407cbd5ffb00a9f65baa96dedc0427af7ecffd8bf7163579aa,prompts/agent-product-launches/runs/v020_medidata.com_2026-05-13.json
prompts/agent-product-launches/runs/v020_mgid.com_2026-05-13.json,042364500481d33f383f81730bdb8d3ac930ba3e,03c4f9328726ad38ed688fbd0aa1422d185ddae5f206af09d38d54d1bd7efffb,prompts/agent-product-launches/runs/v020_mgid.com_2026-05-13.json
prompts/agent-product-launches/runs/v020_mrocorp.com_2026-05-13.json,e19a631001f16a5d3c984ae4d4a05cc383e3275b,83f662bba056062f83a657a2a5100ad3dd6954d3a76c98feacbc1a76dda91f8f,prompts/agent-product-launches/runs/v020_mrocorp.com_2026-05-13.json
prompts/agent-product-launches/runs/v020_rightworks.com_2026-05-13.json,ef669b853bf90abedbf4da8e70ed22d50ef0fbd4,fc7e928d4040e9f12617af82afb7f4340ddd3f408c579d06915a80c60461878c,prompts/agent-product-launches/runs/v020_rightworks.com_2026-05-13.json
prompts/agent-product-launches/runs/v020_speareducation.com_2026-05-13.json,c2e4c68a36c3d58abce2c7e29ef4389788ceaf11,0ce1830cc746a300b84610a585cba390a0f028da2982c0d9a020ac95c913baa4,prompts/agent-product-launches/runs/v020_speareducation.com_2026-05-13.json
prompts/agent-product-launches/runs/v020_tableau.com_2026-05-13.json,5d6adc24b6da77ffd4c6a1717f2c45d8b7a653a0,f5de37ce5db07179fbd79800ca1281b8f5f8b9db9d9fa6f21a07fdd21ab7d88b,prompts/agent-product-launches/runs/v020_tableau.com_2026-05-13.json
prompts/agent-product-launches/runs/v020_tblocks.com_2026-05-13.json,6c89b73e21bf07754146322bb4efd20b22f9ffe9,e238f00b428f1d0ae94b16a69846c54d9676e37f149be5c8ccc643ea7bd65b33,prompts/agent-product-launches/runs/v020_tblocks.com_2026-05-13.json
prompts/agent-product-launches/runs/v020_tudip.com_2026-05-13.json,338aa651a304e0ec00540e09254e2dc40fd511a6,9e0f3b70216385eece373aa4e1bdae612857a3589dcfdce81c87ff9e3dac7ea2,prompts/agent-product-launches/runs/v020_tudip.com_2026-05-13.json
prompts/agent-product-launches/runs/v020_tutor.com_2026-05-13.json,444f33d49a0d4c4f35698da50ff79c3295e122fb,f00e7ba58087228c0acf50de3f6a52f84e9844f4e96c85a178e0bd9ed882b3f0,prompts/agent-product-launches/runs/v020_tutor.com_2026-05-13.json
prompts/agent-product-launches/runs/v020_uworld.com_2026-05-13.json,6592c9106a925cc3f01e5853de2dddc01b15f46e,d90b97adeba2aa5b1e098302aedd5f7bdcc20a2a25e9af828ecc7cf166d79bf0,prompts/agent-product-launches/runs/v020_uworld.com_2026-05-13.json
prompts/agent-product-launches/runs/v020_veracross.com_2026-05-13.json,c94b96d8e8e799917e194cda91c5a6fbc52127ab,def061e03301d66c8dc78263142f247d4b4ada3dbbbea8e2219db68c6317b334,prompts/agent-product-launches/runs/v020_veracross.com_2026-05-13.json
prompts/agent-product-launches/runs/v020_virtuozzo.com_2026-05-13.json,01f450691ec7fdb84bd57669779978a80b3b4231,62d2d308235352b56f9435b8c15e57ff0d955e61693d050fabff3327de7a8f45,prompts/agent-product-launches/runs/v020_virtuozzo.com_2026-05-13.json
prompts/agent-product-launches/runs/v021_aitworldwide.com_2026-05-13.json,852c3b4c56334ad90a4ea8ed7bc3ffdbd39feee7,563191660030f1ac68d6304aa1f7355c11da3c021881aee0d918aaac74c00d5a,prompts/agent-product-launches/runs/v021_aitworldwide.com_2026-05-13.json
prompts/agent-product-launches/runs/v021_ascenderhcm.com_2026-05-13.json,997d2bb857fbfdb741290ce1c6cfc2beb590a9f3,961ab395e261a09ec8ec92345950626fb3972d3b5152ec99457662cf05e9ee02,prompts/agent-product-launches/runs/v021_ascenderhcm.com_2026-05-13.json
prompts/agent-product-launches/runs/v021_auria.space_2026-05-13.json,aebd47d2e93ba0e3c3820ba514c0939d848cdf09,668816235322607c69d3773af9fb6ec19c37bb217bfe3c22219bf2ac5ebb35b3,prompts/agent-product-launches/runs/v021_auria.space_2026-05-13.json
prompts/agent-product-launches/runs/v021_dmeserve.com_2026-05-13.json,eb160998d69c22791004b4e3ae8f5c04885483de,ebbf21ab8d23fdb07423546943d332c2dfa78864e9987f156a1ccbc68f6115a1,prompts/agent-product-launches/runs/v021_dmeserve.com_2026-05-13.json
prompts/agent-product-launches/runs/v021_fareharbor.com_2026-05-13.json,5367e5d80d083b4b84aecbeb01aef07e7d8fb65b,6b34fdbe1e3e0a96acc42bb0a7323123bf1ed85215b65f847cb7abf51ad08aca,prompts/agent-product-launches/runs/v021_fareharbor.com_2026-05-13.json
prompts/agent-product-launches/runs/v021_folio3.com_2026-05-13.json,d14256f44ffdc9c4d55eaea8fa7d50a809368335,244ec8c24bf5267ec9b03cecde564c0f2143235a96bb7fbcadc52ffa26ac3d17,prompts/agent-product-launches/runs/v021_folio3.com_2026-05-13.json
prompts/agent-product-launches/runs/v021_follettsoftware.com_2026-05-13.json,de64cf3f9eef53a6e201ffa540f0f21537284e71,73623529b1e21d3b2a134ca0f1a59932da8273f1493046434ffca344acfa2260,prompts/agent-product-launches/runs/v021_follettsoftware.com_2026-05-13.json
prompts/agent-product-launches/runs/v021_forsta.com_2026-05-13.json,a109cdd6f06dba4100b570bd2e2b0c6797b05aaa,dcdcdd3facaf1a659df4a60133587449b9e39c596adc0af7e732958681e91b17,prompts/agent-product-launches/runs/v021_forsta.com_2026-05-13.json
prompts/agent-product-launches/runs/v021_forterro.com_2026-05-13.json,320bbec23ca8a293493e405ad4101986ac18abe5,32deed33edf3bb3ab803d3a95b5eee2b8837dc11768fa630e9b99796c0858c43,prompts/agent-product-launches/runs/v021_forterro.com_2026-05-13.json
prompts/agent-product-launches/runs/v021_itagroup.com_2026-05-13.json,3efbec69f130fcc56af580d6b836681042797f01,db52427c9a8113207b2898ae52b94b0fa898e049b6cb26ed95750e6d39c5e2cc,prompts/agent-product-launches/runs/v021_itagroup.com_2026-05-13.json
prompts/agent-product-launches/runs/v021_lendscape.com_2026-05-13.json,d540536253b12a7949b369eed35cebe68307fd6c,0ca5bd255b10a26d00d3510d2226267e241ece6c715c94d54c46f01292f3d773,prompts/agent-product-launches/runs/v021_lendscape.com_2026-05-13.json
prompts/agent-product-launches/runs/v021_listrak.com_2026-05-13.json,bea0e990de3942df22eadcc238cf23afca024298,215bd03decf1c08e1f956cca0872541a26bf1d6c31353904d97f54a098d3ef9e,prompts/agent-product-launches/runs/v021_listrak.com_2026-05-13.json
prompts/agent-product-launches/runs/v021_macquarietelecom.com_2026-05-13.json,6c4c367b467260e233bb9caecb380e2f8bfe1870,f5fc05c2c64c93429c9be7312df9b8a519fd8477259bcb7084de0f5db9b8fc21,prompts/agent-product-launches/runs/v021_macquarietelecom.com_2026-05-13.json
prompts/agent-product-launches/runs/v021_medidata.com_2026-05-13.json,d007403176f42ca46a9692afbdc1e3a215cab1a6,b55e37b08cf120a25b3bf393a3ebf83ee8e6b093aabe9c0e8b9de062a724a152,prompts/agent-product-launches/runs/v021_medidata.com_2026-05-13.json
prompts/agent-product-launches/runs/v021_mgid.com_2026-05-13.json,45d4328bb685ee187f2436327785e04b329dcf1a,e9daf48c8a36d957514cd13410f474f70adc3343abc8eb814a01c7642d49068d,prompts/agent-product-launches/runs/v021_mgid.com_2026-05-13.json
prompts/agent-product-launches/runs/v021_mrocorp.com_2026-05-13.json,1d79acc087d882af8cfe7a1fa11f8b0540d565a4,b4a25b614c331697b2980c9fcedbc638e7e6b8df1c1dc4ae7d168c4089366866,prompts/agent-product-launches/runs/v021_mrocorp.com_2026-05-13.json
prompts/agent-product-launches/runs/v021_rightworks.com_2026-05-13.json,467dfc78525ef5d770b0579738bf5d3371f3441d,6378b19b8a9fe9137e4fb8d11c15c5b1c776d60e8d4e13a48531865009ed5ec9,prompts/agent-product-launches/runs/v021_rightworks.com_2026-05-13.json
prompts/agent-product-launches/runs/v021_speareducation.com_2026-05-13.json,e0675911e19d3fdb64de2f0af6cc80b4c3ad16d9,c6e7bddb13eb10bf0ff79ed5555571b4fa7c2831c4028a3a69671232282ac281,prompts/agent-product-launches/runs/v021_speareducation.com_2026-05-13.json
prompts/agent-product-launches/runs/v021_tableau.com_2026-05-13.json,120fc330bed5a255e2161c34f6ad387edb7e18b6,09748b44e7782f8ffd7f205da0cb40dacbd8c3173586d9fcd2517039d25120bc,prompts/agent-product-launches/runs/v021_tableau.com_2026-05-13.json
prompts/agent-product-launches/runs/v021_tblocks.com_2026-05-13.json,564c71b2979847c2247900fffcb3644542659a76,cfea84a8a25bf694d28c768a342652383def5b885ffd544a9a8b8796ce95fb4d,prompts/agent-product-launches/runs/v021_tblocks.com_2026-05-13.json
prompts/agent-product-launches/runs/v021_tudip.com_2026-05-13.json,333c64a00c5c1e53a9e6ccd8e5b4366aa8854108,883933fd852b88a89e7f53567696139b74cf4ed5cbebf8db4157c16fe28200b6,prompts/agent-product-launches/runs/v021_tudip.com_2026-05-13.json
prompts/agent-product-launches/runs/v021_tutor.com_2026-05-13.json,fb4e6e939d3bb9db0d13f67c15f2e60c6e92b1b7,137505c2195671d78e293186cda2649eca66214e862f4bf27b51d3b3daba20fc,prompts/agent-product-launches/runs/v021_tutor.com_2026-05-13.json
prompts/agent-product-launches/runs/v021_uworld.com_2026-05-13.json,de4bee1da9fc72c984cbcb81a958d52431705e3b,f6f43695c8c69f9d5c9799681778679432b4e208ed37f7b95c3d1e1dca435f1d,prompts/agent-product-launches/runs/v021_uworld.com_2026-05-13.json
prompts/agent-product-launches/runs/v021_veracross.com_2026-05-13.json,87c6cc114de2408914542c22cd25c74c57a9adb8,0967e57d9a73d5493eace0aeb7371417fb26dfa07871cd99b7f29088f5a01a87,prompts/agent-product-launches/runs/v021_veracross.com_2026-05-13.json
prompts/agent-product-launches/runs/v021_virtuozzo.com_2026-05-13.json,fee8d7ef128e376f786d8dcf4a4c8ba3160923b8,aa7e6a9591c27ce3a7b89f6d1541da1c06248186ac98883e957c757f1710d0ed,prompts/agent-product-launches/runs/v021_virtuozzo.com_2026-05-13.json
prompts/agent-product-launches/runs/v022_aitworldwide.com_2026-05-13.json,5ab86b9157e6a8f3723e04cf851b25dd5ce43210,239e094bfef95189526a20579186e0581af11e4af9036367e8a90489ebb3c44b,prompts/agent-product-launches/runs/v022_aitworldwide.com_2026-05-13.json
prompts/agent-product-launches/runs/v022_ascenderhcm.com_2026-05-13.json,758e34a11e89a209957e533e2c2425c4a8851662,876fad5d952d39d4ab6034f1a7e3b8603ec434a95498bdf5d5cf465ac3d6b466,prompts/agent-product-launches/runs/v022_ascenderhcm.com_2026-05-13.json
prompts/agent-product-launches/runs/v022_auria.space_2026-05-13.json,907ee5a3939c1c8073d18bdd9d0b9b8eeb7b6247,baeb6c79699f1bce2a16ee192b7eb5ecfe688dbbde55a10aef81c386494a509e,prompts/agent-product-launches/runs/v022_auria.space_2026-05-13.json
prompts/agent-product-launches/runs/v022_dmeserve.com_2026-05-13.json,d6f2eafc0fff9221a4378848b5763aabb8f511f9,f6bffb20288e8c4b7e4aee12fe475e4e9277586ed65502570fadb061260b18eb,prompts/agent-product-launches/runs/v022_dmeserve.com_2026-05-13.json
prompts/agent-product-launches/runs/v022_fareharbor.com_2026-05-13.json,66d822c3f85d46eacf7b08a0c97ce8f6bec5c6a9,dc66911966faa6e5f5a54ad65eddc456823b9c1415afaaf4beb878ba1e80d12b,prompts/agent-product-launches/runs/v022_fareharbor.com_2026-05-13.json
prompts/agent-product-launches/runs/v022_folio3.com_2026-05-13.json,4ea3fc0ac2250388595ac5df70284cc326a04cda,54ddd7ea7371e69bcf4d531184d1bbfb1c89416de02d3eb87dfc322e30a4361a,prompts/agent-product-launches/runs/v022_folio3.com_2026-05-13.json
prompts/agent-product-launches/runs/v022_follettsoftware.com_2026-05-13.json,1e0ecb88b68e28199c5f09166169b494962e9527,e4a4c6a2def63d18df0aa8fe1498d7ecaf72b2298d777f1955a3bf56ee31ed53,prompts/agent-product-launches/runs/v022_follettsoftware.com_2026-05-13.json
prompts/agent-product-launches/runs/v022_forsta.com_2026-05-13.json,6b3f2fd1cc31e9dd693ca2f3643b4b943ffdd461,700fcc153fd01aeb56b79a924d4ffa305ee8836322cc0f30fcaaf265b7ac8486,prompts/agent-product-launches/runs/v022_forsta.com_2026-05-13.json
prompts/agent-product-launches/runs/v022_forterro.com_2026-05-13.json,fa12f1cc455a087ff24745b138de05abbd49c936,ba51b0a6a05fee63021d7309ce13c5da29a18b3d79b087620c6b6e92ffd3b426,prompts/agent-product-launches/runs/v022_forterro.com_2026-05-13.json
prompts/agent-product-launches/runs/v022_itagroup.com_2026-05-13.json,18dceb5b63136a5315b7f3f3f3b27ce699ce247c,79f45957850e08f22fd370b41821807bd838628292a98a6783f937a36e066536,prompts/agent-product-launches/runs/v022_itagroup.com_2026-05-13.json
prompts/agent-product-launches/runs/v022_lendscape.com_2026-05-13.json,c0785049ece9a70457dfc6663dd06cd258badaf9,926d2cf540fccbb6f28ad229f6db65c3970bbaf1dc1beaacb8e1a6b3be6ad3f8,prompts/agent-product-launches/runs/v022_lendscape.com_2026-05-13.json
prompts/agent-product-launches/runs/v022_listrak.com_2026-05-13.json,6ba0944b055ed70782ee7e5114d0ec5ac8288dd6,8bb36ecdf5a5d3d005605d5c7edeb9470d5e9600218ef3871a4b52dbcaa644b8,prompts/agent-product-launches/runs/v022_listrak.com_2026-05-13.json
prompts/agent-product-launches/runs/v022_macquarietelecom.com_2026-05-13.json,da8844fedcfab162231a56ad63d035a8c2be4083,5af35b63b457fa9b9ad70546abd90414f30cadd948daebef0eb1b167eae3334f,prompts/agent-product-launches/runs/v022_macquarietelecom.com_2026-05-13.json
prompts/agent-product-launches/runs/v022_medidata.com_2026-05-13.json,448dfb0347bb3daee801ccc23fafd97d40895e05,c9131cdeb1c7d74d15d75b261b04b1825d0033b1adbbad4ec6a11dafd6d0f1f1,prompts/agent-product-launches/runs/v022_medidata.com_2026-05-13.json
prompts/agent-product-launches/runs/v022_mgid.com_2026-05-13.json,02abccec0d33607763b1c14ee5818f09c342dcb7,168015efda08a26c8cd476a4af8fee030916732b45b92c40c63a6a2ae161485b,prompts/agent-product-launches/runs/v022_mgid.com_2026-05-13.json
prompts/agent-product-launches/runs/v022_mrocorp.com_2026-05-13.json,b9232847779e7cd8801d700e264670006266c2e8,b6325766610ce0b894671f6294ddc23c2320b557a6a196ba86d8d1b6c35c8d1e,prompts/agent-product-launches/runs/v022_mrocorp.com_2026-05-13.json
prompts/agent-product-launches/runs/v022_rightworks.com_2026-05-13.json,5adbee43d26e738c090cc86bf766b2e8ab35f9b7,b5bd5fdfdffbe0f811a17ab3230c84aae21e8d23bdc9ebaa4b7e1d344f899fd6,prompts/agent-product-launches/runs/v022_rightworks.com_2026-05-13.json
prompts/agent-product-launches/runs/v022_speareducation.com_2026-05-13.json,031ceb2767837a3ad1e221233c52db4eefc8bbd0,94e11ef6b87d787e192676d9892cbf78defc1e1cfbd2bdb3880d1a387dca6250,prompts/agent-product-launches/runs/v022_speareducation.com_2026-05-13.json
prompts/agent-product-launches/runs/v022_tableau.com_2026-05-13.json,cf92cc51ebc177ee21cf7bb552a4986c301620ff,12f03b689893e71e9d4a464f36f51c6ab1c1a055c34af971114795f9de0e0f0c,prompts/agent-product-launches/runs/v022_tableau.com_2026-05-13.json
prompts/agent-product-launches/runs/v022_tblocks.com_2026-05-13.json,c906902e6933b1e2c5c11dd29434930c6355008b,314cf925e517d9724f4508b18ac83207f6fdfbd54c20266d629b53d211407c5b,prompts/agent-product-launches/runs/v022_tblocks.com_2026-05-13.json
prompts/agent-product-launches/runs/v022_tudip.com_2026-05-13.json,56d8eca12125c7cd2c8a61dbaa896f987e2eac3f,3993492b98e978d8a75869be2d1183b9b30e763d1c97a0e6bd31a70e2753d5d7,prompts/agent-product-launches/runs/v022_tudip.com_2026-05-13.json
prompts/agent-product-launches/runs/v022_tutor.com_2026-05-13.json,45d2330a6794caa8959a062829c61ef61cdde58e,9521b47ceeb99a8f36ac4764024abf263d1697e9301b03fb6363c5173f96e44c,prompts/agent-product-launches/runs/v022_tutor.com_2026-05-13.json
prompts/agent-product-launches/runs/v022_uworld.com_2026-05-13.json,9104d1eda70f570954dacd5d8eab6e11c3b22857,664d5bd21c678b29a8b95eebfa5f07d4d71b1667d915553efcfa35eea6c5e23c,prompts/agent-product-launches/runs/v022_uworld.com_2026-05-13.json
prompts/agent-product-launches/runs/v022_veracross.com_2026-05-13.json,b38ba1d553a988b669e8f87aba997092e57125b9,052ff6845417376d63f11db9bcf8275d32243962a82d65db1c43d580548062b3,prompts/agent-product-launches/runs/v022_veracross.com_2026-05-13.json
prompts/agent-product-launches/runs/v022_virtuozzo.com_2026-05-13.json,cd1832dee9bd621e4cf724a08f425cef76706829,e15b36a40bc591c119dc9f749509d4d5ce87135037fd140ba15e229487004f07,prompts/agent-product-launches/runs/v022_virtuozzo.com_2026-05-13.json
prompts/agent-product-launches/runs/v023_aitworldwide.com_2026-05-13.json,73a80da49be4e3036e06f9b7d66750be820e3d1e,e9c77bc09763d54b74d2801270e415f65be5897ff8cce5730a11229a285293a8,prompts/agent-product-launches/runs/v023_aitworldwide.com_2026-05-13.json
prompts/agent-product-launches/runs/v023_ascenderhcm.com_2026-05-13.json,1043868b748e49ae1e7a67d44b5aeb4bc57be1eb,99657ed49d7fbcbcebc6d3bc5017d349f5d3b27c6ce378430b6ab1a836808531,prompts/agent-product-launches/runs/v023_ascenderhcm.com_2026-05-13.json
prompts/agent-product-launches/runs/v023_auria.space_2026-05-13.json,95d1a89274f6ce67e3616959ecbe74a004b44c1b,fcc78c8b8ea53c3da36441f9e46c4cf8bbfe4644bf56f531bc18949e3e1014fe,prompts/agent-product-launches/runs/v023_auria.space_2026-05-13.json
prompts/agent-product-launches/runs/v023_dmeserve.com_2026-05-13.json,ac26375cfea0a698bc9056a69763255a667a77b1,be21f0a277b6c6e3c5017e35b3496192a92fece8e1b9d72f80fff56a15ab94f3,prompts/agent-product-launches/runs/v023_dmeserve.com_2026-05-13.json
prompts/agent-product-launches/runs/v023_fareharbor.com_2026-05-13.json,da75ced277bb7210121d7a1009ae1a8bccd9d74b,5f596ccd5e2926d6901e786aab87a92c379b3bbc06d45f0ac8e4fa0924c5a9ab,prompts/agent-product-launches/runs/v023_fareharbor.com_2026-05-13.json
prompts/agent-product-launches/runs/v023_folio3.com_2026-05-13.json,c04871075ffbcaa42ce561d4816263618074d320,842484c4b370d9d41d15e6fe413b08c325f4a2ca927c0dbcd6655c0417b569df,prompts/agent-product-launches/runs/v023_folio3.com_2026-05-13.json
prompts/agent-product-launches/runs/v023_follettsoftware.com_2026-05-13.json,e6496115951249a5691d14fc9113a9cb7f0d62cc,a55bd455258dbe7878b382c48b9067268dd8168a1c9f5f29b1585476a68397ed,prompts/agent-product-launches/runs/v023_follettsoftware.com_2026-05-13.json
prompts/agent-product-launches/runs/v023_forsta.com_2026-05-13.json,734087515682567a21ed6b3b0163573889ed75b3,7e2491b22f257215eb9b6a3537e2fe8e6add2212cd5bcba70ddddf3b4d10591e,prompts/agent-product-launches/runs/v023_forsta.com_2026-05-13.json
prompts/agent-product-launches/runs/v023_forterro.com_2026-05-13.json,4b557fda65c547d5ec04f8e0da27ba311d8d1df1,3adf9b606fae8709a7d3b3e07b09669d1a3023469f14b44df2155f37feaa272d,prompts/agent-product-launches/runs/v023_forterro.com_2026-05-13.json
prompts/agent-product-launches/runs/v023_itagroup.com_2026-05-13.json,ce576b8b9f91a721e3c432ae44abd7ffdff94c2e,07798634323cd943bd1b8cfe8cd86d7f261388b0fc4dc289a21488b9970a0408,prompts/agent-product-launches/runs/v023_itagroup.com_2026-05-13.json
prompts/agent-product-launches/runs/v023_lendscape.com_2026-05-13.json,e4990348c7e4d8a611851fddcb7a3950a07dff1a,35c28119559c68a9d6d1dc47bf5fad2e4e1e32553221637982f6d3192bac560b,prompts/agent-product-launches/runs/v023_lendscape.com_2026-05-13.json
prompts/agent-product-launches/runs/v023_listrak.com_2026-05-13.json,a438d3c18aa4aacb88539eb9adf3da7330d009f9,cba7cb2da7ff4d7dc8793b61652b6ec9c1e68d8dfc1eadc98228d4dbd007296c,prompts/agent-product-launches/runs/v023_listrak.com_2026-05-13.json
prompts/agent-product-launches/runs/v023_macquarietelecom.com_2026-05-13.json,bea88a51d5990ffe92ce7f3734beeeaa79709cb9,ef02c56c60c7b1ef8c50dd8ec5be38285e8d5a9760b8188581f97bf56b3d4600,prompts/agent-product-launches/runs/v023_macquarietelecom.com_2026-05-13.json
prompts/agent-product-launches/runs/v023_medidata.com_2026-05-13.json,964989ac3067728700f75a46228c3d4a3e4ce433,6fd67b40c39b2001b467f262e36bd75cbfcbaec1899b1da4960b2f973086b77f,prompts/agent-product-launches/runs/v023_medidata.com_2026-05-13.json
prompts/agent-product-launches/runs/v023_mgid.com_2026-05-13.json,a1ead666a7e72feead749186e3d3f3ee2b25eced,d565ac5d4a8eddacf84d51b40eea33abfaa85fb3bb070cc16972db086d984e47,prompts/agent-product-launches/runs/v023_mgid.com_2026-05-13.json
prompts/agent-product-launches/runs/v023_mrocorp.com_2026-05-13.json,b18d3168fcf7e257cf1477f086338d540f1e1172,13a46e5763f6a1ca23fbebb40771f422adf5c99ca5a536b6038ed1d5f392b68c,prompts/agent-product-launches/runs/v023_mrocorp.com_2026-05-13.json
prompts/agent-product-launches/runs/v023_rightworks.com_2026-05-13.json,35f4fb6f7281ac59b343f4cd654954fc98b54b15,8554e62abbf13f6048f31cd70c8486dd82b6fde22c5c29e3d560861c233651d4,prompts/agent-product-launches/runs/v023_rightworks.com_2026-05-13.json
prompts/agent-product-launches/runs/v023_speareducation.com_2026-05-13.json,a33c507d66cab9aef04bf3b06085372f3b211949,d5077e3b9590515b9b06390ab087a17e40eb3057be5015baaae530eb1b41d895,prompts/agent-product-launches/runs/v023_speareducation.com_2026-05-13.json
prompts/agent-product-launches/runs/v023_tableau.com_2026-05-13.json,7ff8e6abfd2b31e105a24b3f5bf076ece89ea1e5,9e3e02487ae6ac8656c0672f35bb95446acdddc6856063dbd73a99dd9f9d66ba,prompts/agent-product-launches/runs/v023_tableau.com_2026-05-13.json
prompts/agent-product-launches/runs/v023_tblocks.com_2026-05-13.json,64b5219c9b3c650276916bf0c181891e06e3b219,5ec1a66584e7d10e75c727e85c7429bf5fc1e0b57e7e65aad7ccbfefad86dca0,prompts/agent-product-launches/runs/v023_tblocks.com_2026-05-13.json
prompts/agent-product-launches/runs/v023_tudip.com_2026-05-13.json,728d8038ce76bf623a95f1f70568ab9e18fd1af6,63db5304e4c4ecb009c3e73ab37d4fa8a7ebb3c6428c03aab9e4df47dec0c949,prompts/agent-product-launches/runs/v023_tudip.com_2026-05-13.json
prompts/agent-product-launches/runs/v023_tutor.com_2026-05-13.json,cdbea182d3d9b712550ab00989e0ba1f19435588,1cc5112e9e42ed0cf12c4cd0db6eca19b9c100efba6d9f41a7a8964811a03587,prompts/agent-product-launches/runs/v023_tutor.com_2026-05-13.json
prompts/agent-product-launches/runs/v023_uworld.com_2026-05-13.json,227cedc2b0b50e762eb1176f20f30f8122b5c70e,5e6493c057cdc803f2e54d50f315a4cfee88f4ab2db16f03b74875ffc497b100,prompts/agent-product-launches/runs/v023_uworld.com_2026-05-13.json
prompts/agent-product-launches/runs/v023_veracross.com_2026-05-13.json,817cae7db9f52c61d2285d78b91a9b7bc09e6e66,c807f1602de373733c847902d3047623760a3e32dca497150328cbff1fe842b3,prompts/agent-product-launches/runs/v023_veracross.com_2026-05-13.json
prompts/agent-product-launches/runs/v023_virtuozzo.com_2026-05-13.json,790e328757ae1b246dc54f1ebdba9353a9673c6a,1ab8acabcbdf3b4a1b037761aeb10762ef202b19b58f0b0428754d6589923a58,prompts/agent-product-launches/runs/v023_virtuozzo.com_2026-05-13.json
prompts/agent-product-launches/runs/v024_aitworldwide.com_2026-05-13.json,b49ca8f808e6e40bc91988aa71d0a9a6fdabb6ad,684a337337c1a359c2ce73c5b205dc41373b3d474e32b8b81452dd2227dcc082,prompts/agent-product-launches/runs/v024_aitworldwide.com_2026-05-13.json
prompts/agent-product-launches/runs/v024_ascenderhcm.com_2026-05-13.json,c7b14c07a3439e1bfc274ec02b81c2f6382391cd,0576d160b14ec7f244e7b88a0b572ee45ae047490b518c12e17e9e922cc40e10,prompts/agent-product-launches/runs/v024_ascenderhcm.com_2026-05-13.json
prompts/agent-product-launches/runs/v024_auria.space_2026-05-13.json,23606dc5551647465d8155d11d363ab2710a3ac9,4ebf2d265f4e3a636ccc22d2732e74ca403dcd2f4b13126a038b40f228a03325,prompts/agent-product-launches/runs/v024_auria.space_2026-05-13.json
prompts/agent-product-launches/runs/v024_dmeserve.com_2026-05-13.json,5d4c71d6542ebe420d28136f269e4cf93d099603,c915536adcae645762024019248af0df08a5f58dfb35a841f31db12ffe7e3895,prompts/agent-product-launches/runs/v024_dmeserve.com_2026-05-13.json
prompts/agent-product-launches/runs/v024_fareharbor.com_2026-05-13.json,665b2218751980a33d494161ddbb6b1f0474db1c,816f87688f245af9aabd4689aa4ed9052b22d751989d857c4040e8959cde01c3,prompts/agent-product-launches/runs/v024_fareharbor.com_2026-05-13.json
prompts/agent-product-launches/runs/v024_folio3.com_2026-05-13.json,1d1ce6cb0dbe2c170ce3cc2c780142de81806bd8,01467d8ef87dd45e078ef76af681c332153736684cc3e9b00f4d24165337dfe3,prompts/agent-product-launches/runs/v024_folio3.com_2026-05-13.json
prompts/agent-product-launches/runs/v024_follettsoftware.com_2026-05-13.json,47d2b444eea2699b26a36e127880e530a21c5cf7,bb85aba686a17b3c87c487cd60804be8789afdff11db25bd1580b200124d1f3b,prompts/agent-product-launches/runs/v024_follettsoftware.com_2026-05-13.json
prompts/agent-product-launches/runs/v024_forsta.com_2026-05-13.json,76324bb42264186cb19f0aea86addbe7c2707c0b,2b5c99ed48421cb93b5a553d855470b3a1e5a3069bff79ccfd84375dd52d0b33,prompts/agent-product-launches/runs/v024_forsta.com_2026-05-13.json
prompts/agent-product-launches/runs/v024_forterro.com_2026-05-13.json,1ee0f6470a0cfc061d191efbe2032367191fa981,cdcd1975df037873d0cbce5ea3f0d08e0d4daa448067ac119c436de98491b426,prompts/agent-product-launches/runs/v024_forterro.com_2026-05-13.json
prompts/agent-product-launches/runs/v024_itagroup.com_2026-05-13.json,57f6a2822a3251779172ba265b70ba8d57478bf9,de6ccbdc8df3f67e91c5326f9a7e6c33c78d18057fb567f9a1f38778776e83db,prompts/agent-product-launches/runs/v024_itagroup.com_2026-05-13.json
prompts/agent-product-launches/runs/v024_lendscape.com_2026-05-13.json,8da687df3472ae31fbad41afcdc3e6f83934d579,ad1c624c969f9ea1570a8944ffb18339912a25b69fc0f69f2478389291e2d94e,prompts/agent-product-launches/runs/v024_lendscape.com_2026-05-13.json
prompts/agent-product-launches/runs/v024_listrak.com_2026-05-13.json,2bdb2c7be119af2a87fa30cc24787ea1a3b0c7ef,571ad5492a3d5f573da7cc033a0a5fb07ef873ba1b6fa3958e3e68e4ff1ceeef,prompts/agent-product-launches/runs/v024_listrak.com_2026-05-13.json
prompts/agent-product-launches/runs/v024_macquarietelecom.com_2026-05-13.json,2c3abce8ee52571418d25f6df5c25c44c33c0a2d,b8d694dda2989292edb7065a54a1341def446b10da061f260892d7900c5e5ce8,prompts/agent-product-launches/runs/v024_macquarietelecom.com_2026-05-13.json
prompts/agent-product-launches/runs/v024_medidata.com_2026-05-13.json,9c88c5b74db63b4d51f4ed5ced32cb3e07260b2f,7d84fe732f0fbafccdef93d9e54c65417a306f176bf6783c1cbcba9ba9d1a520,prompts/agent-product-launches/runs/v024_medidata.com_2026-05-13.json
prompts/agent-product-launches/runs/v024_mgid.com_2026-05-13.json,1741ae44127494daecda59058b88c1a52d9a885c,ba3164896b8691dc13664ac65f67d5ca63b8f8d5f7ec3015a7ba8d40e20474eb,prompts/agent-product-launches/runs/v024_mgid.com_2026-05-13.json
prompts/agent-product-launches/runs/v024_mrocorp.com_2026-05-13.json,e03cf22b58951b99d876e0bc9152c1b6abb3e684,f8a5b935929189b06d847a478a603f0128005dc8977c8e5d8c4c533588f6d8dd,prompts/agent-product-launches/runs/v024_mrocorp.com_2026-05-13.json
prompts/agent-product-launches/runs/v024_rightworks.com_2026-05-13.json,71d9161f6cd35f066fa2dd025239116a1cabfc16,982dfbc3f225280ca6c6f571a4c87c69c627aa0de36e45411eaec1b5aba33bac,prompts/agent-product-launches/runs/v024_rightworks.com_2026-05-13.json
prompts/agent-product-launches/runs/v024_speareducation.com_2026-05-13.json,ba495917fc5470530b478388f4bce09486dd443a,5eb1bc6fabac4352a2b80f635552fd545344e0c21bbed70d9d183882c6404449,prompts/agent-product-launches/runs/v024_speareducation.com_2026-05-13.json
prompts/agent-product-launches/runs/v024_tableau.com_2026-05-13.json,6cde3e18493cc08f5fabf3bf3004353373fef51c,3df7a70f82ce0cf79abd51dcb71e87609143bdfe51e74e95f1b344b7c7d4a159,prompts/agent-product-launches/runs/v024_tableau.com_2026-05-13.json
prompts/agent-product-launches/runs/v024_tblocks.com_2026-05-13.json,4bd2cb1a4965251965922dea21ae3dffac4f16c2,6398df420fd3d016c3c9d2a9376581901135c0eb956b19f1431bde4d76b7f9eb,prompts/agent-product-launches/runs/v024_tblocks.com_2026-05-13.json
prompts/agent-product-launches/runs/v024_tudip.com_2026-05-13.json,022a023d9d91e20e80b5d53ee43a45f4a822f6a7,76b529876f2010db06caef619dfa70e27e4720e80f5bb888d62cddc09d509942,prompts/agent-product-launches/runs/v024_tudip.com_2026-05-13.json
prompts/agent-product-launches/runs/v024_tutor.com_2026-05-13.json,b0823f1d06e7687a4a052d0f95db3849b5a69817,96c20ca8251a4855ebbd5c5b7abfa08506b4bc8838af43aaba81a9e7c041c285,prompts/agent-product-launches/runs/v024_tutor.com_2026-05-13.json
prompts/agent-product-launches/runs/v024_uworld.com_2026-05-13.json,cfabbb30546d4b63a0ab786acfb6350cdff2de5c,9c4ecb5cc308eecc974ec64c8abdfd1b664975fad30124efbd35af728203da16,prompts/agent-product-launches/runs/v024_uworld.com_2026-05-13.json
prompts/agent-product-launches/runs/v024_veracross.com_2026-05-13.json,c3cab714233123465f403f526f06111c6fc2b2c7,d7c20cf8de06d822d7b16311674df78179992893c777837fd858c87072b2f996,prompts/agent-product-launches/runs/v024_veracross.com_2026-05-13.json
prompts/agent-product-launches/runs/v024_virtuozzo.com_2026-05-13.json,1b77aee3785191cddc06769d40e68b598e9ac7fa,0616d9492a395e6573e7d8f64f703e071427e3ce88bebb9c088ead92106bb2a2,prompts/agent-product-launches/runs/v024_virtuozzo.com_2026-05-13.json
prompts/extract-product-launches/anneal_log.json,42520d65f476ed029acc26c6efae62ebf8630b9c,ba130cf260c5ea30aaf368c0f4a06ec24a7bcf5db29bd09a34961f168737e80f,prompts/extract-product-launches/anneal_log.json
prompts/extract-product-launches/candidates/v001-baseline.json,97b9699142f0b44fcd97a041800487b47c9aff2d,4a38211c88acc0a8a6be8a3aaadb18bf15e80f1b821181543aef431f33a9081f,prompts/extract-product-launches/candidates/v001-baseline.json
prompts/extract-product-launches/ground_truth.json,07d42185dc5ff25b84ddc2814dd05fa993ca315d,67869b37dd65e3ded76b85bda785e78c422d0005925d36c7fd12d95e61f92377,prompts/extract-product-launches/ground_truth.json
prompts/extract-product-launches/metadata.json,277440efe195bf91142541737530318f538c534d,28d4f090e5b5c4a9415640cc2a843dd47183b365cb4836a623c2cc2399d526fb,prompts/extract-product-launches/metadata.json
prompts/extract-product-launches/raw_results.json,15f9f394b00814ee32c723aaa2e4ff00c73dada3,0423571dabb91fec8c683003e6ec315bcdd7d9a15f8f113ec5ae8463ebb12bfd,prompts/extract-product-launches/raw_results.json
scripts/master_test_config.backup.json,f8be15f31ed6acb640d2fdb9acc89a6c844f9622,8a978ec742b7efad34775bc4ed3780cc4ebf990a7867d396bcc46e2ba770e30d,scripts/master_test_config.backup.json
scripts/master_test_config.json,5744d0ba656e12be5621e1b2cff2a2de45b7300d,25701a51f9b9d1b748d7c29b03c28aa7e272e91b771e1b9778ac43b43d6179f7,scripts/master_test_config.json
scripts/motorica_anneal_gt.py,f106d2c6cd6b08c787a8297050f3bfb633ef79c9,118bd6355eb74636b61ab85bf67b9c9dd4901949bc669e0c9ea1563704112733,scripts/motorica_anneal_gt.py
scripts/motorica_apply_recency.py,53a2d14a74db31938274fb6fc513d669e974b3ce,b214ef469ee5af5ca1c4be764c9d8a85cc141a5a9aa7733873adeaf56c05a277,scripts/motorica_apply_recency.py
scripts/motorica_apply_studio_verdicts.py,785192aa90945f7d3e5a2975c9f656db8c93ce75,a656c3c8692f9758fd1a2f5af4674dc9f28b580129ddd161586f61c46f186327,scripts/motorica_apply_studio_verdicts.py
scripts/motorica_backfill_domains.py,752c5f49e87af592a541d820b823917abf727f09,620a7123cf8c106c26d3ac002f96f6b44712dc9582bc033b49cfe22f147d526f,scripts/motorica_backfill_domains.py
scripts/motorica_backtrack_studios.py,69fc3c7c42e932b0c0ff6ea4c413add06b255a55,d42585fb840ed35120afeb3c63093df861fe38f3fffbc349410a76e172a96c48,scripts/motorica_backtrack_studios.py
scripts/motorica_build_sheet.py,7f610c4ccac2dfdbd8ab02e7b149a056d997bb2b,f1266a007b4df14cebf6385674c13f08e7b9a7286a57b21c01596cf3f65c073a,scripts/motorica_build_sheet.py
scripts/motorica_collect_copy.py,72401b76accddc7069762776141ea6fa06c2c8fe,6c1a795b61aaea02bdf81199ec55df4546c3a29f591fae43a4b06918dbe655a1,scripts/motorica_collect_copy.py
scripts/motorica_collect_linkedin.py,929f63329b4c7afe406dc58b625ff5636cc0b9a8,2d78bb2e5e55a60ee00f25338df5aaad5273fb9d9437af29b31be3dd536c80c5,scripts/motorica_collect_linkedin.py
scripts/motorica_contacts_export.py,c3f5237344a28c3d1ce45345e2dbe5c4ea06b0d6,1fb0518b5fb53526456c23d341b0610fd53288fdbf40d2e8712e51c2cdc0dd31,scripts/motorica_contacts_export.py
scripts/motorica_copy_worker.py,1aacffab897bb53730eed2e722462a7a8db60b1a,41b5fe1a18e9c918eaf18642c5f63495b49514d84b90cdc42e47a28bc78e32c5,scripts/motorica_copy_worker.py
scripts/motorica_copy_worker_e1.py,04e0fcad5e2740c0e6f5a9effb28dedac634907b,9a9eafec46c91016d05ff6fec6febce004a91665369141f3072106cbc3a24ecd,scripts/motorica_copy_worker_e1.py
scripts/motorica_copy_worker_e2.py,3f529a73f2bdf375e3029d794a185a8bad628d8c,2f6f7d871cbfe0e92b336b101daa3bd9c3321ab1680727309e751effc684d50a,scripts/motorica_copy_worker_e2.py
scripts/motorica_crm_crossref.py,5a0435f3cfc1e57adf3dc750375346f7a4c66a5b,0ffee71b60af8608f6a3a07862bc581279bb9854e968dcd4747644f1335cd6fe,scripts/motorica_crm_crossref.py
scripts/motorica_dashboard_data.py,7cb5e47ca601feff7155b2515d241c2c02229085,eb3350a1f6d1dcd9ec32ed0e992317936602b65fa11c6934caed63e6eab4ae3f,scripts/motorica_dashboard_data.py
scripts/motorica_enrich.py,c08aefaf4801218a45daaa0c1c05f064844cb05a,27104241327102c8f079d0d142068804117083543ba07e73e4e1655b89d8fb70,scripts/motorica_enrich.py
scripts/motorica_fix_and_enrich.py,9f6c8d3b736ea9dbbcbf68497c68a15cc85db5e2,1428a5d794e71e25df5d5d6bedef2f91b8ee0d1b368b236194e20bddb6df7f89,scripts/motorica_fix_and_enrich.py
scripts/motorica_funding_crossref.py,ad0f40c934e78b78a9f46ecaa1fe46f215d4aec1,995ea31f1de4c63754ca48390020337a3b9e3232b71d811b61284df84c6b8955,scripts/motorica_funding_crossref.py
scripts/motorica_funding_enrich.py,79c382ed390610fcdec98bc9d19d7164369e0a20,54229fbf26bc7b3473da3b79817059abb97f291a6868b8957df9efcbc0683a63,scripts/motorica_funding_enrich.py
scripts/motorica_game_requalify.py,7c7b8eb8255f7ce2203a5ae5d18be01a72477606,7c9ad7ca359f781bf48198408384c8805c5135ab1d8aacb24d1474fddaeb3a6b,scripts/motorica_game_requalify.py
scripts/motorica_games_to_sheet.py,ec2679f83fb9aabc458d18e9688faeac8cb1ecff,2ea6a7391efa90902f2ad98e1f93b686050a0144c16cf094397a7d8f1a23f22c,scripts/motorica_games_to_sheet.py
scripts/motorica_generate_copy.py,223879f49d05ce39a6b5837961a1b5e56b83fced,d15720a2d64ac06a084c366072e9f0695c1de7fa26d628a7e0da6fd9d30013f7,scripts/motorica_generate_copy.py
scripts/motorica_haiku_research.py,7c009e6bf13f788f11cad13446da23837c470b65,408d2d6f29751bddbbb73e57abf7fc46e0b391dc80e48c916112b9b121df5117,scripts/motorica_haiku_research.py
scripts/motorica_hiring_pipeline.py,a4735ba222014f38f8b557b665450fb9bfab0c13,3339befa608b0fbb6b6c68bb7f783e9300a1ed859baf80b424c4f1abba0e1d97,scripts/motorica_hiring_pipeline.py
scripts/motorica_name_signal_search.py,af231981da87c59fe7cf953aa23223da05af6b16,6545d855d3c815afb039a4d4b5ecd6778bc37f29f2a5ff9c6cf38fe9b7365835,scripts/motorica_name_signal_search.py
scripts/motorica_patch_known_signals.py,e1a99220395458f2f59cb9e4f19ef1fe423e8268,1399536a8816633db9f97738b4c1703c9b80bf6c8b3030816aa7aba8949f5aaf,scripts/motorica_patch_known_signals.py
scripts/motorica_push_game_signals_copy.py,229fb92fc5109d7409e894094e90e649593adeaf,fb81aec47d52cf6c47a1b5dabf1dfc24a43e97e21870ea1fc86543f8ecec200d,scripts/motorica_push_game_signals_copy.py
scripts/motorica_push_sheet.py,2bed82c9f3838f81186f6c42312c3bc4373b4bf2,8a4e445eeda92d8f8e4d627cc5f4ac0b7a8bacae71d41dff699fd5acaebc83f4,scripts/motorica_push_sheet.py
scripts/motorica_push_sheets.py,d6203cf8063035aa8da14438c7030179d8b05b4d,0b3a078c606302823abfa63e1e6c4ee4c30250ce3a44576752b575af735d53bc,scripts/motorica_push_sheets.py
scripts/motorica_qual_to_sheets.py,d208f6b60f572074168d6fe97a4417d1e81bee90,6e95587302037473cd13bfdd594b496248128492933a238f27272fbf5e21a000,scripts/motorica_qual_to_sheets.py
scripts/motorica_qualify_leads.py,b7b5af2b38626309ae754243f3ba8cbb4980f77a,44b9b9f098e02809f6c175c3509a9f999a6075c91d83357dc91ef2dd0368cd06,scripts/motorica_qualify_leads.py
scripts/motorica_remap_games.py,84a07b48166ae283b6f679775fa250e34246afc9,28611f5c92752680e917a8daa1c61cc6b68e6a3c5e39b971ccb90c63ae02fe3b,scripts/motorica_remap_games.py
scripts/motorica_signal_match.py,3f19dd5064f772c2eda1be6e255c23f1f51c9373,4b11fd11691dfeb7707fc9eea81a6deb710bf221f45ad9c41f4de07029433387,scripts/motorica_signal_match.py
scripts/motorica_steam_qualify.py,c5575c78dc295291bb4f4bae687259d69ad6d43d,086e11e742713c52939e9cbc926dd13de983bee011c856b9f2da99655a47539f,scripts/motorica_steam_qualify.py
scripts/motorica_studio_profiles.py,b078493d7d78f09d421a59a86823b12a3c78387d,73db3b8486c27044dbb8d1c298eb30ba96ca8b4fb5ac79f88dea637d3d5615fd,scripts/motorica_studio_profiles.py
scripts/motorica_studio_qualify.py,db788cc10ed68ab86cf4cd84ffb54d25d2e15510,0911fa5b8962ce2e4966a06394ec14be4f4949f262ad6a7be1fb4a9b19ff9f98,scripts/motorica_studio_qualify.py
scripts/motorica_tier_builder.py,12735d1b043b6a2a613ebf424d8221ca1b8f767a,ae1914be3343f3300bca7a3c6b4aabc60c954f3ab4807a241302130ad28d9eea,scripts/motorica_tier_builder.py
scripts/motorica_tier_crossref.py,d1700c7384c117480a3bf54ac19a3ed410d72117,e55801d5da819af8f62b55ea56394fc2d24adaec02aa8ab85880ae4215146bd9,scripts/motorica_tier_crossref.py
scripts/motorica_weekly_signals.py,3137a9d8cb191ffa5ecf1398d66c8ac62106b9ed,182b57e50adaf75f3338003e07ee2f3314e66af3e203716d66e4ccb34a80e6f8,scripts/motorica_weekly_signals.py
searches/raw-results-master.json,3e1b420be02d21b2fc43512c9d7252b965bd41c2,9ecd091670e485c7a4d5c3211dddfca0cc19fe88bde9d3ac57c7a66b52ee3ab2,searches/raw-results-master.json
searches/raw-results.json,d9e0e0e39653ef02f68cb448c32c8fa57868dffe,83a716385dfc6c37f3f940454b0d34085e7599ee245292dd57d04619f7a0558e,searches/raw-results.json
temp/motorica-ai-ark-input.csv,5646ca208317293acdc43b39eca4d45b40e61625,a1a0451d7654cc3eff71cbdf6cf95d7e3f913d69bf707371af9ca1fe17f20ee9,temp/motorica-ai-ark-input.csv
temp/motorica-hiring-data.json,f81f269bb16314b19ef8f00c7039d6a454fd8156,cccd01f1efcc5315321cbbb59e5509e001c22df4d66c085f8153065f17f739e3,temp/motorica-hiring-data.json
temp/motorica-market-data.json,019491f3eaf5de9d1ff22936fc0713dc90264fba,11a00f69a58652f45a2f8ccedde471214e4b3fae75744175782856af866f9ee7,temp/motorica-market-data.json
temp/motorica_copy_batch_00.json,891b4710545365686c8885e7c35e416ed01a6a35,a037db0917b8f775a4dc1b8c2a7f3087c89eade11073e3dc921e5eb6d61c4a53,temp/motorica_copy_batch_00.json
temp/motorica_copy_batch_01.json,f12dd4492d0296ce49a06536bde24eb06e944d56,ecff62b8a73204f112ae895ebcd67ad05d3094f568607c2cb028f981b10b203c,temp/motorica_copy_batch_01.json
temp/motorica_copy_batch_02.json,ae0f52bd38cd6e2b71797660503439339b58930f,a11c9b54e57af37e9a53d77d56fed7ff9347a13bfa688584c74b9c0272152a2b,temp/motorica_copy_batch_02.json
temp/motorica_copy_batch_03.json,7c2014879aaed479b2852e92b1368453a5722f08,5ba451e8f991df2400a62bbe47ca77764cd19d3da9df3691b0b1358c669be0ef,temp/motorica_copy_batch_03.json
temp/motorica_copy_batch_04.json,1cf24babb5830769eb2cf633b0202bd39cea3201,4b635509761597e2c8b12e372771920b42b4299914943f1e7aec9ceabc44528e,temp/motorica_copy_batch_04.json
temp/motorica_copy_batch_05.json,ccfd6f335330c4aeca9046fe3d88965e47625b36,36e1d42b39a86523131cf2879f2a7555016c5e32d3490449aa5592087bf84ab9,temp/motorica_copy_batch_05.json
temp/motorica_copy_batch_06.json,77ad082f396e8c2ef646c4b0c238f7a3ee7c4906,0fb2f822830b9f684f4fee83d8938936b7af7fb459c109736f4e31f76f698409,temp/motorica_copy_batch_06.json
temp/motorica_copy_batch_07.json,fb552e72c523307259da40658666d53feb3c389e,b3cf95e479321112619d9385586d6cdc6292fbca0942dcf0cab40bbc993c1746,temp/motorica_copy_batch_07.json
temp/motorica_copy_batch_08.json,0bdfd5812caa7d78d136eb88e75dc4e41a35cfc1,c69027c26ebd8a2c0e821885342867321504a8793e3cbe5a726dafd7a74136da,temp/motorica_copy_batch_08.json
temp/motorica_copy_batch_09.json,f47449187efb5151f97f8f2706e032f587303eed,cd6e9c4fa97823bffc67d91332fd5dd5bf176e7396867afbbae1ff9a3826d6d3,temp/motorica_copy_batch_09.json
temp/motorica_copy_batch_10.json,60495368057dd7c0941b2c831a02a98b64a748f7,c436b08c6b29b00adadd2ba29d8b2c6602bdd22bcbda5b9b9db37903c85caf12,temp/motorica_copy_batch_10.json
temp/motorica_copy_batch_11.json,a881fe37da9bcfd508166b2dddde844636341a66,74dbb39e89d4fc8ba6c1c7fc64c189da8539fa773db398f76c27af6ade4cfe1e,temp/motorica_copy_batch_11.json
temp/motorica_copy_batch_12.json,f2f62aafa96ff09584e89965e019f3e277b449fb,f28c2f22705ef378f044305e443e2435318bd9c5fc89d21eca1dff26d5f5c0cd,temp/motorica_copy_batch_12.json
temp/motorica_copy_batch_13.json,c54aa69683f2cbffabf11437affb2a6d2dd607c8,d3f4e644d1e756bb058d333b962424a363cc39be6b669f753872decac066965c,temp/motorica_copy_batch_13.json
temp/motorica_copy_batch_14.json,af2d5a809ebd782ce1bc3f60da1412d070438afa,13ddfefec6a57b5cb48d1a7c1b76e1fcaf9bfb7401de008aac31283379ade5ab,temp/motorica_copy_batch_14.json
temp/motorica_copy_batch_15.json,c92f197fb02dbebb298b46809891de93a63a6b1e,302c650b18688e2a32c3ef0fc4efee3dbcef7b8575be9d8e08ae2bfea19f6d36,temp/motorica_copy_batch_15.json
temp/motorica_copy_batch_16.json,3ce0528c5e23558638d73c8134ddd6634a49dca6,810a821b0a458af6f98994fd047033050cd70652ed51cecf1e06695bb0c17d80,temp/motorica_copy_batch_16.json
temp/motorica_copy_batch_17.json,f1ac913ccf9e8af43c342ac793766b06d02e5ec0,5536d36d12352f4d50fe4dae22e284fd9e914c93d121fb87041785a8dbccddeb,temp/motorica_copy_batch_17.json
temp/motorica_copy_batch_18.json,801a5255ad38806dee91429c70c58d85e0030884,a06215e3d9ca45f57137b049bb03ac74cd5d942701dc884cacc3a92fb7f34cda,temp/motorica_copy_batch_18.json
temp/motorica_copy_batch_19.json,6ac6d106584125097d72c902b9727eb3c41d7f09,cbf8c9ce8625589f1f896e7b73d3f0fd5a0a1a5bad5ea0bb0ad8333f7452a896,temp/motorica_copy_batch_19.json
temp/motorica_copy_batch_20.json,93fbf71ed0725f771cd167231bfefa722ab9860f,d6854bab33c2ff0099593ae92586986e8ebdee0ba5df2b1e0828cf1346ded82c,temp/motorica_copy_batch_20.json
temp/motorica_copy_batch_21.json,135b9d5b0a3554ae7bf71dadbc5ac16f67f199be,f697c4f94534a92ca6bd2d7fc7ad2b741bb6bffb0fd9eecab9b1089596861310,temp/motorica_copy_batch_21.json
temp/motorica_copy_batch_22.json,46215355508087f9b23df413f3b2c73d820782de,95d0ca4bc77852b1d4349aec8cb0266389b24a9902ac28412e041dfaa79296a0,temp/motorica_copy_batch_22.json
temp/motorica_copy_batch_23.json,55401a372aeedea563fd51d888710aea8dc66ea6,1ec1996bcdb99d3104f1473d09f10b619f57a32d87001fbe6d1b6c84bb3d763e,temp/motorica_copy_batch_23.json
temp/motorica_copy_batch_24.json,4b690f07fbc219456e31a5c65a709c73c85737c6,caef5e7a7c950572fd3e903d188d1bf1b9300613690f35b4e3d2f6dd256d1245,temp/motorica_copy_batch_24.json
temp/motorica_copy_batch_25.json,ade8f13fce08067514162b458c8896ebf61a58f4,620e23c9810febefbc171a9e446fb76feae85528bd13334b248e12c7daac9496,temp/motorica_copy_batch_25.json
temp/motorica_copy_batch_26.json,cf6829ad8461bd1111ac1ed79cbe8b1d3e418887,3c24a8fbb02ec3a4f8f5682700b76d4638c836f38b70d5c95ebb5098aeb4b47a,temp/motorica_copy_batch_26.json
temp/motorica_copy_batch_27.json,4580791b90ffb8c8103cef91d2b0887da2848044,e4d59e09b7a3beea07a1efed840508f7dea7df1cb888c73974815eda3abb71e1,temp/motorica_copy_batch_27.json
temp/motorica_copy_batch_28.json,565d7d48ca1715a443fca62938ffe00b6db734e5,0169d352985620ea7f435946a943b415c96bb3e6600fd29952d83914682cde84,temp/motorica_copy_batch_28.json
temp/motorica_copy_batch_29.json,dabdc7d12c77deaed894fcb68cfda9f1c142f2b3,3b3865d442a08caf00b3bd1fab38d11ebbbae4b12ea3d77ad7638ea0f04df5e2,temp/motorica_copy_batch_29.json
temp/motorica_copy_batch_30.json,e5c1ea9b0eba7d3e21bf52fa28a33c54e1cd6342,1e277f62a09b3123fe0d4be077c19d03c72b769b0fce3d49b444c45c6a570e8a,temp/motorica_copy_batch_30.json
temp/motorica_copy_batch_31.json,73556edff64295495f605dbbc309dc5fb176211d,682b8bbaf285e34c3685bcde698bae63c2fad25295061f5bee86868e1033778a,temp/motorica_copy_batch_31.json
temp/motorica_copy_batch_32.json,5cf74b100d0cb68b8ed6b88996d7aa9620a9e036,9cd20233afc0a2a11ad78bbb199cec70a3634ca66788cb8a1e8dc7ab67e8c454,temp/motorica_copy_batch_32.json
temp/motorica_copy_batch_33.json,9ce04d6a0070933792759913d71764c4dca9f673,f121da5ad1200cc47a0ae8150a5681d96e5e29b2c07f059e7e847d10db77ec44,temp/motorica_copy_batch_33.json
temp/motorica_copy_batch_34.json,4b00c3410c09e1c253a14c2f02892881206059d3,408b82f807fff307438b05d15bd3eba891fe861c109b5a0a88160825effd21ee,temp/motorica_copy_batch_34.json
temp/motorica_copy_batch_35.json,ebb0d1c2577156a27b683808c5b13a4b01c71391,c2bc49f7cb818a3fd27b77112ee60b6475c1b95612af7b77b86220457fcd80eb,temp/motorica_copy_batch_35.json
temp/motorica_copy_batch_36.json,02815d6cb6c24515f13560a992828fba36df9c85,42c3ff696f87890cc96122c5b766dcedbc2dd54d5d577dbc564aae94270c6859,temp/motorica_copy_batch_36.json
temp/motorica_copy_batch_37.json,c05680b96e7faadecf0f12fc58b5589bf923e4c5,7f7d1dffcccfcc86b2b8ee43fb18b106f4c81640478ede645cb69721525602c2,temp/motorica_copy_batch_37.json
temp/motorica_copy_batch_38.json,85a50c09d7e0fa2c46798e9814fa3f7a3bf54071,63ee0d6798e5ecdb5be1435bf5f3e9bb18dc3762c037ca4d050eeb8073a6c5b3,temp/motorica_copy_batch_38.json
temp/motorica_copy_batch_39.json,e2b586148bae8ddae846b4fc777bd965d5949549,17730c42ce3cdc5c68d069208c8c988bea5ee2cc0dacea81fa86c758b787fd01,temp/motorica_copy_batch_39.json
temp/motorica_copy_batch_40.json,1ff8b6493f986fb8d0f467ecdcb1c6c0f25cfe11,0e128664faa2bcf6bdaabaa25f0014c4ac3d5d9f8fb7b3c00dbe5fd074972f65,temp/motorica_copy_batch_40.json
temp/motorica_copy_batch_41.json,2c3826b7c6739eb801e8202387583627c9624ef2,ebf4b289b3392d5c5328c8fa16f2b8d3fe18e9f2df58913caf5efdb0712ee108,temp/motorica_copy_batch_41.json
temp/motorica_copy_batch_42.json,77f358f09a61621ef6c7c0530c435d80acb21106,280659af650262ca36f1b219363e5d2600b415644cbca6cd4256b6551bc87a74,temp/motorica_copy_batch_42.json
temp/motorica_copy_batch_43.json,59c03e47423f0f444afd0cde441e4283f49c8157,59cb9670812227ccf2db2c8aa8b303a307632d617e7d7e4000a13a620bbb2e30,temp/motorica_copy_batch_43.json
temp/motorica_copy_batch_44.json,680a8982406a86944fea08a2fa61de85823c1c70,bc489497432acc946509a161be9262b86659f630f802b3ba5830b8a62b3bc176,temp/motorica_copy_batch_44.json
temp/motorica_copy_batch_45.json,f4937607a2a52786397a125051eff31a22b6207c,212c6de1456bf4c50ba7bfc6a3d2c2f45baabe2247aa0919314b81e3c2e4256a,temp/motorica_copy_batch_45.json
temp/motorica_copy_batch_46.json,c48d72e4234652c449c0a568fbefe6aca4c3bbf4,00dd93406efe8ae2c1059ca41a7fec0cf0a5bc284b771bc41502597711c98934,temp/motorica_copy_batch_46.json
temp/motorica_copy_batch_47.json,cdcf90f7433e51739733a5a84fc155f4a8937182,4470988716760eb8dab71cf85020d38ea16e4fdbbbf64d871385b0f591fbed2d,temp/motorica_copy_batch_47.json
temp/motorica_copy_batch_48.json,68fe61fc1dea7cba955e0a9014de281b7f2ceae8,f89db1e46194ee8726dce0c4e32ff8059d1bf87ab2397a204076aa2432eb5280,temp/motorica_copy_batch_48.json
temp/motorica_copy_e1_batch_00.json,d99c257ff0fc0bfb81b4f62fc03f4e9ab62e1301,b54708c2441d685a5ff5fd2ea96440a66968a6eb28e659d1f5681a075707f143,temp/motorica_copy_e1_batch_00.json
temp/motorica_copy_e1_batch_01.json,cd4e6eec94ca39dcff4cf75ba2b80100f5b0b161,b1e0b0fc6f076350a1624e49429f515247c8026db37b8f97e9db3a1d32990be2,temp/motorica_copy_e1_batch_01.json
temp/motorica_copy_e1_batch_02.json,a1a9e5e0a5e2c7979f3e04d36dc86954a999f2df,53806346d75703c9235cc3956db09aa432b841c3977ecc4f3d3bc8b6443e76a7,temp/motorica_copy_e1_batch_02.json
temp/motorica_copy_e1_batch_03.json,6343fee0a6933036cc1a3058ab9f1c926a50f2af,a7986a7f2afedb55d38af9cf680c480d83616ac0007fda8c2d36d0746c187e08,temp/motorica_copy_e1_batch_03.json
temp/motorica_copy_e1_batch_04.json,e4d00058b27232ab888702fedae438995ea4353e,5d51ad68e665e36679b1db2f809c3b7b957edcdf2d2e9238b03975a034bd660b,temp/motorica_copy_e1_batch_04.json
temp/motorica_copy_e1_batch_05.json,36d58d9bdf4097c4c8ae6fe159e8580c692ae864,dadf62bb3de6cbeec4c36bef04f888a5ce3f39ee0866dbaf3660c006dd06aae8,temp/motorica_copy_e1_batch_05.json
temp/motorica_copy_e1_batch_06.json,271cc2a91e0dd8506dd6cfcabe0dad7b95660fda,1403d884074a4d732f6e3d260d1811f9dd56dcb0c358c4b3958d262219857711,temp/motorica_copy_e1_batch_06.json
temp/motorica_copy_e1_batch_07.json,a3c6fff437b2ad7f811c99d7328611c26901c512,8a36635c7396c36da2f9a07a589e68a5d2a046827a6530d9ec5ea09232372352,temp/motorica_copy_e1_batch_07.json
temp/motorica_copy_e1_batch_08.json,7b26702d75a3191b465f03459cd35a909d252339,1e921a8ae8cd99b09bf5f217190d8744b32d0c38d19e0446bc64da7d3a57906d,temp/motorica_copy_e1_batch_08.json
temp/motorica_copy_e1_batch_09.json,2f09481a35e917df120f6861433bee5a72edd6a1,1875e13ac31f9833ad6fd70158c8e1a7db1f3c319bdbb0144a321376b3743cec,temp/motorica_copy_e1_batch_09.json
temp/motorica_copy_e2_batch_00.json,cc67efe91501f5ea77a3fb6498423ddec5db1763,8f75c03a7a627c475e497e2d5e3c8a67351ac2ee31cddf0b6c3c479ce01d70bf,temp/motorica_copy_e2_batch_00.json
temp/motorica_copy_e2_batch_01.json,f40f77d1e37ecc85285730359ec5b2630cc0f433,4c26aadc4bc78825754e0eb53f0e3a2a2d78e2c90c7f494960b865be79948c53,temp/motorica_copy_e2_batch_01.json
temp/motorica_copy_e2_batch_02.json,22a7198028522722220f944ad4bb9f5d6f0c31c6,3f124c7eb7c09bd3903b0208e3d6b2f9ce6feb4729c41ba6dd41df414317d6bc,temp/motorica_copy_e2_batch_02.json
temp/motorica_copy_e2_batch_03.json,77e7545feb3aefa91a107661a93859da4540c872,7b1b091e01d1ab0f87f72804617776e5ebedd911a17f2d353ebd1f8eb80ee9cd,temp/motorica_copy_e2_batch_03.json
temp/motorica_copy_e2_batch_04.json,6077f12b6224c4d4c5915667faf821cb7cba2e1a,5c80bd22771f9aee1e95515359e2f301034f3239fdaa81cd7b172c0715199d7a,temp/motorica_copy_e2_batch_04.json
temp/motorica_copy_e2_batch_05.json,d70f5ac75c1b6c9de66643d3cd87d2fa958e1acc,1198c11eb733163c502f8267bb823d9f055f4249169551bf75008db86942f034,temp/motorica_copy_e2_batch_05.json
temp/motorica_copy_e2_batch_06.json,0c88de8b20a452877c38211b865c650e7f82e3e9,1aafdc6cec655df00cf2fec0bf6efd9ccb3993d170db0a12b3f256d68885c512,temp/motorica_copy_e2_batch_06.json
temp/motorica_copy_e2_batch_07.json,e810fb5cbf7bd298c28d11f24d6ba0881c2f5cdc,c5de0f0c2f5a084bfe2eedf6967517ec7a7d83c8ebce3e3ca23e2390544eaa23,temp/motorica_copy_e2_batch_07.json
temp/motorica_copy_e2_batch_08.json,7cdaae6f31a897998df7bc8add3663c35cfe0a2d,13e50a52d7b292553454bac12e16f161a0cfac86eefb0f6db4ec9a1219f66379,temp/motorica_copy_e2_batch_08.json
temp/motorica_copy_e2_batch_09.json,c95ba6df1fa4b0e96f1b136beaa9693e4acc94ea,3b04084e4666f5bc96bd9b8a0b57c7d25a41fa55a4c9a065d190447dbed9b779,temp/motorica_copy_e2_batch_09.json
temp/motorica_copy_e2_batch_10.json,2baa4d071471cc6ff09d8eddeddeb251b6136d1e,acf05ade1b40a6c7ed8e3b8baf95e6be6f7d61148f3f22d3360544b6e8702266,temp/motorica_copy_e2_batch_10.json
temp/motorica_copy_e2_batch_11.json,5f5a7cbb93b84acec1a0a1321b25013929b83634,fd50cfc757d1ec5ad6683cb82030c2666a638ff275ef06c81296862f32ba26db,temp/motorica_copy_e2_batch_11.json
temp/motorica_copy_e2_batch_12.json,aaad7038c9036f11d02efb35d5e0355a9d295393,da9be1ee69972b8f2933935888c86da3d55d83be42a2b2368ab62de0b416cd1e,temp/motorica_copy_e2_batch_12.json
temp/motorica_copy_e2_batch_13.json,39a5a5be14b31626078f722f9ac79347c98645b5,79f9471807d2de334b7b74fab52a5ddf27eee0d7f66fd085a187394741e6c420,temp/motorica_copy_e2_batch_13.json
temp/motorica_copy_e2_batch_14.json,bed922658af9059ae865f0f9619edba682b4f671,c5e04454d3661872a2ed16c799151e500a6ef4b99ec1cf77c3e91cb0fff8a949,temp/motorica_copy_e2_batch_14.json
temp/motorica_copy_e2_batch_15.json,fb7b5b4dfb1dbb9c10548e420ae5639186d05753,022d23c97e536653a54c3ecbea4afc594dea14f76397378d32237f963a227764,temp/motorica_copy_e2_batch_15.json
temp/motorica_copy_e2_batch_16.json,f1a919a70a9581aa79b40839cb66178abefc94cc,2c46753c36e4a1ab114f91a8b4f3bb322ebb7418cb8dfb23975995956612aeb2,temp/motorica_copy_e2_batch_16.json
temp/motorica_copy_e2_batch_17.json,407ebe73ecffc80daa08d3e29c6370985a553b3a,7224189d1a9b22a8742720dec78cddb903076de0e2047a1cfdbc0731fca36e45,temp/motorica_copy_e2_batch_17.json
temp/motorica_copy_e2_batch_18.json,a054efc5e7371a7ee5211da5ecb55d9adba3211d,8705807b4c9e677cbff461211363cba1570764400eaa4a53297b98d11f91d72c,temp/motorica_copy_e2_batch_18.json
temp/motorica_copy_e2_batch_19.json,122351fd4155cd0519ea4d0acdd3f08aeaf83555,08753df4aac20c0aa93176861c69f89da427cdbda3fc86ec020329f4ac5bf6b4,temp/motorica_copy_e2_batch_19.json
temp/motorica_copy_e2_batch_20.json,ed6ff243ddaf4fbd650dacb4af1cc6c67dd2dce8,11814a253e6ddfe00651ed2d707fc656b4032bcb013084b83baa60f2f947b2fd,temp/motorica_copy_e2_batch_20.json
temp/motorica_copy_e2_batch_21.json,a1c2e63e36d025265910d025cbffb6f2cdc24c2e,c1e11311b713f1e6dd841e3a7c74ef4bcd9654f0fe97886a64dca1a9bfa03394,temp/motorica_copy_e2_batch_21.json
temp/motorica_copy_e2_batch_22.json,48bb7a1baf779df6ecfdf0a0c4005b3208265762,1eecd0e79b2e365819adc69191e5132bc34cabf03e9493a31dd86d8479ce546c,temp/motorica_copy_e2_batch_22.json
temp/motorica_copy_e2_batch_23.json,cf360f2b6f737da0fb243136923998dd827606ef,3d179160c69bae094a2b1a2399f5128027d10dbb1bce90211be7a5f137af1cbe,temp/motorica_copy_e2_batch_23.json
temp/motorica_copy_e2_batch_24.json,0e27eeabb7cc1759213d621f40508b685666ec23,7be8ce8912fc69d6a8523b3951c97cbdae99d6f6f219c4f91eb76856d0e01630,temp/motorica_copy_e2_batch_24.json
temp/motorica_copy_e2_batch_25.json,af93dda4e273a01c0fa2081c9a74b87cda47b5e4,a4754ae9687f619c2042dedc90c4785ac6f607872d54a802551e402e97440f5b,temp/motorica_copy_e2_batch_25.json
temp/motorica_copy_e2_batch_26.json,2e094bdc0411f98bbd78841e636598ef31eb3126,856e522d0e4e62f0aea0499f660d9f1f839007e32707dfcedebcbca2360f598e,temp/motorica_copy_e2_batch_26.json
temp/motorica_copy_e2_batch_27.json,13601345591ed796a6ee29986c126f6982274cbe,3939b0fe20b3c924fb39fa7c9bd0140f6e9203918a9d0e6bcd7ef1097ac0ff1e,temp/motorica_copy_e2_batch_27.json
temp/motorica_copy_e2_batch_28.json,43077d0fdcdb5fba1da1fe0f229026a428624bda,49acc716d35956740db5a26d22a53bf22dc0fdeead3344cae6e268e93e38aa5b,temp/motorica_copy_e2_batch_28.json
temp/motorica_copy_e2_batch_29.json,bb91f52d53b18b5c59a818f4ea55e4fada5eaa0a,70db6cf93e3dccc1bc94c84f934a51fd96887fe600f69a3befae6f912f6fb0f1,temp/motorica_copy_e2_batch_29.json
temp/motorica_copy_e2_batch_30.json,43e61fb11273a505172403727014f3c75ec25d86,a8a6ee337f15f971bbdf612da56557b926b01063c98740c56552651db8763348,temp/motorica_copy_e2_batch_30.json
temp/motorica_copy_e2_batch_31.json,b06893b622c0003321f98b704165575b0a867665,72af30de119e8328d2d7cbee22196b468fca9cf5192cbc4f16895cdde5f9caa4,temp/motorica_copy_e2_batch_31.json
temp/motorica_copy_e2_batch_32.json,c3c44f54e2ddc4f54d7a7ffda6e9891fac087971,10749bb15331487809d911e28951e57cd444bccbec031c619ff7080b5855773a,temp/motorica_copy_e2_batch_32.json
temp/motorica_copy_e2_batch_33.json,5ff4f2137dbb78df1473f5b3dfbe8029ef16b17b,1d15edfe8a4c83fffb230855b6bb9ffc941c2ce6d9aa78b3c64ac15f6bd7324a,temp/motorica_copy_e2_batch_33.json
temp/motorica_copy_e2_batch_34.json,a563f9b8b968d84adf9b7f3db1b1e80ab66cffa6,17c990ec1a086abc153ce2b47edc3f17cf9856024dc2c56c9980047bff584983,temp/motorica_copy_e2_batch_34.json
temp/motorica_copy_e2_batch_35.json,e315fa4740f79d0a19f074384f49f7fb2fca6c04,6248526c7532ee21c87ea05a1dd0a09695c2a3722ae19954e5c6e5ef2f8154f8,temp/motorica_copy_e2_batch_35.json
temp/motorica_copy_e2_batch_36.json,de76b343be48f4410d4b7d770654661eb9e00209,287c85a54facd460d0433739a22319e8eb64b8baddd15983a95a3f25cca3a3b0,temp/motorica_copy_e2_batch_36.json
temp/motorica_copy_e2_batch_37.json,5f5abe6eae47663b94dc8d470c02bbb71c64a787,ff3c101b526420e1a76e4c8d7da4d55df420893d90b5859a4de26b77b4811aa0,temp/motorica_copy_e2_batch_37.json
temp/motorica_copy_e2_batch_38.json,c00e668a4156383a60ef422260efa603ae2f1959,72db5a9130eb302c906dd2ddae6b0b21bb2c8f89dd28a18858dfe54249e2c83e,temp/motorica_copy_e2_batch_38.json
temp/motorica_copy_e2_batch_39.json,4cdcfc23ecf306950d86f2cc83255da678fae7fa,a039d138b71a407d2c1bca0ed0804b4c207caeba0d98bd9a09bc0e56dc58d1b1,temp/motorica_copy_e2_batch_39.json
temp/motorica_copy_e2_batch_40.json,f897df8252b630a51d9a19fc49a68a4e585271ff,c38891f4d7233e29776067ad6d53b14a25d8c4b02b99fcba585acc51bc7925ff,temp/motorica_copy_e2_batch_40.json
temp/motorica_copy_e2_batch_41.json,c49d701fd9ba8057be075c5be2fb0abc702af9cf,100fb1da5a4648dd73008650dfc1d8248ebfd250292bd49cb8d74781d362700b,temp/motorica_copy_e2_batch_41.json
temp/motorica_copy_e2_batch_42.json,e86f96134ccda2a1867b3f88f4d6d398733a08b2,9e62855a235c39f2b1792191156f435ecfeceff6bfe9eef59e11f41d201cf0cd,temp/motorica_copy_e2_batch_42.json
temp/motorica_copy_e2_batch_43.json,8a5b8e19b1efcce64f5ea22aba1eee60872a97d2,594fed28bc598ee6df04eae146dbf193781a0d2ee7d12cd58ce86849c3f427e8,temp/motorica_copy_e2_batch_43.json
temp/motorica_copy_e2_batch_44.json,ef671d9916560a10b1f3925ea2c22a13420b69ea,51d2959f65f524cfca2ad34ab23d4be1d27108282cbcf86e9f847960f7634423,temp/motorica_copy_e2_batch_44.json
temp/motorica_copy_e2_batch_45.json,c03625e15ed7ec14ea11d78924ac3ad1fd9ff457,58126ad2fc4c8afbc2143edcf44bc50ba833ac6d0035a69d8561686fb73592cf,temp/motorica_copy_e2_batch_45.json
temp/motorica_copy_e2_batch_46.json,0c2e14cb5589b0e5a5611a3018e064534798e553,edea070ddbb203fd7b4d12c5db0352f430e94d5b5ef7abc90351723c1c426ad1,temp/motorica_copy_e2_batch_46.json
temp/motorica_copy_e2_batch_47.json,317787044ca252459bc447940f57444a9c755ae9,bc323b15825593cdd6f64ed1bb5568546b3ee746ee782ab16d8c6bf079e55a19,temp/motorica_copy_e2_batch_47.json
temp/motorica_copy_e2_batch_48.json,4805bda86ede6c5ac874598a103adabe3532d07e,369f59657b2d16011f1af61aa8fcff7873dd45437413892b2dcf28a29a3f7d9c,temp/motorica_copy_e2_batch_48.json
temp/motorica_linkedin_batch_00.json,022df752eb0670d23d39535f7278264af651d239,91e4086bd451a0044f22a1274bed01469733a689a56d7b61f5bff7558cf9a998,temp/motorica_linkedin_batch_00.json
temp/motorica_linkedin_batch_01.json,b68cec3ec92345c94686784ffff0f19f502ec3d8,79108675246817d0ca8b537155a3ebe8e948ead05469d722abbab85ed81112e5,temp/motorica_linkedin_batch_01.json
temp/motorica_linkedin_batch_02.json,c28fcad82baa25e4a400884fe0fe97339b2878dd,0919f0b2dc2d716a2765a0a92358b4abdcaa2c3c63e38b9bac1b98d88668d77b,temp/motorica_linkedin_batch_02.json
temp/motorica_linkedin_batch_03.json,62c8fd2462628a2840bfb8af91d7711fb22678a5,dd978abed4eb46631ba75971522dbc4910b4c4e9c878e425fa7c8eaca3311fa9,temp/motorica_linkedin_batch_03.json
temp/motorica_linkedin_batch_04.json,663c2d6229d7f7945d063a659c047135c3523e6e,402bc35be68f31dac8dfa3900de9ad0bcc8cec98a162ca05a4ddd5c2fb577284,temp/motorica_linkedin_batch_04.json
temp/motorica_linkedin_batch_05.json,6bdeb415b16034f0ce96038fe849c5fad6de8b6b,5c4c7a8812cf91847228d763030fdaabfdb61ede3a39e2aaa7fa481e51fe60f0,temp/motorica_linkedin_batch_05.json
temp/motorica_linkedin_batch_06.json,dd6b1b86d46dc5304e310c7d5e184410c59e8f22,3de2a3818439deff2ba2ebd8ce55498257af81a68291728dd91255e278dcaa81,temp/motorica_linkedin_batch_06.json
temp/motorica_linkedin_batch_07.json,febc7d74ed03363b822ade794b384c71852f7fa9,e85d3d6c20c08a2b270a06fa75f0980219b5def79513776ed61b2ac6dc50a821,temp/motorica_linkedin_batch_07.json
temp/motorica_linkedin_batch_08.json,d96231dc854c3981418525d7cbb22b7f20fb2c0d,4fe5d58cb99effff535acea42187f963b405200a00ad649b2fbe9e24bc9057cc,temp/motorica_linkedin_batch_08.json
temp/motorica_linkedin_batch_09.json,e6a750767baaa1925032faabed802ae619d1dbb9,cc357e07a4dd81cb241334f1c881acbaca29dcda016a53522be92ebb5a391852,temp/motorica_linkedin_batch_09.json
temp/motorica_linkedin_batch_10.json,0f8c78e8badce62ad3d35512f64602455885bc63,4654383f95021cead83601e399bfc9ab64d74dc489c496265061f83a5bdb3b5d,temp/motorica_linkedin_batch_10.json
temp/motorica_linkedin_batch_11.json,d899af9e2ec8568e33a7803da18e96d956c1e8d2,9551974afa1cee2fcd28afbd07ec8019f3a02578d09e75d721bdcc639abffdc4,temp/motorica_linkedin_batch_11.json
temp/motorica_linkedin_batch_12.json,1919cf737446c11fca229d1999bae19900d6acf1,f731b5bba042932ae27601b056df25022b22f298d125e410609f4548f2be2553,temp/motorica_linkedin_batch_12.json
temp/motorica_linkedin_batch_13.json,68fedf2a944f40c21435632782db95d44720d691,b2db0bf45cb136463c8543dd0d0da8441cea3da95afd42105b90688a674cbf91,temp/motorica_linkedin_batch_13.json
temp/motorica_linkedin_batch_14.json,d526056d6f9f11bcce157172146af9294a64f21d,df5f1e08618fa29b8bedb12f34aff5cea979fd9dad68e70ba82c3ac2b9a82419,temp/motorica_linkedin_batch_14.json
temp/motorica_linkedin_batch_15.json,269a157b8774fabd413d0f30c093a849e2857dfc,d5e50a10a2a734a6f5d6fe4cb2d28e1dabb99ac0b3f3f5be66996accd1bd974d,temp/motorica_linkedin_batch_15.json
temp/motorica_linkedin_batch_16.json,27ce4639c2349fb6b2079dc9504a7fb13269c7ca,f408603d835920bdf9ba3f5a2dcde87f5538cbcb86843a21db15107e8fe87ff6,temp/motorica_linkedin_batch_16.json
temp/motorica_linkedin_batch_17.json,a9ee7f69c9c50a6f2a8c967228d865a6b2bc5615,934d41a49bad8120e81c110e9420f8d2ae1f2f45815a39f8d995eae23bc31906,temp/motorica_linkedin_batch_17.json
temp/motorica_linkedin_batch_18.json,95b920fb1eb3275822ad49d9552be4c0c9292385,fcf4f27d6c3e7032505759ee38ba7c12681daa26ea0240d8639b6d7b0fb07d27,temp/motorica_linkedin_batch_18.json
temp/motorica_linkedin_batch_19.json,08dce7410bdfa1485bb4131307816432e58508ab,4b3a6994b1fb78c828e67aa06caf68b8c48e69b654aba496ab2ad7ced3a94650,temp/motorica_linkedin_batch_19.json
temp/motorica_linkedin_batch_20.json,bdbf76217abc70b4c691dc0985d53a62f26e6df2,2772653303cd5e2d48a14c21680dac5ed8fe4d69a6de354dc8a0cc7fad947145,temp/motorica_linkedin_batch_20.json
temp/motorica_linkedin_batch_21.json,af046b1d8538a98d266573886bfe48516e8fe43a,ca80128fb54007e9988c82a48fd556c59b28bc1a649ca847d753e42c989b7c48,temp/motorica_linkedin_batch_21.json
temp/motorica_linkedin_batch_22.json,9c6ae687bb03013d141d28b5f39e037f69a5b9d5,56a805455673b6d79c5e103bf626c819f51786bd44dedb5a66489717069f9a19,temp/motorica_linkedin_batch_22.json
temp/motorica_linkedin_batch_23.json,6a9ff1ee908e581ec43707796bd13691adf05b7f,2d3913590dc4df6f96c33ed2b4e8bb0c9fcd081c59509390510f3cbc3d3d3e0a,temp/motorica_linkedin_batch_23.json
temp/motorica_linkedin_batch_24.json,eee69b95c6428e50975a5b9ea81ad3cb91253cfa,4bdeb9f70c71f35e6a8f6a4401d69078c7061a551f12aab353f0091b46539066,temp/motorica_linkedin_batch_24.json
temp/motorica_linkedin_batch_25.json,c79e87ab88938f4ba73b11f614cbba349b48d4ad,f3f891b56acd4ebde96363ce1f94f8c7197c7ad303e3b3541a74adb6a48f2d4f,temp/motorica_linkedin_batch_25.json
temp/motorica_linkedin_batch_26.json,640da6b96934725bf72c49a29ce5001ab4836503,96ea58a1fbf5826f6e572673fa4e0a0ef27d9016c625cd078843d94c1dbf2f23,temp/motorica_linkedin_batch_26.json
temp/motorica_linkedin_batch_27.json,d448a3bca5af35dbb83ead51aeb2049433592cb4,f9982c06c1df33235937664be3bddd5ad1e5c1f97f5ec08b00762e9ca908e7cf,temp/motorica_linkedin_batch_27.json
temp/motorica_linkedin_batch_28.json,3c3a3df6890c7682f09c74a6c1526cf8da792eb6,f79e3fac56a3d1d4a99328744f8cfcbec78c4122bcff3615ecefc0bbd73c180d,temp/motorica_linkedin_batch_28.json
temp/motorica_linkedin_batch_29.json,1b5ca8873cfa92b37703aabdbef4cfffe79ee371,79bd71626466fc90ae783e2e7f03ef07d602a70b89a159be18c4e104fc7222ec,temp/motorica_linkedin_batch_29.json
temp/motorica_linkedin_batch_30.json,e0042daa4918f205512ce5ee35113c5a5184baa7,9df4e42c707d6811f4bc1c2b69c437f8be2115d9f598586ba713cf074742e10c,temp/motorica_linkedin_batch_30.json
temp/motorica_linkedin_batch_31.json,a7303723c5d8ef66e89150053817a90469da1d59,235949e33514694cbf3f8785b45dbb4683e1f2a0496468371a751c4737c1efc4,temp/motorica_linkedin_batch_31.json
temp/motorica_linkedin_batch_32.json,f6bbadc3ef4fe8e509938bac18f5e61f5d1196c5,e6acc8087b61246b256ad84c44c82d69cc89b850b140c2323cfcabb6b4f8e9df,temp/motorica_linkedin_batch_32.json
temp/motorica_linkedin_batch_33.json,f51fd5d5d9fbff027c52104ca18e179b7fd573d4,f198f7e5d886f6491b52b6f1779ea3c06dc1d3eea991e1158f26ad8fb75080bd,temp/motorica_linkedin_batch_33.json
temp/motorica_linkedin_batch_34.json,d972825da05452ec1a6053e9e004e6a7385e1cbd,d0b135efda18380705164ca9fb15e27d43cdeaf7ca3bc89b75dfb2d2dd016d88,temp/motorica_linkedin_batch_34.json
temp/motorica_linkedin_batch_35.json,2de1e354806f0520da2db0aa82459062326244bb,c7b75b487848ff0f03243186f0c6aa5298cfda42d4e78970aa811e23bcd9eda6,temp/motorica_linkedin_batch_35.json
temp/motorica_linkedin_batch_36.json,9433c1b0dd999167e178690a8d5f3d16eb21189a,684a790dbb47ae307c8f923f5eb1bd533b32a2b891c9fc1f047ed00187fef976,temp/motorica_linkedin_batch_36.json
temp/motorica_linkedin_batch_37.json,2b35e88d2b7a2c39128dd17f8267f31e5da9d7cb,2917d752113747b153cdd9a60fe2447e350f7893586daed57221b5615613ecc4,temp/motorica_linkedin_batch_37.json
temp/motorica_linkedin_batch_38.json,04d88c995b393d5700339811fd796f4fcf4a57b3,195413bd9e16fdfad06389680cfdc3761c4baeee480cfb7106b709924a630a8f,temp/motorica_linkedin_batch_38.json
temp/motorica_linkedin_batch_39.json,0cf7635506827e88ea58194b67c6c94e83c5b911,b8b00e38031cd54c8a5ff338688dbd86a7461ef8ab5ef5529b8af0fa71166b55,temp/motorica_linkedin_batch_39.json
temp/motorica_linkedin_batch_40.json,ccef564b4b5364e67b92b2a9c870d3a5a25695ec,89ef5a5b69ffe3001aa69ba0f68d37de4f6628bc64a36198a4e3d6dff27a0b50,temp/motorica_linkedin_batch_40.json
temp/motorica_linkedin_batch_41.json,24e9635f04159324567ebad07d5147fcc569775a,7d781efc92089650762a12b19720f5bf05272cf2bba0254f5b3902364ff1ab4b,temp/motorica_linkedin_batch_41.json
temp/motorica_linkedin_batch_42.json,6b3b303ca05629bd09773b4c9408d67af6c9179e,1c4dc0b43f450e34d2bacfeb0ff9fbba883fa8850a3696cf4a0519b8d73fdbc8,temp/motorica_linkedin_batch_42.json
temp/motorica_linkedin_batch_43.json,63e33b3b521c040bc77c0b189dc68f9d1121d5e0,71fa01f08a470c2c50f9985576c85a0df7228a3ae0d1b2babd0810713beebf18,temp/motorica_linkedin_batch_43.json
temp/motorica_linkedin_batch_44.json,983af55ccff29b523815ee337bf8f86586e8a9ce,51ae815f29ee03ba28bfc21e8eee7f30d735dfd0fef499655eda6a2efabcf67c,temp/motorica_linkedin_batch_44.json
temp/motorica_linkedin_batch_45.json,bc06773cb1df092560dc059de3fc95f9e8d605ba,831b3d2711d32d9df5929d7bf617c81f55345fc3aad18356a6dcaf973aad7497,temp/motorica_linkedin_batch_45.json
temp/motorica_linkedin_batch_46.json,d7a8d176f6f9d9b816de667111211aa8f03e5875,e5d5d76413f0c8f90a1319bbe57c249419d795b186455541ca215695e9254f07,temp/motorica_linkedin_batch_46.json
temp/motorica_linkedin_batch_47.json,2573a360a6a3b96f915aabe3b0ef40767db56b04,d45ec65e48dc0ea32dcc78824640da09b67bd8810eefb6e13e06196eed7ee365,temp/motorica_linkedin_batch_47.json
temp/motorica_linkedin_batch_48.json,1e1fe6b7ae1c9c7f01c2c171a532d247318ee6ab,ca7a322e195b72e1e76306ef8bf9206da04014bf2538d208f2dc8a3d50b4839c,temp/motorica_linkedin_batch_48.json
temp/motorica_qualified_leads.json,609a720fdd33888b60fa03c9904d28d1d918bd12,64a36018a964ac45d2873cb55ec99807b2e9f6a5c7791da5de578cfd2b10eeef,temp/motorica_qualified_leads.json
